# Race ratings. Fill `rating` with: Safe D, Likely D, Lean D, Toss-up, Lean R, Likely R, Safe R
# (Tilt D / Tilt R and Solid D / Solid R are accepted). Leave blank rows blank. Delete sources you do not use.
# To activate: copy to data_store/manual/race_ratings_2026.csv
race_id,source,rating
H-AL-01,cook,
H-AL-01,sabato,
H-AL-01,inside,
H-AL-02,cook,
H-AL-02,sabato,
H-AL-02,inside,
H-AL-03,cook,
H-AL-03,sabato,
H-AL-03,inside,
H-AL-04,cook,
H-AL-04,sabato,
H-AL-04,inside,
H-AL-05,cook,
H-AL-05,sabato,
H-AL-05,inside,
H-AL-06,cook,
H-AL-06,sabato,
H-AL-06,inside,
H-AL-07,cook,
H-AL-07,sabato,
H-AL-07,inside,
H-AK-01,cook,
H-AK-01,sabato,
H-AK-01,inside,
H-AZ-01,cook,
H-AZ-01,sabato,
H-AZ-01,inside,
H-AZ-02,cook,
H-AZ-02,sabato,
H-AZ-02,inside,
H-AZ-03,cook,
H-AZ-03,sabato,
H-AZ-03,inside,
H-AZ-04,cook,
H-AZ-04,sabato,
H-AZ-04,inside,
H-AZ-05,cook,
H-AZ-05,sabato,
H-AZ-05,inside,
H-AZ-06,cook,
H-AZ-06,sabato,
H-AZ-06,inside,
H-AZ-07,cook,
H-AZ-07,sabato,
H-AZ-07,inside,
H-AZ-08,cook,
H-AZ-08,sabato,
H-AZ-08,inside,
H-AZ-09,cook,
H-AZ-09,sabato,
H-AZ-09,inside,
H-AR-01,cook,
H-AR-01,sabato,
H-AR-01,inside,
H-AR-02,cook,
H-AR-02,sabato,
H-AR-02,inside,
H-AR-03,cook,
H-AR-03,sabato,
H-AR-03,inside,
H-AR-04,cook,
H-AR-04,sabato,
H-AR-04,inside,
H-CA-01,cook,
H-CA-01,sabato,
H-CA-01,inside,
H-CA-02,cook,
H-CA-02,sabato,
H-CA-02,inside,
H-CA-03,cook,
H-CA-03,sabato,
H-CA-03,inside,
H-CA-04,cook,
H-CA-04,sabato,
H-CA-04,inside,
H-CA-05,cook,
H-CA-05,sabato,
H-CA-05,inside,
H-CA-06,cook,
H-CA-06,sabato,
H-CA-06,inside,
H-CA-07,cook,
H-CA-07,sabato,
H-CA-07,inside,
H-CA-08,cook,
H-CA-08,sabato,
H-CA-08,inside,
H-CA-09,cook,
H-CA-09,sabato,
H-CA-09,inside,
H-CA-10,cook,
H-CA-10,sabato,
H-CA-10,inside,
H-CA-11,cook,
H-CA-11,sabato,
H-CA-11,inside,
H-CA-12,cook,
H-CA-12,sabato,
H-CA-12,inside,
H-CA-13,cook,
H-CA-13,sabato,
H-CA-13,inside,
H-CA-14,cook,
H-CA-14,sabato,
H-CA-14,inside,
H-CA-15,cook,
H-CA-15,sabato,
H-CA-15,inside,
H-CA-16,cook,
H-CA-16,sabato,
H-CA-16,inside,
H-CA-17,cook,
H-CA-17,sabato,
H-CA-17,inside,
H-CA-18,cook,
H-CA-18,sabato,
H-CA-18,inside,
H-CA-19,cook,
H-CA-19,sabato,
H-CA-19,inside,
H-CA-20,cook,
H-CA-20,sabato,
H-CA-20,inside,
H-CA-21,cook,
H-CA-21,sabato,
H-CA-21,inside,
H-CA-22,cook,
H-CA-22,sabato,
H-CA-22,inside,
H-CA-23,cook,
H-CA-23,sabato,
H-CA-23,inside,
H-CA-24,cook,
H-CA-24,sabato,
H-CA-24,inside,
H-CA-25,cook,
H-CA-25,sabato,
H-CA-25,inside,
H-CA-26,cook,
H-CA-26,sabato,
H-CA-26,inside,
H-CA-27,cook,
H-CA-27,sabato,
H-CA-27,inside,
H-CA-28,cook,
H-CA-28,sabato,
H-CA-28,inside,
H-CA-29,cook,
H-CA-29,sabato,
H-CA-29,inside,
H-CA-30,cook,
H-CA-30,sabato,
H-CA-30,inside,
H-CA-31,cook,
H-CA-31,sabato,
H-CA-31,inside,
H-CA-32,cook,
H-CA-32,sabato,
H-CA-32,inside,
H-CA-33,cook,
H-CA-33,sabato,
H-CA-33,inside,
H-CA-34,cook,
H-CA-34,sabato,
H-CA-34,inside,
H-CA-35,cook,
H-CA-35,sabato,
H-CA-35,inside,
H-CA-36,cook,
H-CA-36,sabato,
H-CA-36,inside,
H-CA-37,cook,
H-CA-37,sabato,
H-CA-37,inside,
H-CA-38,cook,
H-CA-38,sabato,
H-CA-38,inside,
H-CA-39,cook,
H-CA-39,sabato,
H-CA-39,inside,
H-CA-40,cook,
H-CA-40,sabato,
H-CA-40,inside,
H-CA-41,cook,
H-CA-41,sabato,
H-CA-41,inside,
H-CA-42,cook,
H-CA-42,sabato,
H-CA-42,inside,
H-CA-43,cook,
H-CA-43,sabato,
H-CA-43,inside,
H-CA-44,cook,
H-CA-44,sabato,
H-CA-44,inside,
H-CA-45,cook,
H-CA-45,sabato,
H-CA-45,inside,
H-CA-46,cook,
H-CA-46,sabato,
H-CA-46,inside,
H-CA-47,cook,
H-CA-47,sabato,
H-CA-47,inside,
H-CA-48,cook,
H-CA-48,sabato,
H-CA-48,inside,
H-CA-49,cook,
H-CA-49,sabato,
H-CA-49,inside,
H-CA-50,cook,
H-CA-50,sabato,
H-CA-50,inside,
H-CA-51,cook,
H-CA-51,sabato,
H-CA-51,inside,
H-CA-52,cook,
H-CA-52,sabato,
H-CA-52,inside,
H-CO-01,cook,
H-CO-01,sabato,
H-CO-01,inside,
H-CO-02,cook,
H-CO-02,sabato,
H-CO-02,inside,
H-CO-03,cook,
H-CO-03,sabato,
H-CO-03,inside,
H-CO-04,cook,
H-CO-04,sabato,
H-CO-04,inside,
H-CO-05,cook,
H-CO-05,sabato,
H-CO-05,inside,
H-CO-06,cook,
H-CO-06,sabato,
H-CO-06,inside,
H-CO-07,cook,
H-CO-07,sabato,
H-CO-07,inside,
H-CO-08,cook,
H-CO-08,sabato,
H-CO-08,inside,
H-CT-01,cook,
H-CT-01,sabato,
H-CT-01,inside,
H-CT-02,cook,
H-CT-02,sabato,
H-CT-02,inside,
H-CT-03,cook,
H-CT-03,sabato,
H-CT-03,inside,
H-CT-04,cook,
H-CT-04,sabato,
H-CT-04,inside,
H-CT-05,cook,
H-CT-05,sabato,
H-CT-05,inside,
H-DE-01,cook,
H-DE-01,sabato,
H-DE-01,inside,
H-FL-01,cook,
H-FL-01,sabato,
H-FL-01,inside,
H-FL-02,cook,
H-FL-02,sabato,
H-FL-02,inside,
H-FL-03,cook,
H-FL-03,sabato,
H-FL-03,inside,
H-FL-04,cook,
H-FL-04,sabato,
H-FL-04,inside,
H-FL-05,cook,
H-FL-05,sabato,
H-FL-05,inside,
H-FL-06,cook,
H-FL-06,sabato,
H-FL-06,inside,
H-FL-07,cook,
H-FL-07,sabato,
H-FL-07,inside,
H-FL-08,cook,
H-FL-08,sabato,
H-FL-08,inside,
H-FL-09,cook,
H-FL-09,sabato,
H-FL-09,inside,
H-FL-10,cook,
H-FL-10,sabato,
H-FL-10,inside,
H-FL-11,cook,
H-FL-11,sabato,
H-FL-11,inside,
H-FL-12,cook,
H-FL-12,sabato,
H-FL-12,inside,
H-FL-13,cook,
H-FL-13,sabato,
H-FL-13,inside,
H-FL-14,cook,
H-FL-14,sabato,
H-FL-14,inside,
H-FL-15,cook,
H-FL-15,sabato,
H-FL-15,inside,
H-FL-16,cook,
H-FL-16,sabato,
H-FL-16,inside,
H-FL-17,cook,
H-FL-17,sabato,
H-FL-17,inside,
H-FL-18,cook,
H-FL-18,sabato,
H-FL-18,inside,
H-FL-19,cook,
H-FL-19,sabato,
H-FL-19,inside,
H-FL-20,cook,
H-FL-20,sabato,
H-FL-20,inside,
H-FL-21,cook,
H-FL-21,sabato,
H-FL-21,inside,
H-FL-22,cook,
H-FL-22,sabato,
H-FL-22,inside,
H-FL-23,cook,
H-FL-23,sabato,
H-FL-23,inside,
H-FL-24,cook,
H-FL-24,sabato,
H-FL-24,inside,
H-FL-25,cook,
H-FL-25,sabato,
H-FL-25,inside,
H-FL-26,cook,
H-FL-26,sabato,
H-FL-26,inside,
H-FL-27,cook,
H-FL-27,sabato,
H-FL-27,inside,
H-FL-28,cook,
H-FL-28,sabato,
H-FL-28,inside,
H-GA-01,cook,
H-GA-01,sabato,
H-GA-01,inside,
H-GA-02,cook,
H-GA-02,sabato,
H-GA-02,inside,
H-GA-03,cook,
H-GA-03,sabato,
H-GA-03,inside,
H-GA-04,cook,
H-GA-04,sabato,
H-GA-04,inside,
H-GA-05,cook,
H-GA-05,sabato,
H-GA-05,inside,
H-GA-06,cook,
H-GA-06,sabato,
H-GA-06,inside,
H-GA-07,cook,
H-GA-07,sabato,
H-GA-07,inside,
H-GA-08,cook,
H-GA-08,sabato,
H-GA-08,inside,
H-GA-09,cook,
H-GA-09,sabato,
H-GA-09,inside,
H-GA-10,cook,
H-GA-10,sabato,
H-GA-10,inside,
H-GA-11,cook,
H-GA-11,sabato,
H-GA-11,inside,
H-GA-12,cook,
H-GA-12,sabato,
H-GA-12,inside,
H-GA-13,cook,
H-GA-13,sabato,
H-GA-13,inside,
H-GA-14,cook,
H-GA-14,sabato,
H-GA-14,inside,
H-HI-01,cook,
H-HI-01,sabato,
H-HI-01,inside,
H-HI-02,cook,
H-HI-02,sabato,
H-HI-02,inside,
H-ID-01,cook,
H-ID-01,sabato,
H-ID-01,inside,
H-ID-02,cook,
H-ID-02,sabato,
H-ID-02,inside,
H-IL-01,cook,
H-IL-01,sabato,
H-IL-01,inside,
H-IL-02,cook,
H-IL-02,sabato,
H-IL-02,inside,
H-IL-03,cook,
H-IL-03,sabato,
H-IL-03,inside,
H-IL-04,cook,
H-IL-04,sabato,
H-IL-04,inside,
H-IL-05,cook,
H-IL-05,sabato,
H-IL-05,inside,
H-IL-06,cook,
H-IL-06,sabato,
H-IL-06,inside,
H-IL-07,cook,
H-IL-07,sabato,
H-IL-07,inside,
H-IL-08,cook,
H-IL-08,sabato,
H-IL-08,inside,
H-IL-09,cook,
H-IL-09,sabato,
H-IL-09,inside,
H-IL-10,cook,
H-IL-10,sabato,
H-IL-10,inside,
H-IL-11,cook,
H-IL-11,sabato,
H-IL-11,inside,
H-IL-12,cook,
H-IL-12,sabato,
H-IL-12,inside,
H-IL-13,cook,
H-IL-13,sabato,
H-IL-13,inside,
H-IL-14,cook,
H-IL-14,sabato,
H-IL-14,inside,
H-IL-15,cook,
H-IL-15,sabato,
H-IL-15,inside,
H-IL-16,cook,
H-IL-16,sabato,
H-IL-16,inside,
H-IL-17,cook,
H-IL-17,sabato,
H-IL-17,inside,
H-IN-01,cook,
H-IN-01,sabato,
H-IN-01,inside,
H-IN-02,cook,
H-IN-02,sabato,
H-IN-02,inside,
H-IN-03,cook,
H-IN-03,sabato,
H-IN-03,inside,
H-IN-04,cook,
H-IN-04,sabato,
H-IN-04,inside,
H-IN-05,cook,
H-IN-05,sabato,
H-IN-05,inside,
H-IN-06,cook,
H-IN-06,sabato,
H-IN-06,inside,
H-IN-07,cook,
H-IN-07,sabato,
H-IN-07,inside,
H-IN-08,cook,
H-IN-08,sabato,
H-IN-08,inside,
H-IN-09,cook,
H-IN-09,sabato,
H-IN-09,inside,
H-IA-01,cook,
H-IA-01,sabato,
H-IA-01,inside,
H-IA-02,cook,
H-IA-02,sabato,
H-IA-02,inside,
H-IA-03,cook,
H-IA-03,sabato,
H-IA-03,inside,
H-IA-04,cook,
H-IA-04,sabato,
H-IA-04,inside,
H-KS-01,cook,
H-KS-01,sabato,
H-KS-01,inside,
H-KS-02,cook,
H-KS-02,sabato,
H-KS-02,inside,
H-KS-03,cook,
H-KS-03,sabato,
H-KS-03,inside,
H-KS-04,cook,
H-KS-04,sabato,
H-KS-04,inside,
H-KY-01,cook,
H-KY-01,sabato,
H-KY-01,inside,
H-KY-02,cook,
H-KY-02,sabato,
H-KY-02,inside,
H-KY-03,cook,
H-KY-03,sabato,
H-KY-03,inside,
H-KY-04,cook,
H-KY-04,sabato,
H-KY-04,inside,
H-KY-05,cook,
H-KY-05,sabato,
H-KY-05,inside,
H-KY-06,cook,
H-KY-06,sabato,
H-KY-06,inside,
H-LA-01,cook,
H-LA-01,sabato,
H-LA-01,inside,
H-LA-02,cook,
H-LA-02,sabato,
H-LA-02,inside,
H-LA-03,cook,
H-LA-03,sabato,
H-LA-03,inside,
H-LA-04,cook,
H-LA-04,sabato,
H-LA-04,inside,
H-LA-05,cook,
H-LA-05,sabato,
H-LA-05,inside,
H-LA-06,cook,
H-LA-06,sabato,
H-LA-06,inside,
H-ME-01,cook,
H-ME-01,sabato,
H-ME-01,inside,
H-ME-02,cook,
H-ME-02,sabato,
H-ME-02,inside,
H-MD-01,cook,
H-MD-01,sabato,
H-MD-01,inside,
H-MD-02,cook,
H-MD-02,sabato,
H-MD-02,inside,
H-MD-03,cook,
H-MD-03,sabato,
H-MD-03,inside,
H-MD-04,cook,
H-MD-04,sabato,
H-MD-04,inside,
H-MD-05,cook,
H-MD-05,sabato,
H-MD-05,inside,
H-MD-06,cook,
H-MD-06,sabato,
H-MD-06,inside,
H-MD-07,cook,
H-MD-07,sabato,
H-MD-07,inside,
H-MD-08,cook,
H-MD-08,sabato,
H-MD-08,inside,
H-MA-01,cook,
H-MA-01,sabato,
H-MA-01,inside,
H-MA-02,cook,
H-MA-02,sabato,
H-MA-02,inside,
H-MA-03,cook,
H-MA-03,sabato,
H-MA-03,inside,
H-MA-04,cook,
H-MA-04,sabato,
H-MA-04,inside,
H-MA-05,cook,
H-MA-05,sabato,
H-MA-05,inside,
H-MA-06,cook,
H-MA-06,sabato,
H-MA-06,inside,
H-MA-07,cook,
H-MA-07,sabato,
H-MA-07,inside,
H-MA-08,cook,
H-MA-08,sabato,
H-MA-08,inside,
H-MA-09,cook,
H-MA-09,sabato,
H-MA-09,inside,
H-MI-01,cook,
H-MI-01,sabato,
H-MI-01,inside,
H-MI-02,cook,
H-MI-02,sabato,
H-MI-02,inside,
H-MI-03,cook,
H-MI-03,sabato,
H-MI-03,inside,
H-MI-04,cook,
H-MI-04,sabato,
H-MI-04,inside,
H-MI-05,cook,
H-MI-05,sabato,
H-MI-05,inside,
H-MI-06,cook,
H-MI-06,sabato,
H-MI-06,inside,
H-MI-07,cook,
H-MI-07,sabato,
H-MI-07,inside,
H-MI-08,cook,
H-MI-08,sabato,
H-MI-08,inside,
H-MI-09,cook,
H-MI-09,sabato,
H-MI-09,inside,
H-MI-10,cook,
H-MI-10,sabato,
H-MI-10,inside,
H-MI-11,cook,
H-MI-11,sabato,
H-MI-11,inside,
H-MI-12,cook,
H-MI-12,sabato,
H-MI-12,inside,
H-MI-13,cook,
H-MI-13,sabato,
H-MI-13,inside,
H-MN-01,cook,
H-MN-01,sabato,
H-MN-01,inside,
H-MN-02,cook,
H-MN-02,sabato,
H-MN-02,inside,
H-MN-03,cook,
H-MN-03,sabato,
H-MN-03,inside,
H-MN-04,cook,
H-MN-04,sabato,
H-MN-04,inside,
H-MN-05,cook,
H-MN-05,sabato,
H-MN-05,inside,
H-MN-06,cook,
H-MN-06,sabato,
H-MN-06,inside,
H-MN-07,cook,
H-MN-07,sabato,
H-MN-07,inside,
H-MN-08,cook,
H-MN-08,sabato,
H-MN-08,inside,
H-MS-01,cook,
H-MS-01,sabato,
H-MS-01,inside,
H-MS-02,cook,
H-MS-02,sabato,
H-MS-02,inside,
H-MS-03,cook,
H-MS-03,sabato,
H-MS-03,inside,
H-MS-04,cook,
H-MS-04,sabato,
H-MS-04,inside,
H-MO-01,cook,
H-MO-01,sabato,
H-MO-01,inside,
H-MO-02,cook,
H-MO-02,sabato,
H-MO-02,inside,
H-MO-03,cook,
H-MO-03,sabato,
H-MO-03,inside,
H-MO-04,cook,
H-MO-04,sabato,
H-MO-04,inside,
H-MO-05,cook,
H-MO-05,sabato,
H-MO-05,inside,
H-MO-06,cook,
H-MO-06,sabato,
H-MO-06,inside,
H-MO-07,cook,
H-MO-07,sabato,
H-MO-07,inside,
H-MO-08,cook,
H-MO-08,sabato,
H-MO-08,inside,
H-MT-01,cook,
H-MT-01,sabato,
H-MT-01,inside,
H-MT-02,cook,
H-MT-02,sabato,
H-MT-02,inside,
H-NE-01,cook,
H-NE-01,sabato,
H-NE-01,inside,
H-NE-02,cook,
H-NE-02,sabato,
H-NE-02,inside,
H-NE-03,cook,
H-NE-03,sabato,
H-NE-03,inside,
H-NV-01,cook,
H-NV-01,sabato,
H-NV-01,inside,
H-NV-02,cook,
H-NV-02,sabato,
H-NV-02,inside,
H-NV-03,cook,
H-NV-03,sabato,
H-NV-03,inside,
H-NV-04,cook,
H-NV-04,sabato,
H-NV-04,inside,
H-NH-01,cook,
H-NH-01,sabato,
H-NH-01,inside,
H-NH-02,cook,
H-NH-02,sabato,
H-NH-02,inside,
H-NJ-01,cook,
H-NJ-01,sabato,
H-NJ-01,inside,
H-NJ-02,cook,
H-NJ-02,sabato,
H-NJ-02,inside,
H-NJ-03,cook,
H-NJ-03,sabato,
H-NJ-03,inside,
H-NJ-04,cook,
H-NJ-04,sabato,
H-NJ-04,inside,
H-NJ-05,cook,
H-NJ-05,sabato,
H-NJ-05,inside,
H-NJ-06,cook,
H-NJ-06,sabato,
H-NJ-06,inside,
H-NJ-07,cook,
H-NJ-07,sabato,
H-NJ-07,inside,
H-NJ-08,cook,
H-NJ-08,sabato,
H-NJ-08,inside,
H-NJ-09,cook,
H-NJ-09,sabato,
H-NJ-09,inside,
H-NJ-10,cook,
H-NJ-10,sabato,
H-NJ-10,inside,
H-NJ-11,cook,
H-NJ-11,sabato,
H-NJ-11,inside,
H-NJ-12,cook,
H-NJ-12,sabato,
H-NJ-12,inside,
H-NM-01,cook,
H-NM-01,sabato,
H-NM-01,inside,
H-NM-02,cook,
H-NM-02,sabato,
H-NM-02,inside,
H-NM-03,cook,
H-NM-03,sabato,
H-NM-03,inside,
H-NY-01,cook,
H-NY-01,sabato,
H-NY-01,inside,
H-NY-02,cook,
H-NY-02,sabato,
H-NY-02,inside,
H-NY-03,cook,
H-NY-03,sabato,
H-NY-03,inside,
H-NY-04,cook,
H-NY-04,sabato,
H-NY-04,inside,
H-NY-05,cook,
H-NY-05,sabato,
H-NY-05,inside,
H-NY-06,cook,
H-NY-06,sabato,
H-NY-06,inside,
H-NY-07,cook,
H-NY-07,sabato,
H-NY-07,inside,
H-NY-08,cook,
H-NY-08,sabato,
H-NY-08,inside,
H-NY-09,cook,
H-NY-09,sabato,
H-NY-09,inside,
H-NY-10,cook,
H-NY-10,sabato,
H-NY-10,inside,
H-NY-11,cook,
H-NY-11,sabato,
H-NY-11,inside,
H-NY-12,cook,
H-NY-12,sabato,
H-NY-12,inside,
H-NY-13,cook,
H-NY-13,sabato,
H-NY-13,inside,
H-NY-14,cook,
H-NY-14,sabato,
H-NY-14,inside,
H-NY-15,cook,
H-NY-15,sabato,
H-NY-15,inside,
H-NY-16,cook,
H-NY-16,sabato,
H-NY-16,inside,
H-NY-17,cook,
H-NY-17,sabato,
H-NY-17,inside,
H-NY-18,cook,
H-NY-18,sabato,
H-NY-18,inside,
H-NY-19,cook,
H-NY-19,sabato,
H-NY-19,inside,
H-NY-20,cook,
H-NY-20,sabato,
H-NY-20,inside,
H-NY-21,cook,
H-NY-21,sabato,
H-NY-21,inside,
H-NY-22,cook,
H-NY-22,sabato,
H-NY-22,inside,
H-NY-23,cook,
H-NY-23,sabato,
H-NY-23,inside,
H-NY-24,cook,
H-NY-24,sabato,
H-NY-24,inside,
H-NY-25,cook,
H-NY-25,sabato,
H-NY-25,inside,
H-NY-26,cook,
H-NY-26,sabato,
H-NY-26,inside,
H-NC-01,cook,
H-NC-01,sabato,
H-NC-01,inside,
H-NC-02,cook,
H-NC-02,sabato,
H-NC-02,inside,
H-NC-03,cook,
H-NC-03,sabato,
H-NC-03,inside,
H-NC-04,cook,
H-NC-04,sabato,
H-NC-04,inside,
H-NC-05,cook,
H-NC-05,sabato,
H-NC-05,inside,
H-NC-06,cook,
H-NC-06,sabato,
H-NC-06,inside,
H-NC-07,cook,
H-NC-07,sabato,
H-NC-07,inside,
H-NC-08,cook,
H-NC-08,sabato,
H-NC-08,inside,
H-NC-09,cook,
H-NC-09,sabato,
H-NC-09,inside,
H-NC-10,cook,
H-NC-10,sabato,
H-NC-10,inside,
H-NC-11,cook,
H-NC-11,sabato,
H-NC-11,inside,
H-NC-12,cook,
H-NC-12,sabato,
H-NC-12,inside,
H-NC-13,cook,
H-NC-13,sabato,
H-NC-13,inside,
H-NC-14,cook,
H-NC-14,sabato,
H-NC-14,inside,
H-ND-01,cook,
H-ND-01,sabato,
H-ND-01,inside,
H-OH-01,cook,
H-OH-01,sabato,
H-OH-01,inside,
H-OH-02,cook,
H-OH-02,sabato,
H-OH-02,inside,
H-OH-03,cook,
H-OH-03,sabato,
H-OH-03,inside,
H-OH-04,cook,
H-OH-04,sabato,
H-OH-04,inside,
H-OH-05,cook,
H-OH-05,sabato,
H-OH-05,inside,
H-OH-06,cook,
H-OH-06,sabato,
H-OH-06,inside,
H-OH-07,cook,
H-OH-07,sabato,
H-OH-07,inside,
H-OH-08,cook,
H-OH-08,sabato,
H-OH-08,inside,
H-OH-09,cook,
H-OH-09,sabato,
H-OH-09,inside,
H-OH-10,cook,
H-OH-10,sabato,
H-OH-10,inside,
H-OH-11,cook,
H-OH-11,sabato,
H-OH-11,inside,
H-OH-12,cook,
H-OH-12,sabato,
H-OH-12,inside,
H-OH-13,cook,
H-OH-13,sabato,
H-OH-13,inside,
H-OH-14,cook,
H-OH-14,sabato,
H-OH-14,inside,
H-OH-15,cook,
H-OH-15,sabato,
H-OH-15,inside,
H-OK-01,cook,
H-OK-01,sabato,
H-OK-01,inside,
H-OK-02,cook,
H-OK-02,sabato,
H-OK-02,inside,
H-OK-03,cook,
H-OK-03,sabato,
H-OK-03,inside,
H-OK-04,cook,
H-OK-04,sabato,
H-OK-04,inside,
H-OK-05,cook,
H-OK-05,sabato,
H-OK-05,inside,
H-OR-01,cook,
H-OR-01,sabato,
H-OR-01,inside,
H-OR-02,cook,
H-OR-02,sabato,
H-OR-02,inside,
H-OR-03,cook,
H-OR-03,sabato,
H-OR-03,inside,
H-OR-04,cook,
H-OR-04,sabato,
H-OR-04,inside,
H-OR-05,cook,
H-OR-05,sabato,
H-OR-05,inside,
H-OR-06,cook,
H-OR-06,sabato,
H-OR-06,inside,
H-PA-01,cook,
H-PA-01,sabato,
H-PA-01,inside,
H-PA-02,cook,
H-PA-02,sabato,
H-PA-02,inside,
H-PA-03,cook,
H-PA-03,sabato,
H-PA-03,inside,
H-PA-04,cook,
H-PA-04,sabato,
H-PA-04,inside,
H-PA-05,cook,
H-PA-05,sabato,
H-PA-05,inside,
H-PA-06,cook,
H-PA-06,sabato,
H-PA-06,inside,
H-PA-07,cook,
H-PA-07,sabato,
H-PA-07,inside,
H-PA-08,cook,
H-PA-08,sabato,
H-PA-08,inside,
H-PA-09,cook,
H-PA-09,sabato,
H-PA-09,inside,
H-PA-10,cook,
H-PA-10,sabato,
H-PA-10,inside,
H-PA-11,cook,
H-PA-11,sabato,
H-PA-11,inside,
H-PA-12,cook,
H-PA-12,sabato,
H-PA-12,inside,
H-PA-13,cook,
H-PA-13,sabato,
H-PA-13,inside,
H-PA-14,cook,
H-PA-14,sabato,
H-PA-14,inside,
H-PA-15,cook,
H-PA-15,sabato,
H-PA-15,inside,
H-PA-16,cook,
H-PA-16,sabato,
H-PA-16,inside,
H-PA-17,cook,
H-PA-17,sabato,
H-PA-17,inside,
H-RI-01,cook,
H-RI-01,sabato,
H-RI-01,inside,
H-RI-02,cook,
H-RI-02,sabato,
H-RI-02,inside,
H-SC-01,cook,
H-SC-01,sabato,
H-SC-01,inside,
H-SC-02,cook,
H-SC-02,sabato,
H-SC-02,inside,
H-SC-03,cook,
H-SC-03,sabato,
H-SC-03,inside,
H-SC-04,cook,
H-SC-04,sabato,
H-SC-04,inside,
H-SC-05,cook,
H-SC-05,sabato,
H-SC-05,inside,
H-SC-06,cook,
H-SC-06,sabato,
H-SC-06,inside,
H-SC-07,cook,
H-SC-07,sabato,
H-SC-07,inside,
H-SD-01,cook,
H-SD-01,sabato,
H-SD-01,inside,
H-TN-01,cook,
H-TN-01,sabato,
H-TN-01,inside,
H-TN-02,cook,
H-TN-02,sabato,
H-TN-02,inside,
H-TN-03,cook,
H-TN-03,sabato,
H-TN-03,inside,
H-TN-04,cook,
H-TN-04,sabato,
H-TN-04,inside,
H-TN-05,cook,
H-TN-05,sabato,
H-TN-05,inside,
H-TN-06,cook,
H-TN-06,sabato,
H-TN-06,inside,
H-TN-07,cook,
H-TN-07,sabato,
H-TN-07,inside,
H-TN-08,cook,
H-TN-08,sabato,
H-TN-08,inside,
H-TN-09,cook,
H-TN-09,sabato,
H-TN-09,inside,
H-TX-01,cook,
H-TX-01,sabato,
H-TX-01,inside,
H-TX-02,cook,
H-TX-02,sabato,
H-TX-02,inside,
H-TX-03,cook,
H-TX-03,sabato,
H-TX-03,inside,
H-TX-04,cook,
H-TX-04,sabato,
H-TX-04,inside,
H-TX-05,cook,
H-TX-05,sabato,
H-TX-05,inside,
H-TX-06,cook,
H-TX-06,sabato,
H-TX-06,inside,
H-TX-07,cook,
H-TX-07,sabato,
H-TX-07,inside,
H-TX-08,cook,
H-TX-08,sabato,
H-TX-08,inside,
H-TX-09,cook,
H-TX-09,sabato,
H-TX-09,inside,
H-TX-10,cook,
H-TX-10,sabato,
H-TX-10,inside,
H-TX-11,cook,
H-TX-11,sabato,
H-TX-11,inside,
H-TX-12,cook,
H-TX-12,sabato,
H-TX-12,inside,
H-TX-13,cook,
H-TX-13,sabato,
H-TX-13,inside,
H-TX-14,cook,
H-TX-14,sabato,
H-TX-14,inside,
H-TX-15,cook,
H-TX-15,sabato,
H-TX-15,inside,
H-TX-16,cook,
H-TX-16,sabato,
H-TX-16,inside,
H-TX-17,cook,
H-TX-17,sabato,
H-TX-17,inside,
H-TX-18,cook,
H-TX-18,sabato,
H-TX-18,inside,
H-TX-19,cook,
H-TX-19,sabato,
H-TX-19,inside,
H-TX-20,cook,
H-TX-20,sabato,
H-TX-20,inside,
H-TX-21,cook,
H-TX-21,sabato,
H-TX-21,inside,
H-TX-22,cook,
H-TX-22,sabato,
H-TX-22,inside,
H-TX-23,cook,
H-TX-23,sabato,
H-TX-23,inside,
H-TX-24,cook,
H-TX-24,sabato,
H-TX-24,inside,
H-TX-25,cook,
H-TX-25,sabato,
H-TX-25,inside,
H-TX-26,cook,
H-TX-26,sabato,
H-TX-26,inside,
H-TX-27,cook,
H-TX-27,sabato,
H-TX-27,inside,
H-TX-28,cook,
H-TX-28,sabato,
H-TX-28,inside,
H-TX-29,cook,
H-TX-29,sabato,
H-TX-29,inside,
H-TX-30,cook,
H-TX-30,sabato,
H-TX-30,inside,
H-TX-31,cook,
H-TX-31,sabato,
H-TX-31,inside,
H-TX-32,cook,
H-TX-32,sabato,
H-TX-32,inside,
H-TX-33,cook,
H-TX-33,sabato,
H-TX-33,inside,
H-TX-34,cook,
H-TX-34,sabato,
H-TX-34,inside,
H-TX-35,cook,
H-TX-35,sabato,
H-TX-35,inside,
H-TX-36,cook,
H-TX-36,sabato,
H-TX-36,inside,
H-TX-37,cook,
H-TX-37,sabato,
H-TX-37,inside,
H-TX-38,cook,
H-TX-38,sabato,
H-TX-38,inside,
H-UT-01,cook,
H-UT-01,sabato,
H-UT-01,inside,
H-UT-02,cook,
H-UT-02,sabato,
H-UT-02,inside,
H-UT-03,cook,
H-UT-03,sabato,
H-UT-03,inside,
H-UT-04,cook,
H-UT-04,sabato,
H-UT-04,inside,
H-VT-01,cook,
H-VT-01,sabato,
H-VT-01,inside,
H-VA-01,cook,
H-VA-01,sabato,
H-VA-01,inside,
H-VA-02,cook,
H-VA-02,sabato,
H-VA-02,inside,
H-VA-03,cook,
H-VA-03,sabato,
H-VA-03,inside,
H-VA-04,cook,
H-VA-04,sabato,
H-VA-04,inside,
H-VA-05,cook,
H-VA-05,sabato,
H-VA-05,inside,
H-VA-06,cook,
H-VA-06,sabato,
H-VA-06,inside,
H-VA-07,cook,
H-VA-07,sabato,
H-VA-07,inside,
H-VA-08,cook,
H-VA-08,sabato,
H-VA-08,inside,
H-VA-09,cook,
H-VA-09,sabato,
H-VA-09,inside,
H-VA-10,cook,
H-VA-10,sabato,
H-VA-10,inside,
H-VA-11,cook,
H-VA-11,sabato,
H-VA-11,inside,
H-WA-01,cook,
H-WA-01,sabato,
H-WA-01,inside,
H-WA-02,cook,
H-WA-02,sabato,
H-WA-02,inside,
H-WA-03,cook,
H-WA-03,sabato,
H-WA-03,inside,
H-WA-04,cook,
H-WA-04,sabato,
H-WA-04,inside,
H-WA-05,cook,
H-WA-05,sabato,
H-WA-05,inside,
H-WA-06,cook,
H-WA-06,sabato,
H-WA-06,inside,
H-WA-07,cook,
H-WA-07,sabato,
H-WA-07,inside,
H-WA-08,cook,
H-WA-08,sabato,
H-WA-08,inside,
H-WA-09,cook,
H-WA-09,sabato,
H-WA-09,inside,
H-WA-10,cook,
H-WA-10,sabato,
H-WA-10,inside,
H-WV-01,cook,
H-WV-01,sabato,
H-WV-01,inside,
H-WV-02,cook,
H-WV-02,sabato,
H-WV-02,inside,
H-WI-01,cook,
H-WI-01,sabato,
H-WI-01,inside,
H-WI-02,cook,
H-WI-02,sabato,
H-WI-02,inside,
H-WI-03,cook,
H-WI-03,sabato,
H-WI-03,inside,
H-WI-04,cook,
H-WI-04,sabato,
H-WI-04,inside,
H-WI-05,cook,
H-WI-05,sabato,
H-WI-05,inside,
H-WI-06,cook,
H-WI-06,sabato,
H-WI-06,inside,
H-WI-07,cook,
H-WI-07,sabato,
H-WI-07,inside,
H-WI-08,cook,
H-WI-08,sabato,
H-WI-08,inside,
H-WY-01,cook,
H-WY-01,sabato,
H-WY-01,inside,
S-AL,cook,
S-AL,sabato,
S-AL,inside,
S-AK,cook,
S-AK,sabato,
S-AK,inside,
S-AR,cook,
S-AR,sabato,
S-AR,inside,
S-CO,cook,
S-CO,sabato,
S-CO,inside,
S-DE,cook,
S-DE,sabato,
S-DE,inside,
S-GA,cook,
S-GA,sabato,
S-GA,inside,
S-ID,cook,
S-ID,sabato,
S-ID,inside,
S-IL,cook,
S-IL,sabato,
S-IL,inside,
S-IA,cook,
S-IA,sabato,
S-IA,inside,
S-KS,cook,
S-KS,sabato,
S-KS,inside,
S-KY,cook,
S-KY,sabato,
S-KY,inside,
S-LA,cook,
S-LA,sabato,
S-LA,inside,
S-ME,cook,
S-ME,sabato,
S-ME,inside,
S-MA,cook,
S-MA,sabato,
S-MA,inside,
S-MI,cook,
S-MI,sabato,
S-MI,inside,
S-MN,cook,
S-MN,sabato,
S-MN,inside,
S-MS,cook,
S-MS,sabato,
S-MS,inside,
S-MT,cook,
S-MT,sabato,
S-MT,inside,
S-NE,cook,
S-NE,sabato,
S-NE,inside,
S-NH,cook,
S-NH,sabato,
S-NH,inside,
S-NJ,cook,
S-NJ,sabato,
S-NJ,inside,
S-NM,cook,
S-NM,sabato,
S-NM,inside,
S-NC,cook,
S-NC,sabato,
S-NC,inside,
S-OK,cook,
S-OK,sabato,
S-OK,inside,
S-OR,cook,
S-OR,sabato,
S-OR,inside,
S-RI,cook,
S-RI,sabato,
S-RI,inside,
S-SC,cook,
S-SC,sabato,
S-SC,inside,
S-SD,cook,
S-SD,sabato,
S-SD,inside,
S-TN,cook,
S-TN,sabato,
S-TN,inside,
S-TX,cook,
S-TX,sabato,
S-TX,inside,
S-VA,cook,
S-VA,sabato,
S-VA,inside,
S-WV,cook,
S-WV,sabato,
S-WV,inside,
S-WY,cook,
S-WY,sabato,
S-WY,inside,
S-OH-special,cook,
S-OH-special,sabato,
S-OH-special,inside,
S-FL-special,cook,
S-FL-special,sabato,
S-FL-special,inside,
G-AL,cook,
G-AL,sabato,
G-AL,inside,
G-AK,cook,
G-AK,sabato,
G-AK,inside,
G-AZ,cook,
G-AZ,sabato,
G-AZ,inside,
G-AR,cook,
G-AR,sabato,
G-AR,inside,
G-CA,cook,
G-CA,sabato,
G-CA,inside,
G-CO,cook,
G-CO,sabato,
G-CO,inside,
G-CT,cook,
G-CT,sabato,
G-CT,inside,
G-FL,cook,
G-FL,sabato,
G-FL,inside,
G-GA,cook,
G-GA,sabato,
G-GA,inside,
G-HI,cook,
G-HI,sabato,
G-HI,inside,
G-ID,cook,
G-ID,sabato,
G-ID,inside,
G-IL,cook,
G-IL,sabato,
G-IL,inside,
G-IA,cook,
G-IA,sabato,
G-IA,inside,
G-KS,cook,
G-KS,sabato,
G-KS,inside,
G-ME,cook,
G-ME,sabato,
G-ME,inside,
G-MD,cook,
G-MD,sabato,
G-MD,inside,
G-MA,cook,
G-MA,sabato,
G-MA,inside,
G-MI,cook,
G-MI,sabato,
G-MI,inside,
G-MN,cook,
G-MN,sabato,
G-MN,inside,
G-NE,cook,
G-NE,sabato,
G-NE,inside,
G-NV,cook,
G-NV,sabato,
G-NV,inside,
G-NH,cook,
G-NH,sabato,
G-NH,inside,
G-NM,cook,
G-NM,sabato,
G-NM,inside,
G-NY,cook,
G-NY,sabato,
G-NY,inside,
G-OH,cook,
G-OH,sabato,
G-OH,inside,
G-OK,cook,
G-OK,sabato,
G-OK,inside,
G-OR,cook,
G-OR,sabato,
G-OR,inside,
G-PA,cook,
G-PA,sabato,
G-PA,inside,
G-RI,cook,
G-RI,sabato,
G-RI,inside,
G-SC,cook,
G-SC,sabato,
G-SC,inside,
G-SD,cook,
G-SD,sabato,
G-SD,inside,
G-TN,cook,
G-TN,sabato,
G-TN,inside,
G-TX,cook,
G-TX,sabato,
G-TX,inside,
G-VT,cook,
G-VT,sabato,
G-VT,inside,
G-WI,cook,
G-WI,sabato,
G-WI,inside,
G-WY,cook,
G-WY,sabato,
G-WY,inside,
