# Archived expert race ratings for past midterms, for the stage 10
# rating-to-margin calibration. Generated by fetch_historical_ratings.py;
# regenerate with: python3 fetch_historical_ratings.py
# Written 2026-10-06. Cycles: 2006, 2010, 2014, 2022. Senate and
# Governor only: Wikipedia's House articles carry no per-district ratings table.
#
# Raters are Cook Political Report, Sabato's Crystal Ball and Inside Elections
# (continuing the Rothenberg Political Report), which are the three the 2026
# pipeline reads. Each race also carries a `consensus` row, the median tier
# rounded toward Toss-up, and that is the only row stage 10 uses: three raters
# on one race are correlated judgements, not three observations.
#
# source_column records the exact Wikipedia column, including the rater's
# as-of date, so any row can be traced back to the release it came from.
# Ratings for independent candidates have an empty tier_code and are excluded
# from the calibration.
#
# Hand edits are preserved only until this script is re-run. To correct a
# rating permanently, fix it here and do not regenerate, or fix the parser.
cycle,race_id,office,source,rating,tier_code,source_column
2006,G-AK,Governor,consensus,Lean R,-1.0,"median of 3: sabato=Lean R, inside=Lean R, cook=Toss-up"
2006,G-AK,Governor,cook,Toss-up,0.0,"Cook November 6, 2006"
2006,G-AK,Governor,inside,Lean R,-1.0,"Rothenberg November 2, 2006"
2006,G-AK,Governor,sabato,Lean R,-1.0,"Sabato November 6, 2006"
2006,G-AL,Governor,consensus,Safe R,-3.0,"median of 3: sabato=Likely R, inside=Safe R, cook=Safe R"
2006,G-AL,Governor,cook,Safe R,-3.0,"Cook November 6, 2006"
2006,G-AL,Governor,inside,Safe R,-3.0,"Rothenberg November 2, 2006"
2006,G-AL,Governor,sabato,Likely R,-2.0,"Sabato November 6, 2006"
2006,G-AR,Governor,consensus,Likely D,2.0,"median of 3: sabato=Likely D, inside=Likely D, cook=Lean D"
2006,G-AR,Governor,cook,Lean D,1.0,"Cook November 6, 2006"
2006,G-AR,Governor,inside,Likely D,2.0,"Rothenberg November 2, 2006"
2006,G-AR,Governor,sabato,Likely D,2.0,"Sabato November 6, 2006"
2006,G-AZ,Governor,consensus,Safe D,3.0,"median of 3: sabato=Safe D, inside=Safe D, cook=Safe D"
2006,G-AZ,Governor,cook,Safe D,3.0,"Cook November 6, 2006"
2006,G-AZ,Governor,inside,Safe D,3.0,"Rothenberg November 2, 2006"
2006,G-AZ,Governor,sabato,Safe D,3.0,"Sabato November 6, 2006"
2006,G-CA,Governor,consensus,Likely R,-2.0,"median of 3: sabato=Likely R, inside=Safe R, cook=Lean R"
2006,G-CA,Governor,cook,Lean R,-1.0,"Cook November 6, 2006"
2006,G-CA,Governor,inside,Safe R,-3.0,"Rothenberg November 2, 2006"
2006,G-CA,Governor,sabato,Likely R,-2.0,"Sabato November 6, 2006"
2006,G-CO,Governor,consensus,Likely D,2.0,"median of 3: sabato=Likely D, inside=Likely D, cook=Likely D"
2006,G-CO,Governor,cook,Likely D,2.0,"Cook November 6, 2006"
2006,G-CO,Governor,inside,Likely D,2.0,"Rothenberg November 2, 2006"
2006,G-CO,Governor,sabato,Likely D,2.0,"Sabato November 6, 2006"
2006,G-CT,Governor,consensus,Safe R,-3.0,"median of 3: sabato=Safe R, inside=Safe R, cook=Safe R"
2006,G-CT,Governor,cook,Safe R,-3.0,"Cook November 6, 2006"
2006,G-CT,Governor,inside,Safe R,-3.0,"Rothenberg November 2, 2006"
2006,G-CT,Governor,sabato,Safe R,-3.0,"Sabato November 6, 2006"
2006,G-FL,Governor,consensus,Lean R,-1.0,"median of 3: sabato=Lean R, inside=Likely R, cook=Lean R"
2006,G-FL,Governor,cook,Lean R,-1.0,"Cook November 6, 2006"
2006,G-FL,Governor,inside,Likely R,-2.0,"Rothenberg November 2, 2006"
2006,G-FL,Governor,sabato,Lean R,-1.0,"Sabato November 6, 2006"
2006,G-GA,Governor,consensus,Likely R,-2.0,"median of 3: sabato=Likely R, inside=Safe R, cook=Lean R"
2006,G-GA,Governor,cook,Lean R,-1.0,"Cook November 6, 2006"
2006,G-GA,Governor,inside,Safe R,-3.0,"Rothenberg November 2, 2006"
2006,G-GA,Governor,sabato,Likely R,-2.0,"Sabato November 6, 2006"
2006,G-HI,Governor,consensus,Safe R,-3.0,"median of 3: sabato=Safe R, inside=Safe R, cook=Safe R"
2006,G-HI,Governor,cook,Safe R,-3.0,"Cook November 6, 2006"
2006,G-HI,Governor,inside,Safe R,-3.0,"Rothenberg November 2, 2006"
2006,G-HI,Governor,sabato,Safe R,-3.0,"Sabato November 6, 2006"
2006,G-IA,Governor,consensus,Lean D,1.0,"median of 3: sabato=Lean D, inside=Lean D, cook=Toss-up"
2006,G-IA,Governor,cook,Toss-up,0.0,"Cook November 6, 2006"
2006,G-IA,Governor,inside,Lean D,1.0,"Rothenberg November 2, 2006"
2006,G-IA,Governor,sabato,Lean D,1.0,"Sabato November 6, 2006"
2006,G-ID,Governor,consensus,Lean R,-1.0,"median of 3: sabato=Lean R, inside=Lean R, cook=Toss-up"
2006,G-ID,Governor,cook,Toss-up,0.0,"Cook November 6, 2006"
2006,G-ID,Governor,inside,Lean R,-1.0,"Rothenberg November 2, 2006"
2006,G-ID,Governor,sabato,Lean R,-1.0,"Sabato November 6, 2006"
2006,G-IL,Governor,consensus,Lean D,1.0,"median of 3: sabato=Lean D, inside=Likely D, cook=Lean D"
2006,G-IL,Governor,cook,Lean D,1.0,"Cook November 6, 2006"
2006,G-IL,Governor,inside,Likely D,2.0,"Rothenberg November 2, 2006"
2006,G-IL,Governor,sabato,Lean D,1.0,"Sabato November 6, 2006"
2006,G-KS,Governor,consensus,Safe D,3.0,"median of 3: sabato=Likely D, inside=Safe D, cook=Safe D"
2006,G-KS,Governor,cook,Safe D,3.0,"Cook November 6, 2006"
2006,G-KS,Governor,inside,Safe D,3.0,"Rothenberg November 2, 2006"
2006,G-KS,Governor,sabato,Likely D,2.0,"Sabato November 6, 2006"
2006,G-MA,Governor,consensus,Likely D,2.0,"median of 3: sabato=Likely D, inside=Likely D, cook=Lean D"
2006,G-MA,Governor,cook,Lean D,1.0,"Cook November 6, 2006"
2006,G-MA,Governor,inside,Likely D,2.0,"Rothenberg November 2, 2006"
2006,G-MA,Governor,sabato,Likely D,2.0,"Sabato November 6, 2006"
2006,G-MD,Governor,consensus,Lean D,1.0,"median of 3: sabato=Lean D, inside=Lean D, cook=Toss-up"
2006,G-MD,Governor,cook,Toss-up,0.0,"Cook November 6, 2006"
2006,G-MD,Governor,inside,Lean D,1.0,"Rothenberg November 2, 2006"
2006,G-MD,Governor,sabato,Lean D,1.0,"Sabato November 6, 2006"
2006,G-ME,Governor,consensus,Lean D,1.0,"median of 3: sabato=Lean D, inside=Likely D, cook=Lean D"
2006,G-ME,Governor,cook,Lean D,1.0,"Cook November 6, 2006"
2006,G-ME,Governor,inside,Likely D,2.0,"Rothenberg November 2, 2006"
2006,G-ME,Governor,sabato,Lean D,1.0,"Sabato November 6, 2006"
2006,G-MI,Governor,consensus,Lean D,1.0,"median of 3: sabato=Lean D, inside=Likely D, cook=Toss-up"
2006,G-MI,Governor,cook,Toss-up,0.0,"Cook November 6, 2006"
2006,G-MI,Governor,inside,Likely D,2.0,"Rothenberg November 2, 2006"
2006,G-MI,Governor,sabato,Lean D,1.0,"Sabato November 6, 2006"
2006,G-MN,Governor,consensus,Toss-up,0.0,"median of 3: sabato=Lean D, inside=Toss-up, cook=Toss-up"
2006,G-MN,Governor,cook,Toss-up,0.0,"Cook November 6, 2006"
2006,G-MN,Governor,inside,Toss-up,0.0,"Rothenberg November 2, 2006"
2006,G-MN,Governor,sabato,Lean D,1.0,"Sabato November 6, 2006"
2006,G-NE,Governor,consensus,Safe R,-3.0,"median of 3: sabato=Safe R, inside=Safe R, cook=Safe R"
2006,G-NE,Governor,cook,Safe R,-3.0,"Cook November 6, 2006"
2006,G-NE,Governor,inside,Safe R,-3.0,"Rothenberg November 2, 2006"
2006,G-NE,Governor,sabato,Safe R,-3.0,"Sabato November 6, 2006"
2006,G-NH,Governor,consensus,Safe D,3.0,"median of 3: sabato=Safe D, inside=Safe D, cook=Safe D"
2006,G-NH,Governor,cook,Safe D,3.0,"Cook November 6, 2006"
2006,G-NH,Governor,inside,Safe D,3.0,"Rothenberg November 2, 2006"
2006,G-NH,Governor,sabato,Safe D,3.0,"Sabato November 6, 2006"
2006,G-NM,Governor,consensus,Safe D,3.0,"median of 3: sabato=Safe D, inside=Safe D, cook=Safe D"
2006,G-NM,Governor,cook,Safe D,3.0,"Cook November 6, 2006"
2006,G-NM,Governor,inside,Safe D,3.0,"Rothenberg November 2, 2006"
2006,G-NM,Governor,sabato,Safe D,3.0,"Sabato November 6, 2006"
2006,G-NV,Governor,consensus,Toss-up,0.0,"median of 3: sabato=Lean R, inside=Toss-up, cook=Toss-up"
2006,G-NV,Governor,cook,Toss-up,0.0,"Cook November 6, 2006"
2006,G-NV,Governor,inside,Toss-up,0.0,"Rothenberg November 2, 2006"
2006,G-NV,Governor,sabato,Lean R,-1.0,"Sabato November 6, 2006"
2006,G-NY,Governor,consensus,Safe D,3.0,"median of 3: sabato=Safe D, inside=Likely D, cook=Safe D"
2006,G-NY,Governor,cook,Safe D,3.0,"Cook November 6, 2006"
2006,G-NY,Governor,inside,Likely D,2.0,"Rothenberg November 2, 2006"
2006,G-NY,Governor,sabato,Safe D,3.0,"Sabato November 6, 2006"
2006,G-OH,Governor,consensus,Likely D,2.0,"median of 3: sabato=Likely D, inside=Likely D, cook=Safe D"
2006,G-OH,Governor,cook,Safe D,3.0,"Cook November 6, 2006"
2006,G-OH,Governor,inside,Likely D,2.0,"Rothenberg November 2, 2006"
2006,G-OH,Governor,sabato,Likely D,2.0,"Sabato November 6, 2006"
2006,G-OK,Governor,consensus,Safe D,3.0,"median of 3: sabato=Safe D, inside=Safe D, cook=Safe D"
2006,G-OK,Governor,cook,Safe D,3.0,"Cook November 6, 2006"
2006,G-OK,Governor,inside,Safe D,3.0,"Rothenberg November 2, 2006"
2006,G-OK,Governor,sabato,Safe D,3.0,"Sabato November 6, 2006"
2006,G-OR,Governor,consensus,Lean D,1.0,"median of 3: sabato=Lean D, inside=Lean D, cook=Toss-up"
2006,G-OR,Governor,cook,Toss-up,0.0,"Cook November 6, 2006"
2006,G-OR,Governor,inside,Lean D,1.0,"Rothenberg November 2, 2006"
2006,G-OR,Governor,sabato,Lean D,1.0,"Sabato November 6, 2006"
2006,G-PA,Governor,consensus,Safe D,3.0,"median of 3: sabato=Safe D, inside=Safe D, cook=Safe D"
2006,G-PA,Governor,cook,Safe D,3.0,"Cook November 6, 2006"
2006,G-PA,Governor,inside,Safe D,3.0,"Rothenberg November 2, 2006"
2006,G-PA,Governor,sabato,Safe D,3.0,"Sabato November 6, 2006"
2006,G-RI,Governor,consensus,Lean R,-1.0,"median of 3: sabato=Lean R, inside=Lean R, cook=Toss-up"
2006,G-RI,Governor,cook,Toss-up,0.0,"Cook November 6, 2006"
2006,G-RI,Governor,inside,Lean R,-1.0,"Rothenberg November 2, 2006"
2006,G-RI,Governor,sabato,Lean R,-1.0,"Sabato November 6, 2006"
2006,G-SC,Governor,consensus,Likely R,-2.0,"median of 3: sabato=Likely R, inside=Safe R, cook=Likely R"
2006,G-SC,Governor,cook,Likely R,-2.0,"Cook November 6, 2006"
2006,G-SC,Governor,inside,Safe R,-3.0,"Rothenberg November 2, 2006"
2006,G-SC,Governor,sabato,Likely R,-2.0,"Sabato November 6, 2006"
2006,G-SD,Governor,consensus,Safe R,-3.0,"median of 3: sabato=Safe R, inside=Safe R, cook=Safe R"
2006,G-SD,Governor,cook,Safe R,-3.0,"Cook November 6, 2006"
2006,G-SD,Governor,inside,Safe R,-3.0,"Rothenberg November 2, 2006"
2006,G-SD,Governor,sabato,Safe R,-3.0,"Sabato November 6, 2006"
2006,G-TN,Governor,consensus,Safe D,3.0,"median of 3: sabato=Safe D, inside=Safe D, cook=Safe D"
2006,G-TN,Governor,cook,Safe D,3.0,"Cook November 6, 2006"
2006,G-TN,Governor,inside,Safe D,3.0,"Rothenberg November 2, 2006"
2006,G-TN,Governor,sabato,Safe D,3.0,"Sabato November 6, 2006"
2006,G-TX,Governor,consensus,Likely R,-2.0,"median of 3: sabato=Safe R, inside=Likely R, cook=Likely R"
2006,G-TX,Governor,cook,Likely R,-2.0,"Cook November 6, 2006"
2006,G-TX,Governor,inside,Likely R,-2.0,"Rothenberg November 2, 2006"
2006,G-TX,Governor,sabato,Safe R,-3.0,"Sabato November 6, 2006"
2006,G-VT,Governor,consensus,Safe R,-3.0,"median of 3: sabato=Safe R, inside=Safe R, cook=Likely R"
2006,G-VT,Governor,cook,Likely R,-2.0,"Cook November 6, 2006"
2006,G-VT,Governor,inside,Safe R,-3.0,"Rothenberg November 2, 2006"
2006,G-VT,Governor,sabato,Safe R,-3.0,"Sabato November 6, 2006"
2006,G-WI,Governor,consensus,Toss-up,0.0,"median of 3: sabato=Lean D, inside=Toss-up, cook=Toss-up"
2006,G-WI,Governor,cook,Toss-up,0.0,"Cook November 6, 2006"
2006,G-WI,Governor,inside,Toss-up,0.0,"Rothenberg November 2, 2006"
2006,G-WI,Governor,sabato,Lean D,1.0,"Sabato November 6, 2006"
2006,G-WY,Governor,consensus,Safe D,3.0,"median of 3: sabato=Safe D, inside=Safe D, cook=Safe D"
2006,G-WY,Governor,cook,Safe D,3.0,"Cook November 6, 2006"
2006,G-WY,Governor,inside,Safe D,3.0,"Rothenberg November 2, 2006"
2006,G-WY,Governor,sabato,Safe D,3.0,"Sabato November 6, 2006"
2006,S-AZ,Senate,consensus,Lean R,-1.0,"median of 3: sabato=Lean R, inside=Lean R, cook=Lean R"
2006,S-AZ,Senate,cook,Lean R,-1.0,Cook
2006,S-AZ,Senate,inside,Lean R,-1.0,Rothenberg
2006,S-AZ,Senate,sabato,Lean R,-1.0,Crystal Ball
2006,S-CA,Senate,consensus,Safe D,3.0,"median of 3: sabato=Safe D, inside=Safe D, cook=Safe D"
2006,S-CA,Senate,cook,Safe D,3.0,Cook
2006,S-CA,Senate,inside,Safe D,3.0,Rothenberg
2006,S-CA,Senate,sabato,Safe D,3.0,Crystal Ball
2006,S-CT,Senate,cook,Safe I,,Cook
2006,S-CT,Senate,inside,Safe I,,Rothenberg
2006,S-CT,Senate,sabato,Lean I,,Crystal Ball
2006,S-DE,Senate,consensus,Safe D,3.0,"median of 3: sabato=Safe D, inside=Safe D, cook=Safe D"
2006,S-DE,Senate,cook,Safe D,3.0,Cook
2006,S-DE,Senate,inside,Safe D,3.0,Rothenberg
2006,S-DE,Senate,sabato,Safe D,3.0,Crystal Ball
2006,S-FL,Senate,consensus,Safe D,3.0,"median of 3: sabato=Safe D, inside=Safe D, cook=Safe D"
2006,S-FL,Senate,cook,Safe D,3.0,Cook
2006,S-FL,Senate,inside,Safe D,3.0,Rothenberg
2006,S-FL,Senate,sabato,Safe D,3.0,Crystal Ball
2006,S-HI,Senate,consensus,Safe D,3.0,"median of 3: sabato=Safe D, inside=Safe D, cook=Safe D"
2006,S-HI,Senate,cook,Safe D,3.0,Cook
2006,S-HI,Senate,inside,Safe D,3.0,Rothenberg
2006,S-HI,Senate,sabato,Safe D,3.0,Crystal Ball
2006,S-IN,Senate,consensus,Safe R,-3.0,"median of 3: sabato=Safe R, inside=Safe R, cook=Safe R"
2006,S-IN,Senate,cook,Safe R,-3.0,Cook
2006,S-IN,Senate,inside,Safe R,-3.0,Rothenberg
2006,S-IN,Senate,sabato,Safe R,-3.0,Crystal Ball
2006,S-MA,Senate,consensus,Safe D,3.0,"median of 3: sabato=Safe D, inside=Safe D, cook=Safe D"
2006,S-MA,Senate,cook,Safe D,3.0,Cook
2006,S-MA,Senate,inside,Safe D,3.0,Rothenberg
2006,S-MA,Senate,sabato,Safe D,3.0,Crystal Ball
2006,S-MD,Senate,consensus,Lean D,1.0,"median of 3: sabato=Lean D, inside=Lean D, cook=Toss-up"
2006,S-MD,Senate,cook,Toss-up,0.0,Cook
2006,S-MD,Senate,inside,Lean D,1.0,Rothenberg
2006,S-MD,Senate,sabato,Lean D,1.0,Crystal Ball
2006,S-ME,Senate,consensus,Safe R,-3.0,"median of 3: sabato=Safe R, inside=Safe R, cook=Safe R"
2006,S-ME,Senate,cook,Safe R,-3.0,Cook
2006,S-ME,Senate,inside,Safe R,-3.0,Rothenberg
2006,S-ME,Senate,sabato,Safe R,-3.0,Crystal Ball
2006,S-MI,Senate,consensus,Likely D,2.0,"median of 3: sabato=Likely D, inside=Likely D, cook=Lean D"
2006,S-MI,Senate,cook,Lean D,1.0,Cook
2006,S-MI,Senate,inside,Likely D,2.0,Rothenberg
2006,S-MI,Senate,sabato,Likely D,2.0,Crystal Ball
2006,S-MN,Senate,consensus,Likely D,2.0,"median of 3: sabato=Likely D, inside=Safe D, cook=Likely D"
2006,S-MN,Senate,cook,Likely D,2.0,Cook
2006,S-MN,Senate,inside,Safe D,3.0,Rothenberg
2006,S-MN,Senate,sabato,Likely D,2.0,Crystal Ball
2006,S-MO,Senate,consensus,Lean D,1.0,"median of 3: sabato=Lean D, inside=Lean D, cook=Toss-up"
2006,S-MO,Senate,cook,Toss-up,0.0,Cook
2006,S-MO,Senate,inside,Lean D,1.0,Rothenberg
2006,S-MO,Senate,sabato,Lean D,1.0,Crystal Ball
2006,S-MS,Senate,consensus,Safe R,-3.0,"median of 3: sabato=Safe R, inside=Safe R, cook=Safe R"
2006,S-MS,Senate,cook,Safe R,-3.0,Cook
2006,S-MS,Senate,inside,Safe R,-3.0,Rothenberg
2006,S-MS,Senate,sabato,Safe R,-3.0,Crystal Ball
2006,S-MT,Senate,consensus,Lean D,1.0,"median of 3: sabato=Lean D, inside=Lean D, cook=Toss-up"
2006,S-MT,Senate,cook,Toss-up,0.0,Cook
2006,S-MT,Senate,inside,Lean D,1.0,Rothenberg
2006,S-MT,Senate,sabato,Lean D,1.0,Crystal Ball
2006,S-ND,Senate,consensus,Safe D,3.0,"median of 3: sabato=Safe D, inside=Safe D, cook=Safe D"
2006,S-ND,Senate,cook,Safe D,3.0,Cook
2006,S-ND,Senate,inside,Safe D,3.0,Rothenberg
2006,S-ND,Senate,sabato,Safe D,3.0,Crystal Ball
2006,S-NE,Senate,consensus,Likely D,2.0,"median of 3: sabato=Likely D, inside=Likely D, cook=Safe D"
2006,S-NE,Senate,cook,Safe D,3.0,Cook
2006,S-NE,Senate,inside,Likely D,2.0,Rothenberg
2006,S-NE,Senate,sabato,Likely D,2.0,Crystal Ball
2006,S-NJ,Senate,consensus,Lean D,1.0,"median of 3: sabato=Lean D, inside=Lean D, cook=Toss-up"
2006,S-NJ,Senate,cook,Toss-up,0.0,Cook
2006,S-NJ,Senate,inside,Lean D,1.0,Rothenberg
2006,S-NJ,Senate,sabato,Lean D,1.0,Crystal Ball
2006,S-NM,Senate,consensus,Safe D,3.0,"median of 3: sabato=Safe D, inside=Safe D, cook=Safe D"
2006,S-NM,Senate,cook,Safe D,3.0,Cook
2006,S-NM,Senate,inside,Safe D,3.0,Rothenberg
2006,S-NM,Senate,sabato,Safe D,3.0,Crystal Ball
2006,S-NV,Senate,consensus,Safe R,-3.0,"median of 3: sabato=Safe R, inside=Safe R, cook=Safe R"
2006,S-NV,Senate,cook,Safe R,-3.0,Cook
2006,S-NV,Senate,inside,Safe R,-3.0,Rothenberg
2006,S-NV,Senate,sabato,Safe R,-3.0,Crystal Ball
2006,S-NY,Senate,consensus,Safe D,3.0,"median of 3: sabato=Safe D, inside=Safe D, cook=Safe D"
2006,S-NY,Senate,cook,Safe D,3.0,Cook
2006,S-NY,Senate,inside,Safe D,3.0,Rothenberg
2006,S-NY,Senate,sabato,Safe D,3.0,Crystal Ball
2006,S-OH,Senate,consensus,Likely D,2.0,"median of 3: sabato=Likely D, inside=Likely D, cook=Lean D"
2006,S-OH,Senate,cook,Lean D,1.0,Cook
2006,S-OH,Senate,inside,Likely D,2.0,Rothenberg
2006,S-OH,Senate,sabato,Likely D,2.0,Crystal Ball
2006,S-PA,Senate,consensus,Likely D,2.0,"median of 3: sabato=Safe D, inside=Likely D, cook=Lean D"
2006,S-PA,Senate,cook,Lean D,1.0,Cook
2006,S-PA,Senate,inside,Likely D,2.0,Rothenberg
2006,S-PA,Senate,sabato,Safe D,3.0,Crystal Ball
2006,S-RI,Senate,consensus,Lean D,1.0,"median of 3: sabato=Lean D, inside=Lean D, cook=Toss-up"
2006,S-RI,Senate,cook,Toss-up,0.0,Cook
2006,S-RI,Senate,inside,Lean D,1.0,Rothenberg
2006,S-RI,Senate,sabato,Lean D,1.0,Crystal Ball
2006,S-TN,Senate,consensus,Toss-up,0.0,"median of 3: sabato=Lean R, inside=Toss-up, cook=Toss-up"
2006,S-TN,Senate,cook,Toss-up,0.0,Cook
2006,S-TN,Senate,inside,Toss-up,0.0,Rothenberg
2006,S-TN,Senate,sabato,Lean R,-1.0,Crystal Ball
2006,S-TX,Senate,consensus,Safe R,-3.0,"median of 3: sabato=Safe R, inside=Safe R, cook=Safe R"
2006,S-TX,Senate,cook,Safe R,-3.0,Cook
2006,S-TX,Senate,inside,Safe R,-3.0,Rothenberg
2006,S-TX,Senate,sabato,Safe R,-3.0,Crystal Ball
2006,S-UT,Senate,consensus,Safe R,-3.0,"median of 3: sabato=Safe R, inside=Safe R, cook=Safe R"
2006,S-UT,Senate,cook,Safe R,-3.0,Cook
2006,S-UT,Senate,inside,Safe R,-3.0,Rothenberg
2006,S-UT,Senate,sabato,Safe R,-3.0,Crystal Ball
2006,S-VA,Senate,consensus,Lean D,1.0,"median of 3: sabato=Lean D, inside=Lean D, cook=Toss-up"
2006,S-VA,Senate,cook,Toss-up,0.0,Cook
2006,S-VA,Senate,inside,Lean D,1.0,Rothenberg
2006,S-VA,Senate,sabato,Lean D,1.0,Crystal Ball
2006,S-VT,Senate,cook,Likely I,,Cook
2006,S-VT,Senate,inside,Safe I,,Rothenberg
2006,S-VT,Senate,sabato,Safe I,,Crystal Ball
2006,S-WA,Senate,consensus,Likely D,2.0,"median of 3: sabato=Likely D, inside=Likely D, cook=Likely D"
2006,S-WA,Senate,cook,Likely D,2.0,Cook
2006,S-WA,Senate,inside,Likely D,2.0,Rothenberg
2006,S-WA,Senate,sabato,Likely D,2.0,Crystal Ball
2006,S-WI,Senate,consensus,Safe D,3.0,"median of 3: sabato=Safe D, inside=Safe D, cook=Safe D"
2006,S-WI,Senate,cook,Safe D,3.0,Cook
2006,S-WI,Senate,inside,Safe D,3.0,Rothenberg
2006,S-WI,Senate,sabato,Safe D,3.0,Crystal Ball
2006,S-WV,Senate,consensus,Safe D,3.0,"median of 3: sabato=Safe D, inside=Safe D, cook=Safe D"
2006,S-WV,Senate,cook,Safe D,3.0,Cook
2006,S-WV,Senate,inside,Safe D,3.0,Rothenberg
2006,S-WV,Senate,sabato,Safe D,3.0,Crystal Ball
2006,S-WY,Senate,consensus,Safe R,-3.0,"median of 3: sabato=Safe R, inside=Safe R, cook=Safe R"
2006,S-WY,Senate,cook,Safe R,-3.0,Cook
2006,S-WY,Senate,inside,Safe R,-3.0,Rothenberg
2006,S-WY,Senate,sabato,Safe R,-3.0,Crystal Ball
2010,G-AK,Governor,consensus,Safe R,-3.0,"median of 3: sabato=Safe R, cook=Safe R, inside=Safe R"
2010,G-AK,Governor,cook,Safe R,-3.0,"Cook October 1, 2010"
2010,G-AK,Governor,inside,Safe R,-3.0,"IE October 28, 2010"
2010,G-AK,Governor,sabato,Safe R,-3.0,"Sabato November 1, 2010"
2010,G-AL,Governor,consensus,Likely R,-2.0,"median of 3: sabato=Likely R, cook=Lean R, inside=Safe R"
2010,G-AL,Governor,cook,Lean R,-1.0,"Cook October 1, 2010"
2010,G-AL,Governor,inside,Safe R,-3.0,"IE October 28, 2010"
2010,G-AL,Governor,sabato,Likely R,-2.0,"Sabato November 1, 2010"
2010,G-AR,Governor,consensus,Safe D,3.0,"median of 3: sabato=Likely D, cook=Safe D, inside=Safe D"
2010,G-AR,Governor,cook,Safe D,3.0,"Cook October 1, 2010"
2010,G-AR,Governor,inside,Safe D,3.0,"IE October 28, 2010"
2010,G-AR,Governor,sabato,Likely D,2.0,"Sabato November 1, 2010"
2010,G-AZ,Governor,consensus,Likely R,-2.0,"median of 3: sabato=Likely R, cook=Likely R, inside=Lean R"
2010,G-AZ,Governor,cook,Likely R,-2.0,"Cook October 1, 2010"
2010,G-AZ,Governor,inside,Lean R,-1.0,"IE October 28, 2010"
2010,G-AZ,Governor,sabato,Likely R,-2.0,"Sabato November 1, 2010"
2010,G-CA,Governor,consensus,Lean D,1.0,"median of 3: sabato=Lean D, cook=Toss-up, inside=Lean D"
2010,G-CA,Governor,cook,Toss-up,0.0,"Cook October 1, 2010"
2010,G-CA,Governor,inside,Lean D,1.0,"IE October 28, 2010"
2010,G-CA,Governor,sabato,Lean D,1.0,"Sabato November 1, 2010"
2010,G-CO,Governor,consensus,Lean D,1.0,"median of 3: sabato=Lean D, cook=Likely D, inside=Lean D"
2010,G-CO,Governor,cook,Likely D,2.0,"Cook October 1, 2010"
2010,G-CO,Governor,inside,Lean D,1.0,"IE October 28, 2010"
2010,G-CO,Governor,sabato,Lean D,1.0,"Sabato November 1, 2010"
2010,G-CT,Governor,consensus,Toss-up,0.0,"median of 3: sabato=Lean R, cook=Toss-up, inside=Toss-up"
2010,G-CT,Governor,cook,Toss-up,0.0,"Cook October 1, 2010"
2010,G-CT,Governor,inside,Toss-up,0.0,"IE October 28, 2010"
2010,G-CT,Governor,sabato,Lean R,-1.0,"Sabato November 1, 2010"
2010,G-FL,Governor,consensus,Toss-up,0.0,"median of 3: sabato=Lean R, cook=Toss-up, inside=Toss-up"
2010,G-FL,Governor,cook,Toss-up,0.0,"Cook October 1, 2010"
2010,G-FL,Governor,inside,Toss-up,0.0,"IE October 28, 2010"
2010,G-FL,Governor,sabato,Lean R,-1.0,"Sabato November 1, 2010"
2010,G-GA,Governor,consensus,Lean R,-1.0,"median of 3: sabato=Lean R, cook=Toss-up, inside=Lean R"
2010,G-GA,Governor,cook,Toss-up,0.0,"Cook October 1, 2010"
2010,G-GA,Governor,inside,Lean R,-1.0,"IE October 28, 2010"
2010,G-GA,Governor,sabato,Lean R,-1.0,"Sabato November 1, 2010"
2010,G-HI,Governor,consensus,Lean D,1.0,"median of 3: sabato=Lean D, cook=Lean D, inside=Lean D"
2010,G-HI,Governor,cook,Lean D,1.0,"Cook October 1, 2010"
2010,G-HI,Governor,inside,Lean D,1.0,"IE October 28, 2010"
2010,G-HI,Governor,sabato,Lean D,1.0,"Sabato November 1, 2010"
2010,G-IA,Governor,consensus,Likely R,-2.0,"median of 3: sabato=Likely R, cook=Likely R, inside=Likely R"
2010,G-IA,Governor,cook,Likely R,-2.0,"Cook October 1, 2010"
2010,G-IA,Governor,inside,Likely R,-2.0,"IE October 28, 2010"
2010,G-IA,Governor,sabato,Likely R,-2.0,"Sabato November 1, 2010"
2010,G-ID,Governor,consensus,Safe R,-3.0,"median of 3: sabato=Likely R, cook=Safe R, inside=Safe R"
2010,G-ID,Governor,cook,Safe R,-3.0,"Cook October 1, 2010"
2010,G-ID,Governor,inside,Safe R,-3.0,"IE October 28, 2010"
2010,G-ID,Governor,sabato,Likely R,-2.0,"Sabato November 1, 2010"
2010,G-IL,Governor,consensus,Lean R,-1.0,"median of 3: sabato=Lean R, cook=Toss-up, inside=Lean R"
2010,G-IL,Governor,cook,Toss-up,0.0,"Cook October 1, 2010"
2010,G-IL,Governor,inside,Lean R,-1.0,"IE October 28, 2010"
2010,G-IL,Governor,sabato,Lean R,-1.0,"Sabato November 1, 2010"
2010,G-KS,Governor,consensus,Safe R,-3.0,"median of 3: sabato=Safe R, cook=Safe R, inside=Safe R"
2010,G-KS,Governor,cook,Safe R,-3.0,"Cook October 1, 2010"
2010,G-KS,Governor,inside,Safe R,-3.0,"IE October 28, 2010"
2010,G-KS,Governor,sabato,Safe R,-3.0,"Sabato November 1, 2010"
2010,G-MA,Governor,consensus,Lean D,1.0,"median of 3: sabato=Lean D, cook=Toss-up, inside=Lean D"
2010,G-MA,Governor,cook,Toss-up,0.0,"Cook October 1, 2010"
2010,G-MA,Governor,inside,Lean D,1.0,"IE October 28, 2010"
2010,G-MA,Governor,sabato,Lean D,1.0,"Sabato November 1, 2010"
2010,G-MD,Governor,consensus,Likely D,2.0,"median of 3: sabato=Likely D, cook=Toss-up, inside=Likely D"
2010,G-MD,Governor,cook,Toss-up,0.0,"Cook October 1, 2010"
2010,G-MD,Governor,inside,Likely D,2.0,"IE October 28, 2010"
2010,G-MD,Governor,sabato,Likely D,2.0,"Sabato November 1, 2010"
2010,G-ME,Governor,consensus,Lean R,-1.0,"median of 3: sabato=Lean R, cook=Toss-up, inside=Lean R"
2010,G-ME,Governor,cook,Toss-up,0.0,"Cook October 1, 2010"
2010,G-ME,Governor,inside,Lean R,-1.0,"IE October 28, 2010"
2010,G-ME,Governor,sabato,Lean R,-1.0,"Sabato November 1, 2010"
2010,G-MI,Governor,consensus,Likely R,-2.0,"median of 3: sabato=Likely R, cook=Lean R, inside=Likely R"
2010,G-MI,Governor,cook,Lean R,-1.0,"Cook October 1, 2010"
2010,G-MI,Governor,inside,Likely R,-2.0,"IE October 28, 2010"
2010,G-MI,Governor,sabato,Likely R,-2.0,"Sabato November 1, 2010"
2010,G-MN,Governor,consensus,Lean D,1.0,"median of 3: sabato=Lean D, cook=Toss-up, inside=Lean D"
2010,G-MN,Governor,cook,Toss-up,0.0,"Cook October 1, 2010"
2010,G-MN,Governor,inside,Lean D,1.0,"IE October 28, 2010"
2010,G-MN,Governor,sabato,Lean D,1.0,"Sabato November 1, 2010"
2010,G-NE,Governor,consensus,Safe R,-3.0,"median of 3: sabato=Safe R, cook=Safe R, inside=Safe R"
2010,G-NE,Governor,cook,Safe R,-3.0,"Cook October 1, 2010"
2010,G-NE,Governor,inside,Safe R,-3.0,"IE October 28, 2010"
2010,G-NE,Governor,sabato,Safe R,-3.0,"Sabato November 1, 2010"
2010,G-NH,Governor,consensus,Lean D,1.0,"median of 3: sabato=Lean D, cook=Toss-up, inside=Lean D"
2010,G-NH,Governor,cook,Toss-up,0.0,"Cook October 1, 2010"
2010,G-NH,Governor,inside,Lean D,1.0,"IE October 28, 2010"
2010,G-NH,Governor,sabato,Lean D,1.0,"Sabato November 1, 2010"
2010,G-NM,Governor,consensus,Lean R,-1.0,"median of 3: sabato=Likely R, cook=Toss-up, inside=Lean R"
2010,G-NM,Governor,cook,Toss-up,0.0,"Cook October 1, 2010"
2010,G-NM,Governor,inside,Lean R,-1.0,"IE October 28, 2010"
2010,G-NM,Governor,sabato,Likely R,-2.0,"Sabato November 1, 2010"
2010,G-NV,Governor,consensus,Likely R,-2.0,"median of 3: sabato=Likely R, cook=Toss-up, inside=Safe R"
2010,G-NV,Governor,cook,Toss-up,0.0,"Cook October 1, 2010"
2010,G-NV,Governor,inside,Safe R,-3.0,"IE October 28, 2010"
2010,G-NV,Governor,sabato,Likely R,-2.0,"Sabato November 1, 2010"
2010,G-NY,Governor,consensus,Safe D,3.0,"median of 3: sabato=Safe D, cook=Safe D, inside=Safe D"
2010,G-NY,Governor,cook,Safe D,3.0,"Cook October 1, 2010"
2010,G-NY,Governor,inside,Safe D,3.0,"IE October 28, 2010"
2010,G-NY,Governor,sabato,Safe D,3.0,"Sabato November 1, 2010"
2010,G-OH,Governor,consensus,Lean R,-1.0,"median of 3: sabato=Lean R, cook=Toss-up, inside=Lean R"
2010,G-OH,Governor,cook,Toss-up,0.0,"Cook October 1, 2010"
2010,G-OH,Governor,inside,Lean R,-1.0,"IE October 28, 2010"
2010,G-OH,Governor,sabato,Lean R,-1.0,"Sabato November 1, 2010"
2010,G-OK,Governor,consensus,Likely R,-2.0,"median of 3: sabato=Likely R, cook=Lean R, inside=Safe R"
2010,G-OK,Governor,cook,Lean R,-1.0,"Cook October 1, 2010"
2010,G-OK,Governor,inside,Safe R,-3.0,"IE October 28, 2010"
2010,G-OK,Governor,sabato,Likely R,-2.0,"Sabato November 1, 2010"
2010,G-OR,Governor,consensus,Toss-up,0.0,"median of 3: sabato=Lean R, cook=Toss-up, inside=Toss-up"
2010,G-OR,Governor,cook,Toss-up,0.0,"Cook October 1, 2010"
2010,G-OR,Governor,inside,Toss-up,0.0,"IE October 28, 2010"
2010,G-OR,Governor,sabato,Lean R,-1.0,"Sabato November 1, 2010"
2010,G-PA,Governor,consensus,Lean R,-1.0,"median of 3: sabato=Likely R, cook=Lean R, inside=Lean R"
2010,G-PA,Governor,cook,Lean R,-1.0,"Cook October 1, 2010"
2010,G-PA,Governor,inside,Lean R,-1.0,"IE October 28, 2010"
2010,G-PA,Governor,sabato,Likely R,-2.0,"Sabato November 1, 2010"
2010,G-RI,Governor,cook,Toss-up,0.0,"Cook October 1, 2010"
2010,G-RI,Governor,inside,Lean I,,"IE October 28, 2010"
2010,G-RI,Governor,sabato,Lean I,,"Sabato November 1, 2010"
2010,G-SC,Governor,consensus,Likely R,-2.0,"median of 3: sabato=Likely R, cook=Likely R, inside=Safe R"
2010,G-SC,Governor,cook,Likely R,-2.0,"Cook October 1, 2010"
2010,G-SC,Governor,inside,Safe R,-3.0,"IE October 28, 2010"
2010,G-SC,Governor,sabato,Likely R,-2.0,"Sabato November 1, 2010"
2010,G-SD,Governor,consensus,Likely R,-2.0,"median of 3: sabato=Likely R, cook=Likely R, inside=Safe R"
2010,G-SD,Governor,cook,Likely R,-2.0,"Cook October 1, 2010"
2010,G-SD,Governor,inside,Safe R,-3.0,"IE October 28, 2010"
2010,G-SD,Governor,sabato,Likely R,-2.0,"Sabato November 1, 2010"
2010,G-TN,Governor,consensus,Likely R,-2.0,"median of 3: sabato=Likely R, cook=Likely R, inside=Safe R"
2010,G-TN,Governor,cook,Likely R,-2.0,"Cook October 1, 2010"
2010,G-TN,Governor,inside,Safe R,-3.0,"IE October 28, 2010"
2010,G-TN,Governor,sabato,Likely R,-2.0,"Sabato November 1, 2010"
2010,G-TX,Governor,consensus,Lean R,-1.0,"median of 3: sabato=Likely R, cook=Toss-up, inside=Lean R"
2010,G-TX,Governor,cook,Toss-up,0.0,"Cook October 1, 2010"
2010,G-TX,Governor,inside,Lean R,-1.0,"IE October 28, 2010"
2010,G-TX,Governor,sabato,Likely R,-2.0,"Sabato November 1, 2010"
2010,G-UT,Governor,consensus,Safe R,-3.0,"median of 3: sabato=Safe R, cook=Safe R, inside=Safe R"
2010,G-UT,Governor,cook,Safe R,-3.0,"Cook October 1, 2010"
2010,G-UT,Governor,inside,Safe R,-3.0,"IE October 28, 2010"
2010,G-UT,Governor,sabato,Safe R,-3.0,"Sabato November 1, 2010"
2010,G-VT,Governor,consensus,Lean D,1.0,"median of 3: sabato=Lean D, cook=Toss-up, inside=Lean D"
2010,G-VT,Governor,cook,Toss-up,0.0,"Cook October 1, 2010"
2010,G-VT,Governor,inside,Lean D,1.0,"IE October 28, 2010"
2010,G-VT,Governor,sabato,Lean D,1.0,"Sabato November 1, 2010"
2010,G-WI,Governor,consensus,Lean R,-1.0,"median of 3: sabato=Likely R, cook=Toss-up, inside=Lean R"
2010,G-WI,Governor,cook,Toss-up,0.0,"Cook October 1, 2010"
2010,G-WI,Governor,inside,Lean R,-1.0,"IE October 28, 2010"
2010,G-WI,Governor,sabato,Likely R,-2.0,"Sabato November 1, 2010"
2010,G-WY,Governor,consensus,Safe R,-3.0,"median of 3: sabato=Safe R, cook=Safe R, inside=Safe R"
2010,G-WY,Governor,cook,Safe R,-3.0,"Cook October 1, 2010"
2010,G-WY,Governor,inside,Safe R,-3.0,"IE October 28, 2010"
2010,G-WY,Governor,sabato,Safe R,-3.0,"Sabato November 1, 2010"
2010,S-AK,Senate,consensus,Likely R,-2.0,"median of 3: cook=Likely R, inside=Safe R, sabato=Likely R"
2010,S-AK,Senate,cook,Likely R,-2.0,Cook
2010,S-AK,Senate,inside,Safe R,-3.0,Rothenberg
2010,S-AK,Senate,sabato,Likely R,-2.0,Sabato
2010,S-AL,Senate,consensus,Safe R,-3.0,"median of 3: cook=Safe R, inside=Safe R, sabato=Safe R"
2010,S-AL,Senate,cook,Safe R,-3.0,Cook
2010,S-AL,Senate,inside,Safe R,-3.0,Rothenberg
2010,S-AL,Senate,sabato,Safe R,-3.0,Sabato
2010,S-AR,Senate,consensus,Likely R,-2.0,"median of 3: cook=Lean R, inside=Likely R, sabato=Safe R"
2010,S-AR,Senate,cook,Lean R,-1.0,Cook
2010,S-AR,Senate,inside,Likely R,-2.0,Rothenberg
2010,S-AR,Senate,sabato,Safe R,-3.0,Sabato
2010,S-AZ,Senate,consensus,Safe R,-3.0,"median of 3: cook=Safe R, inside=Safe R, sabato=Safe R"
2010,S-AZ,Senate,cook,Safe R,-3.0,Cook
2010,S-AZ,Senate,inside,Safe R,-3.0,Rothenberg
2010,S-AZ,Senate,sabato,Safe R,-3.0,Sabato
2010,S-CA,Senate,consensus,Lean D,1.0,"median of 3: cook=Toss-up, inside=Lean D, sabato=Lean D"
2010,S-CA,Senate,cook,Toss-up,0.0,Cook
2010,S-CA,Senate,inside,Lean D,1.0,Rothenberg
2010,S-CA,Senate,sabato,Lean D,1.0,Sabato
2010,S-CO,Senate,consensus,Toss-up,0.0,"median of 3: cook=Toss-up, inside=Toss-up, sabato=Lean R"
2010,S-CO,Senate,cook,Toss-up,0.0,Cook
2010,S-CO,Senate,inside,Toss-up,0.0,Rothenberg
2010,S-CO,Senate,sabato,Lean R,-1.0,Sabato
2010,S-CT,Senate,consensus,Lean D,1.0,"median of 3: cook=Lean D, inside=Likely D, sabato=Lean D"
2010,S-CT,Senate,cook,Lean D,1.0,Cook
2010,S-CT,Senate,inside,Likely D,2.0,Rothenberg
2010,S-CT,Senate,sabato,Lean D,1.0,Sabato
2010,S-DE-special,Senate,consensus,Likely D,2.0,"median of 3: cook=Likely D, inside=Likely D, sabato=Likely D"
2010,S-DE-special,Senate,cook,Likely D,2.0,Cook
2010,S-DE-special,Senate,inside,Likely D,2.0,Rothenberg
2010,S-DE-special,Senate,sabato,Likely D,2.0,Sabato
2010,S-FL,Senate,consensus,Safe R,-3.0,"median of 3: cook=Safe R, inside=Safe R, sabato=Safe R"
2010,S-FL,Senate,cook,Safe R,-3.0,Cook
2010,S-FL,Senate,inside,Safe R,-3.0,Rothenberg
2010,S-FL,Senate,sabato,Safe R,-3.0,Sabato
2010,S-GA,Senate,consensus,Safe R,-3.0,"median of 3: cook=Safe R, inside=Safe R, sabato=Safe R"
2010,S-GA,Senate,cook,Safe R,-3.0,Cook
2010,S-GA,Senate,inside,Safe R,-3.0,Rothenberg
2010,S-GA,Senate,sabato,Safe R,-3.0,Sabato
2010,S-HI,Senate,consensus,Safe D,3.0,"median of 3: cook=Safe D, inside=Safe D, sabato=Safe D"
2010,S-HI,Senate,cook,Safe D,3.0,Cook
2010,S-HI,Senate,inside,Safe D,3.0,Rothenberg
2010,S-HI,Senate,sabato,Safe D,3.0,Sabato
2010,S-IA,Senate,consensus,Safe R,-3.0,"median of 3: cook=Safe R, inside=Safe R, sabato=Safe R"
2010,S-IA,Senate,cook,Safe R,-3.0,Cook
2010,S-IA,Senate,inside,Safe R,-3.0,Rothenberg
2010,S-IA,Senate,sabato,Safe R,-3.0,Sabato
2010,S-ID,Senate,consensus,Safe R,-3.0,"median of 3: cook=Safe R, inside=Safe R, sabato=Safe R"
2010,S-ID,Senate,cook,Safe R,-3.0,Cook
2010,S-ID,Senate,inside,Safe R,-3.0,Rothenberg
2010,S-ID,Senate,sabato,Safe R,-3.0,Sabato
2010,S-IL,Senate,consensus,Lean R,-1.0,"median of 3: cook=Toss-up, inside=Lean R, sabato=Lean R"
2010,S-IL,Senate,cook,Toss-up,0.0,Cook
2010,S-IL,Senate,inside,Lean R,-1.0,Rothenberg
2010,S-IL,Senate,sabato,Lean R,-1.0,Sabato
2010,S-IN,Senate,consensus,Likely R,-2.0,"median of 3: cook=Safe R, inside=Lean R, sabato=Likely R"
2010,S-IN,Senate,cook,Safe R,-3.0,Cook
2010,S-IN,Senate,inside,Lean R,-1.0,Rothenberg
2010,S-IN,Senate,sabato,Likely R,-2.0,Sabato
2010,S-KS,Senate,consensus,Safe R,-3.0,"median of 3: cook=Safe R, inside=Safe R, sabato=Safe R"
2010,S-KS,Senate,cook,Safe R,-3.0,Cook
2010,S-KS,Senate,inside,Safe R,-3.0,Rothenberg
2010,S-KS,Senate,sabato,Safe R,-3.0,Sabato
2010,S-KY,Senate,consensus,Lean R,-1.0,"median of 3: cook=Lean R, inside=Lean R, sabato=Lean R"
2010,S-KY,Senate,cook,Lean R,-1.0,Cook
2010,S-KY,Senate,inside,Lean R,-1.0,Rothenberg
2010,S-KY,Senate,sabato,Lean R,-1.0,Sabato
2010,S-LA,Senate,consensus,Likely R,-2.0,"median of 3: cook=Lean R, inside=Likely R, sabato=Likely R"
2010,S-LA,Senate,cook,Lean R,-1.0,Cook
2010,S-LA,Senate,inside,Likely R,-2.0,Rothenberg
2010,S-LA,Senate,sabato,Likely R,-2.0,Sabato
2010,S-MA-special,Senate,consensus,Toss-up,0.0,"median of 3: cook=Toss-up, inside=Lean R, sabato=Toss-up"
2010,S-MA-special,Senate,cook,Toss-up,0.0,Cook
2010,S-MA-special,Senate,inside,Lean R,-1.0,Rothenberg
2010,S-MA-special,Senate,sabato,Toss-up,0.0,Sabato
2010,S-MD,Senate,consensus,Safe D,3.0,"median of 3: cook=Safe D, inside=Safe D, sabato=Safe D"
2010,S-MD,Senate,cook,Safe D,3.0,Cook
2010,S-MD,Senate,inside,Safe D,3.0,Rothenberg
2010,S-MD,Senate,sabato,Safe D,3.0,Sabato
2010,S-MO,Senate,consensus,Lean R,-1.0,"median of 3: cook=Lean R, inside=Lean R, sabato=Likely R"
2010,S-MO,Senate,cook,Lean R,-1.0,Cook
2010,S-MO,Senate,inside,Lean R,-1.0,Rothenberg
2010,S-MO,Senate,sabato,Likely R,-2.0,Sabato
2010,S-NC,Senate,consensus,Likely R,-2.0,"median of 3: cook=Likely R, inside=Likely R, sabato=Likely R"
2010,S-NC,Senate,cook,Likely R,-2.0,Cook
2010,S-NC,Senate,inside,Likely R,-2.0,Rothenberg
2010,S-NC,Senate,sabato,Likely R,-2.0,Sabato
2010,S-ND,Senate,consensus,Safe R,-3.0,"median of 3: cook=Safe R, inside=Safe R, sabato=Safe R"
2010,S-ND,Senate,cook,Safe R,-3.0,Cook
2010,S-ND,Senate,inside,Safe R,-3.0,Rothenberg
2010,S-ND,Senate,sabato,Safe R,-3.0,Sabato
2010,S-NH,Senate,consensus,Likely R,-2.0,"median of 3: cook=Lean R, inside=Safe R, sabato=Likely R"
2010,S-NH,Senate,cook,Lean R,-1.0,Cook
2010,S-NH,Senate,inside,Safe R,-3.0,Rothenberg
2010,S-NH,Senate,sabato,Likely R,-2.0,Sabato
2010,S-NV,Senate,consensus,Toss-up,0.0,"median of 3: cook=Toss-up, inside=Toss-up, sabato=Lean R"
2010,S-NV,Senate,cook,Toss-up,0.0,Cook
2010,S-NV,Senate,inside,Toss-up,0.0,Rothenberg
2010,S-NV,Senate,sabato,Lean R,-1.0,Sabato
2010,S-NY,Senate,consensus,Safe D,3.0,"median of 3: cook=Safe D, inside=Safe D, sabato=Safe D"
2010,S-NY,Senate,cook,Safe D,3.0,Cook
2010,S-NY,Senate,inside,Safe D,3.0,Rothenberg
2010,S-NY,Senate,sabato,Safe D,3.0,Sabato
2010,S-NY-special,Senate,consensus,Safe D,3.0,"median of 3: cook=Safe D, inside=Safe D, sabato=Safe D"
2010,S-NY-special,Senate,cook,Safe D,3.0,Cook
2010,S-NY-special,Senate,inside,Safe D,3.0,Rothenberg
2010,S-NY-special,Senate,sabato,Safe D,3.0,Sabato
2010,S-OH,Senate,consensus,Safe R,-3.0,"median of 3: cook=Safe R, inside=Safe R, sabato=Likely R"
2010,S-OH,Senate,cook,Safe R,-3.0,Cook
2010,S-OH,Senate,inside,Safe R,-3.0,Rothenberg
2010,S-OH,Senate,sabato,Likely R,-2.0,Sabato
2010,S-OK,Senate,consensus,Safe R,-3.0,"median of 3: cook=Safe R, inside=Safe R, sabato=Safe R"
2010,S-OK,Senate,cook,Safe R,-3.0,Cook
2010,S-OK,Senate,inside,Safe R,-3.0,Rothenberg
2010,S-OK,Senate,sabato,Safe R,-3.0,Sabato
2010,S-OR,Senate,consensus,Safe D,3.0,"median of 3: cook=Safe D, inside=Safe D, sabato=Safe D"
2010,S-OR,Senate,cook,Safe D,3.0,Cook
2010,S-OR,Senate,inside,Safe D,3.0,Rothenberg
2010,S-OR,Senate,sabato,Safe D,3.0,Sabato
2010,S-PA,Senate,consensus,Lean R,-1.0,"median of 3: cook=Toss-up, inside=Lean R, sabato=Lean R"
2010,S-PA,Senate,cook,Toss-up,0.0,Cook
2010,S-PA,Senate,inside,Lean R,-1.0,Rothenberg
2010,S-PA,Senate,sabato,Lean R,-1.0,Sabato
2010,S-SC,Senate,consensus,Safe R,-3.0,"median of 3: cook=Safe R, inside=Safe R, sabato=Safe R"
2010,S-SC,Senate,cook,Safe R,-3.0,Cook
2010,S-SC,Senate,inside,Safe R,-3.0,Rothenberg
2010,S-SC,Senate,sabato,Safe R,-3.0,Sabato
2010,S-SD,Senate,consensus,Safe R,-3.0,"median of 3: cook=Safe R, inside=Safe R, sabato=Safe R"
2010,S-SD,Senate,cook,Safe R,-3.0,Cook
2010,S-SD,Senate,inside,Safe R,-3.0,Rothenberg
2010,S-SD,Senate,sabato,Safe R,-3.0,Sabato
2010,S-UT,Senate,consensus,Safe R,-3.0,"median of 3: cook=Safe R, inside=Safe R, sabato=Safe R"
2010,S-UT,Senate,cook,Safe R,-3.0,Cook
2010,S-UT,Senate,inside,Safe R,-3.0,Rothenberg
2010,S-UT,Senate,sabato,Safe R,-3.0,Sabato
2010,S-VT,Senate,consensus,Safe D,3.0,"median of 3: cook=Safe D, inside=Safe D, sabato=Safe D"
2010,S-VT,Senate,cook,Safe D,3.0,Cook
2010,S-VT,Senate,inside,Safe D,3.0,Rothenberg
2010,S-VT,Senate,sabato,Safe D,3.0,Sabato
2010,S-WA,Senate,consensus,Toss-up,0.0,"median of 3: cook=Toss-up, inside=Toss-up, sabato=Lean D"
2010,S-WA,Senate,cook,Toss-up,0.0,Cook
2010,S-WA,Senate,inside,Toss-up,0.0,Rothenberg
2010,S-WA,Senate,sabato,Lean D,1.0,Sabato
2010,S-WI,Senate,consensus,Lean R,-1.0,"median of 3: cook=Lean R, inside=Lean R, sabato=Lean R"
2010,S-WI,Senate,cook,Lean R,-1.0,Cook
2010,S-WI,Senate,inside,Lean R,-1.0,Rothenberg
2010,S-WI,Senate,sabato,Lean R,-1.0,Sabato
2010,S-WV-special,Senate,consensus,Lean D,1.0,"median of 3: cook=Toss-up, inside=Lean D, sabato=Lean D"
2010,S-WV-special,Senate,cook,Toss-up,0.0,Cook
2010,S-WV-special,Senate,inside,Lean D,1.0,Rothenberg
2010,S-WV-special,Senate,sabato,Lean D,1.0,Sabato
2014,G-AK,Governor,cook,Toss-up,0.0,"Cook Nov 3, 2014"
2014,G-AK,Governor,inside,Toss-up,0.0,"IE Nov 3, 2014"
2014,G-AK,Governor,sabato,Lean I,,"Sabato Nov 3, 2014"
2014,G-AL,Governor,consensus,Safe R,-3.0,"median of 3: cook=Safe R, inside=Safe R, sabato=Safe R"
2014,G-AL,Governor,cook,Safe R,-3.0,"Cook Nov 3, 2014"
2014,G-AL,Governor,inside,Safe R,-3.0,"IE Nov 3, 2014"
2014,G-AL,Governor,sabato,Safe R,-3.0,"Sabato Nov 3, 2014"
2014,G-AR,Governor,consensus,Lean R,-1.0,"median of 3: cook=Lean R, inside=Lean R, sabato=Likely R"
2014,G-AR,Governor,cook,Lean R,-1.0,"Cook Nov 3, 2014"
2014,G-AR,Governor,inside,Lean R,-1.0,"IE Nov 3, 2014"
2014,G-AR,Governor,sabato,Likely R,-2.0,"Sabato Nov 3, 2014"
2014,G-AZ,Governor,consensus,Lean R,-1.0,"median of 3: cook=Lean R, inside=Lean R, sabato=Likely R"
2014,G-AZ,Governor,cook,Lean R,-1.0,"Cook Nov 3, 2014"
2014,G-AZ,Governor,inside,Lean R,-1.0,"IE Nov 3, 2014"
2014,G-AZ,Governor,sabato,Likely R,-2.0,"Sabato Nov 3, 2014"
2014,G-CA,Governor,consensus,Safe D,3.0,"median of 3: cook=Safe D, inside=Safe D, sabato=Safe D"
2014,G-CA,Governor,cook,Safe D,3.0,"Cook Nov 3, 2014"
2014,G-CA,Governor,inside,Safe D,3.0,"IE Nov 3, 2014"
2014,G-CA,Governor,sabato,Safe D,3.0,"Sabato Nov 3, 2014"
2014,G-CO,Governor,consensus,Lean D,1.0,"median of 3: cook=Toss-up, inside=Lean D, sabato=Lean D"
2014,G-CO,Governor,cook,Toss-up,0.0,"Cook Nov 3, 2014"
2014,G-CO,Governor,inside,Lean D,1.0,"IE Nov 3, 2014"
2014,G-CO,Governor,sabato,Lean D,1.0,"Sabato Nov 3, 2014"
2014,G-CT,Governor,consensus,Toss-up,0.0,"median of 3: cook=Toss-up, inside=Toss-up, sabato=Lean D"
2014,G-CT,Governor,cook,Toss-up,0.0,"Cook Nov 3, 2014"
2014,G-CT,Governor,inside,Toss-up,0.0,"IE Nov 3, 2014"
2014,G-CT,Governor,sabato,Lean D,1.0,"Sabato Nov 3, 2014"
2014,G-FL,Governor,consensus,Toss-up,0.0,"median of 3: cook=Toss-up, inside=Toss-up, sabato=Lean D"
2014,G-FL,Governor,cook,Toss-up,0.0,"Cook Nov 3, 2014"
2014,G-FL,Governor,inside,Toss-up,0.0,"IE Nov 3, 2014"
2014,G-FL,Governor,sabato,Lean D,1.0,"Sabato Nov 3, 2014"
2014,G-GA,Governor,consensus,Lean R,-1.0,"median of 3: cook=Toss-up, inside=Lean R, sabato=Lean R"
2014,G-GA,Governor,cook,Toss-up,0.0,"Cook Nov 3, 2014"
2014,G-GA,Governor,inside,Lean R,-1.0,"IE Nov 3, 2014"
2014,G-GA,Governor,sabato,Lean R,-1.0,"Sabato Nov 3, 2014"
2014,G-HI,Governor,consensus,Lean D,1.0,"median of 3: cook=Lean D, inside=Lean D, sabato=Likely D"
2014,G-HI,Governor,cook,Lean D,1.0,"Cook Nov 3, 2014"
2014,G-HI,Governor,inside,Lean D,1.0,"IE Nov 3, 2014"
2014,G-HI,Governor,sabato,Likely D,2.0,"Sabato Nov 3, 2014"
2014,G-IA,Governor,consensus,Safe R,-3.0,"median of 3: cook=Likely R, inside=Safe R, sabato=Safe R"
2014,G-IA,Governor,cook,Likely R,-2.0,"Cook Nov 3, 2014"
2014,G-IA,Governor,inside,Safe R,-3.0,"IE Nov 3, 2014"
2014,G-IA,Governor,sabato,Safe R,-3.0,"Sabato Nov 3, 2014"
2014,G-ID,Governor,consensus,Likely R,-2.0,"median of 3: cook=Safe R, inside=Likely R, sabato=Likely R"
2014,G-ID,Governor,cook,Safe R,-3.0,"Cook Nov 3, 2014"
2014,G-ID,Governor,inside,Likely R,-2.0,"IE Nov 3, 2014"
2014,G-ID,Governor,sabato,Likely R,-2.0,"Sabato Nov 3, 2014"
2014,G-IL,Governor,consensus,Toss-up,0.0,"median of 3: cook=Toss-up, inside=Toss-up, sabato=Lean D"
2014,G-IL,Governor,cook,Toss-up,0.0,"Cook Nov 3, 2014"
2014,G-IL,Governor,inside,Toss-up,0.0,"IE Nov 3, 2014"
2014,G-IL,Governor,sabato,Lean D,1.0,"Sabato Nov 3, 2014"
2014,G-KS,Governor,consensus,Toss-up,0.0,"median of 3: cook=Toss-up, inside=Toss-up, sabato=Lean D"
2014,G-KS,Governor,cook,Toss-up,0.0,"Cook Nov 3, 2014"
2014,G-KS,Governor,inside,Toss-up,0.0,"IE Nov 3, 2014"
2014,G-KS,Governor,sabato,Lean D,1.0,"Sabato Nov 3, 2014"
2014,G-MA,Governor,consensus,Lean R,-1.0,"median of 3: cook=Toss-up, inside=Lean R, sabato=Lean R"
2014,G-MA,Governor,cook,Toss-up,0.0,"Cook Nov 3, 2014"
2014,G-MA,Governor,inside,Lean R,-1.0,"IE Nov 3, 2014"
2014,G-MA,Governor,sabato,Lean R,-1.0,"Sabato Nov 3, 2014"
2014,G-MD,Governor,consensus,Lean D,1.0,"median of 3: cook=Toss-up, inside=Lean D, sabato=Lean D"
2014,G-MD,Governor,cook,Toss-up,0.0,"Cook Nov 3, 2014"
2014,G-MD,Governor,inside,Lean D,1.0,"IE Nov 3, 2014"
2014,G-MD,Governor,sabato,Lean D,1.0,"Sabato Nov 3, 2014"
2014,G-ME,Governor,consensus,Toss-up,0.0,"median of 3: cook=Toss-up, inside=Toss-up, sabato=Lean D"
2014,G-ME,Governor,cook,Toss-up,0.0,"Cook Nov 3, 2014"
2014,G-ME,Governor,inside,Toss-up,0.0,"IE Nov 3, 2014"
2014,G-ME,Governor,sabato,Lean D,1.0,"Sabato Nov 3, 2014"
2014,G-MI,Governor,consensus,Lean R,-1.0,"median of 3: cook=Toss-up, inside=Lean R, sabato=Lean R"
2014,G-MI,Governor,cook,Toss-up,0.0,"Cook Nov 3, 2014"
2014,G-MI,Governor,inside,Lean R,-1.0,"IE Nov 3, 2014"
2014,G-MI,Governor,sabato,Lean R,-1.0,"Sabato Nov 3, 2014"
2014,G-MN,Governor,consensus,Likely D,2.0,"median of 3: cook=Likely D, inside=Safe D, sabato=Likely D"
2014,G-MN,Governor,cook,Likely D,2.0,"Cook Nov 3, 2014"
2014,G-MN,Governor,inside,Safe D,3.0,"IE Nov 3, 2014"
2014,G-MN,Governor,sabato,Likely D,2.0,"Sabato Nov 3, 2014"
2014,G-NE,Governor,consensus,Safe R,-3.0,"median of 3: cook=Safe R, inside=Safe R, sabato=Safe R"
2014,G-NE,Governor,cook,Safe R,-3.0,"Cook Nov 3, 2014"
2014,G-NE,Governor,inside,Safe R,-3.0,"IE Nov 3, 2014"
2014,G-NE,Governor,sabato,Safe R,-3.0,"Sabato Nov 3, 2014"
2014,G-NH,Governor,consensus,Lean D,1.0,"median of 3: cook=Lean D, inside=Likely D, sabato=Lean D"
2014,G-NH,Governor,cook,Lean D,1.0,"Cook Nov 3, 2014"
2014,G-NH,Governor,inside,Likely D,2.0,"IE Nov 3, 2014"
2014,G-NH,Governor,sabato,Lean D,1.0,"Sabato Nov 3, 2014"
2014,G-NM,Governor,consensus,Safe R,-3.0,"median of 3: cook=Likely R, inside=Safe R, sabato=Safe R"
2014,G-NM,Governor,cook,Likely R,-2.0,"Cook Nov 3, 2014"
2014,G-NM,Governor,inside,Safe R,-3.0,"IE Nov 3, 2014"
2014,G-NM,Governor,sabato,Safe R,-3.0,"Sabato Nov 3, 2014"
2014,G-NV,Governor,consensus,Safe R,-3.0,"median of 3: cook=Safe R, inside=Safe R, sabato=Safe R"
2014,G-NV,Governor,cook,Safe R,-3.0,"Cook Nov 3, 2014"
2014,G-NV,Governor,inside,Safe R,-3.0,"IE Nov 3, 2014"
2014,G-NV,Governor,sabato,Safe R,-3.0,"Sabato Nov 3, 2014"
2014,G-NY,Governor,consensus,Safe D,3.0,"median of 3: cook=Safe D, inside=Safe D, sabato=Safe D"
2014,G-NY,Governor,cook,Safe D,3.0,"Cook Nov 3, 2014"
2014,G-NY,Governor,inside,Safe D,3.0,"IE Nov 3, 2014"
2014,G-NY,Governor,sabato,Safe D,3.0,"Sabato Nov 3, 2014"
2014,G-OH,Governor,consensus,Safe R,-3.0,"median of 3: cook=Safe R, inside=Safe R, sabato=Safe R"
2014,G-OH,Governor,cook,Safe R,-3.0,"Cook Nov 3, 2014"
2014,G-OH,Governor,inside,Safe R,-3.0,"IE Nov 3, 2014"
2014,G-OH,Governor,sabato,Safe R,-3.0,"Sabato Nov 3, 2014"
2014,G-OK,Governor,consensus,Safe R,-3.0,"median of 3: cook=Safe R, inside=Safe R, sabato=Safe R"
2014,G-OK,Governor,cook,Safe R,-3.0,"Cook Nov 3, 2014"
2014,G-OK,Governor,inside,Safe R,-3.0,"IE Nov 3, 2014"
2014,G-OK,Governor,sabato,Safe R,-3.0,"Sabato Nov 3, 2014"
2014,G-OR,Governor,consensus,Likely D,2.0,"median of 3: cook=Likely D, inside=Safe D, sabato=Likely D"
2014,G-OR,Governor,cook,Likely D,2.0,"Cook Nov 3, 2014"
2014,G-OR,Governor,inside,Safe D,3.0,"IE Nov 3, 2014"
2014,G-OR,Governor,sabato,Likely D,2.0,"Sabato Nov 3, 2014"
2014,G-PA,Governor,consensus,Likely D,2.0,"median of 3: cook=Likely D, inside=Likely D, sabato=Safe D"
2014,G-PA,Governor,cook,Likely D,2.0,"Cook Nov 3, 2014"
2014,G-PA,Governor,inside,Likely D,2.0,"IE Nov 3, 2014"
2014,G-PA,Governor,sabato,Safe D,3.0,"Sabato Nov 3, 2014"
2014,G-RI,Governor,consensus,Lean D,1.0,"median of 3: cook=Toss-up, inside=Lean D, sabato=Lean D"
2014,G-RI,Governor,cook,Toss-up,0.0,"Cook Nov 3, 2014"
2014,G-RI,Governor,inside,Lean D,1.0,"IE Nov 3, 2014"
2014,G-RI,Governor,sabato,Lean D,1.0,"Sabato Nov 3, 2014"
2014,G-SC,Governor,consensus,Likely R,-2.0,"median of 3: cook=Likely R, inside=Likely R, sabato=Likely R"
2014,G-SC,Governor,cook,Likely R,-2.0,"Cook Nov 3, 2014"
2014,G-SC,Governor,inside,Likely R,-2.0,"IE Nov 3, 2014"
2014,G-SC,Governor,sabato,Likely R,-2.0,"Sabato Nov 3, 2014"
2014,G-SD,Governor,consensus,Safe R,-3.0,"median of 3: cook=Safe R, inside=Safe R, sabato=Safe R"
2014,G-SD,Governor,cook,Safe R,-3.0,"Cook Nov 3, 2014"
2014,G-SD,Governor,inside,Safe R,-3.0,"IE Nov 3, 2014"
2014,G-SD,Governor,sabato,Safe R,-3.0,"Sabato Nov 3, 2014"
2014,G-TN,Governor,consensus,Safe R,-3.0,"median of 3: cook=Safe R, inside=Safe R, sabato=Safe R"
2014,G-TN,Governor,cook,Safe R,-3.0,"Cook Nov 3, 2014"
2014,G-TN,Governor,inside,Safe R,-3.0,"IE Nov 3, 2014"
2014,G-TN,Governor,sabato,Safe R,-3.0,"Sabato Nov 3, 2014"
2014,G-TX,Governor,consensus,Safe R,-3.0,"median of 3: cook=Likely R, inside=Safe R, sabato=Safe R"
2014,G-TX,Governor,cook,Likely R,-2.0,"Cook Nov 3, 2014"
2014,G-TX,Governor,inside,Safe R,-3.0,"IE Nov 3, 2014"
2014,G-TX,Governor,sabato,Safe R,-3.0,"Sabato Nov 3, 2014"
2014,G-VT,Governor,consensus,Safe D,3.0,"median of 3: cook=Safe D, inside=Safe D, sabato=Safe D"
2014,G-VT,Governor,cook,Safe D,3.0,"Cook Nov 3, 2014"
2014,G-VT,Governor,inside,Safe D,3.0,"IE Nov 3, 2014"
2014,G-VT,Governor,sabato,Safe D,3.0,"Sabato Nov 3, 2014"
2014,G-WI,Governor,consensus,Lean R,-1.0,"median of 3: cook=Toss-up, inside=Lean R, sabato=Lean R"
2014,G-WI,Governor,cook,Toss-up,0.0,"Cook Nov 3, 2014"
2014,G-WI,Governor,inside,Lean R,-1.0,"IE Nov 3, 2014"
2014,G-WI,Governor,sabato,Lean R,-1.0,"Sabato Nov 3, 2014"
2014,G-WY,Governor,consensus,Safe R,-3.0,"median of 3: cook=Safe R, inside=Safe R, sabato=Safe R"
2014,G-WY,Governor,cook,Safe R,-3.0,"Cook Nov 3, 2014"
2014,G-WY,Governor,inside,Safe R,-3.0,"IE Nov 3, 2014"
2014,G-WY,Governor,sabato,Safe R,-3.0,"Sabato Nov 3, 2014"
2014,S-AK,Senate,consensus,Lean R,-1.0,"median of 3: cook=Toss-up, inside=Lean R, sabato=Lean R"
2014,S-AK,Senate,cook,Toss-up,0.0,"Cook Oct. 29, 2014"
2014,S-AK,Senate,inside,Lean R,-1.0,"Rothenberg Oct. 29, 2014"
2014,S-AK,Senate,sabato,Lean R,-1.0,"Sabato Oct. 29, 2014"
2014,S-AL,Senate,consensus,Safe R,-3.0,"median of 3: cook=Safe R, inside=Safe R, sabato=Safe R"
2014,S-AL,Senate,cook,Safe R,-3.0,"Cook Oct. 29, 2014"
2014,S-AL,Senate,inside,Safe R,-3.0,"Rothenberg Oct. 29, 2014"
2014,S-AL,Senate,sabato,Safe R,-3.0,"Sabato Oct. 29, 2014"
2014,S-AR,Senate,consensus,Lean R,-1.0,"median of 3: cook=Toss-up, inside=Lean R, sabato=Likely R"
2014,S-AR,Senate,cook,Toss-up,0.0,"Cook Oct. 29, 2014"
2014,S-AR,Senate,inside,Lean R,-1.0,"Rothenberg Oct. 29, 2014"
2014,S-AR,Senate,sabato,Likely R,-2.0,"Sabato Oct. 29, 2014"
2014,S-CO,Senate,consensus,Lean R,-1.0,"median of 3: cook=Toss-up, inside=Lean R, sabato=Lean R"
2014,S-CO,Senate,cook,Toss-up,0.0,"Cook Oct. 29, 2014"
2014,S-CO,Senate,inside,Lean R,-1.0,"Rothenberg Oct. 29, 2014"
2014,S-CO,Senate,sabato,Lean R,-1.0,"Sabato Oct. 29, 2014"
2014,S-DE,Senate,consensus,Safe D,3.0,"median of 3: cook=Safe D, inside=Safe D, sabato=Safe D"
2014,S-DE,Senate,cook,Safe D,3.0,"Cook Oct. 29, 2014"
2014,S-DE,Senate,inside,Safe D,3.0,"Rothenberg Oct. 29, 2014"
2014,S-DE,Senate,sabato,Safe D,3.0,"Sabato Oct. 29, 2014"
2014,S-GA,Senate,consensus,Toss-up,0.0,"median of 3: cook=Toss-up, inside=Toss-up, sabato=Lean R"
2014,S-GA,Senate,cook,Toss-up,0.0,"Cook Oct. 29, 2014"
2014,S-GA,Senate,inside,Toss-up,0.0,"Rothenberg Oct. 29, 2014"
2014,S-GA,Senate,sabato,Lean R,-1.0,"Sabato Oct. 29, 2014"
2014,S-HI-special,Senate,consensus,Safe D,3.0,"median of 3: cook=Safe D, inside=Safe D, sabato=Safe D"
2014,S-HI-special,Senate,cook,Safe D,3.0,"Cook Oct. 29, 2014"
2014,S-HI-special,Senate,inside,Safe D,3.0,"Rothenberg Oct. 29, 2014"
2014,S-HI-special,Senate,sabato,Safe D,3.0,"Sabato Oct. 29, 2014"
2014,S-IA,Senate,consensus,Toss-up,0.0,"median of 3: cook=Toss-up, inside=Toss-up, sabato=Lean R"
2014,S-IA,Senate,cook,Toss-up,0.0,"Cook Oct. 29, 2014"
2014,S-IA,Senate,inside,Toss-up,0.0,"Rothenberg Oct. 29, 2014"
2014,S-IA,Senate,sabato,Lean R,-1.0,"Sabato Oct. 29, 2014"
2014,S-ID,Senate,consensus,Safe R,-3.0,"median of 3: cook=Safe R, inside=Safe R, sabato=Safe R"
2014,S-ID,Senate,cook,Safe R,-3.0,"Cook Oct. 29, 2014"
2014,S-ID,Senate,inside,Safe R,-3.0,"Rothenberg Oct. 29, 2014"
2014,S-ID,Senate,sabato,Safe R,-3.0,"Sabato Oct. 29, 2014"
2014,S-IL,Senate,consensus,Safe D,3.0,"median of 3: cook=Safe D, inside=Safe D, sabato=Safe D"
2014,S-IL,Senate,cook,Safe D,3.0,"Cook Oct. 29, 2014"
2014,S-IL,Senate,inside,Safe D,3.0,"Rothenberg Oct. 29, 2014"
2014,S-IL,Senate,sabato,Safe D,3.0,"Sabato Oct. 29, 2014"
2014,S-KS,Senate,consensus,Toss-up,0.0,"median of 3: cook=Toss-up, inside=Toss-up, sabato=Lean R"
2014,S-KS,Senate,cook,Toss-up,0.0,"Cook Oct. 29, 2014"
2014,S-KS,Senate,inside,Toss-up,0.0,"Rothenberg Oct. 29, 2014"
2014,S-KS,Senate,sabato,Lean R,-1.0,"Sabato Oct. 29, 2014"
2014,S-KY,Senate,consensus,Likely R,-2.0,"median of 3: cook=Lean R, inside=Likely R, sabato=Likely R"
2014,S-KY,Senate,cook,Lean R,-1.0,"Cook Oct. 29, 2014"
2014,S-KY,Senate,inside,Likely R,-2.0,"Rothenberg Oct. 29, 2014"
2014,S-KY,Senate,sabato,Likely R,-2.0,"Sabato Oct. 29, 2014"
2014,S-LA,Senate,consensus,Lean R,-1.0,"median of 3: cook=Lean R, inside=Lean R, sabato=Safe R"
2014,S-LA,Senate,cook,Lean R,-1.0,"Cook Oct. 29, 2014"
2014,S-LA,Senate,inside,Lean R,-1.0,"Rothenberg Oct. 29, 2014"
2014,S-LA,Senate,sabato,Safe R,-3.0,"Sabato Oct. 29, 2014"
2014,S-MA,Senate,consensus,Safe D,3.0,"median of 3: cook=Safe D, inside=Safe D, sabato=Safe D"
2014,S-MA,Senate,cook,Safe D,3.0,"Cook Oct. 29, 2014"
2014,S-MA,Senate,inside,Safe D,3.0,"Rothenberg Oct. 29, 2014"
2014,S-MA,Senate,sabato,Safe D,3.0,"Sabato Oct. 29, 2014"
2014,S-ME,Senate,consensus,Safe R,-3.0,"median of 3: cook=Safe R, inside=Safe R, sabato=Safe R"
2014,S-ME,Senate,cook,Safe R,-3.0,"Cook Oct. 29, 2014"
2014,S-ME,Senate,inside,Safe R,-3.0,"Rothenberg Oct. 29, 2014"
2014,S-ME,Senate,sabato,Safe R,-3.0,"Sabato Oct. 29, 2014"
2014,S-MI,Senate,consensus,Likely D,2.0,"median of 3: cook=Lean D, inside=Likely D, sabato=Likely D"
2014,S-MI,Senate,cook,Lean D,1.0,"Cook Oct. 29, 2014"
2014,S-MI,Senate,inside,Likely D,2.0,"Rothenberg Oct. 29, 2014"
2014,S-MI,Senate,sabato,Likely D,2.0,"Sabato Oct. 29, 2014"
2014,S-MN,Senate,consensus,Likely D,2.0,"median of 3: cook=Likely D, inside=Likely D, sabato=Likely D"
2014,S-MN,Senate,cook,Likely D,2.0,"Cook Oct. 29, 2014"
2014,S-MN,Senate,inside,Likely D,2.0,"Rothenberg Oct. 29, 2014"
2014,S-MN,Senate,sabato,Likely D,2.0,"Sabato Oct. 29, 2014"
2014,S-MS,Senate,consensus,Safe R,-3.0,"median of 3: cook=Likely R, inside=Safe R, sabato=Safe R"
2014,S-MS,Senate,cook,Likely R,-2.0,"Cook Oct. 29, 2014"
2014,S-MS,Senate,inside,Safe R,-3.0,"Rothenberg Oct. 29, 2014"
2014,S-MS,Senate,sabato,Safe R,-3.0,"Sabato Oct. 29, 2014"
2014,S-MT,Senate,consensus,Safe R,-3.0,"median of 3: cook=Safe R, inside=Safe R, sabato=Safe R"
2014,S-MT,Senate,cook,Safe R,-3.0,"Cook Oct. 29, 2014"
2014,S-MT,Senate,inside,Safe R,-3.0,"Rothenberg Oct. 29, 2014"
2014,S-MT,Senate,sabato,Safe R,-3.0,"Sabato Oct. 29, 2014"
2014,S-NC,Senate,consensus,Toss-up,0.0,"median of 3: cook=Toss-up, inside=Toss-up, sabato=Lean D"
2014,S-NC,Senate,cook,Toss-up,0.0,"Cook Oct. 29, 2014"
2014,S-NC,Senate,inside,Toss-up,0.0,"Rothenberg Oct. 29, 2014"
2014,S-NC,Senate,sabato,Lean D,1.0,"Sabato Oct. 29, 2014"
2014,S-NE,Senate,consensus,Safe R,-3.0,"median of 3: cook=Safe R, inside=Safe R, sabato=Safe R"
2014,S-NE,Senate,cook,Safe R,-3.0,"Cook Oct. 29, 2014"
2014,S-NE,Senate,inside,Safe R,-3.0,"Rothenberg Oct. 29, 2014"
2014,S-NE,Senate,sabato,Safe R,-3.0,"Sabato Oct. 29, 2014"
2014,S-NH,Senate,consensus,Lean D,1.0,"median of 3: cook=Toss-up, inside=Lean D, sabato=Lean D"
2014,S-NH,Senate,cook,Toss-up,0.0,"Cook Oct. 29, 2014"
2014,S-NH,Senate,inside,Lean D,1.0,"Rothenberg Oct. 29, 2014"
2014,S-NH,Senate,sabato,Lean D,1.0,"Sabato Oct. 29, 2014"
2014,S-NJ,Senate,consensus,Safe D,3.0,"median of 3: cook=Safe D, inside=Safe D, sabato=Safe D"
2014,S-NJ,Senate,cook,Safe D,3.0,"Cook Oct. 29, 2014"
2014,S-NJ,Senate,inside,Safe D,3.0,"Rothenberg Oct. 29, 2014"
2014,S-NJ,Senate,sabato,Safe D,3.0,"Sabato Oct. 29, 2014"
2014,S-NM,Senate,consensus,Safe D,3.0,"median of 3: cook=Safe D, inside=Safe D, sabato=Safe D"
2014,S-NM,Senate,cook,Safe D,3.0,"Cook Oct. 29, 2014"
2014,S-NM,Senate,inside,Safe D,3.0,"Rothenberg Oct. 29, 2014"
2014,S-NM,Senate,sabato,Safe D,3.0,"Sabato Oct. 29, 2014"
2014,S-OK,Senate,consensus,Safe R,-3.0,"median of 3: cook=Safe R, inside=Safe R, sabato=Safe R"
2014,S-OK,Senate,cook,Safe R,-3.0,"Cook Oct. 29, 2014"
2014,S-OK,Senate,inside,Safe R,-3.0,"Rothenberg Oct. 29, 2014"
2014,S-OK,Senate,sabato,Safe R,-3.0,"Sabato Oct. 29, 2014"
2014,S-OK-special,Senate,consensus,Safe R,-3.0,"median of 3: cook=Safe R, inside=Safe R, sabato=Safe R"
2014,S-OK-special,Senate,cook,Safe R,-3.0,"Cook Oct. 29, 2014"
2014,S-OK-special,Senate,inside,Safe R,-3.0,"Rothenberg Oct. 29, 2014"
2014,S-OK-special,Senate,sabato,Safe R,-3.0,"Sabato Oct. 29, 2014"
2014,S-OR,Senate,consensus,Likely D,2.0,"median of 3: cook=Likely D, inside=Likely D, sabato=Likely D"
2014,S-OR,Senate,cook,Likely D,2.0,"Cook Oct. 29, 2014"
2014,S-OR,Senate,inside,Likely D,2.0,"Rothenberg Oct. 29, 2014"
2014,S-OR,Senate,sabato,Likely D,2.0,"Sabato Oct. 29, 2014"
2014,S-RI,Senate,consensus,Safe D,3.0,"median of 3: cook=Safe D, inside=Safe D, sabato=Safe D"
2014,S-RI,Senate,cook,Safe D,3.0,"Cook Oct. 29, 2014"
2014,S-RI,Senate,inside,Safe D,3.0,"Rothenberg Oct. 29, 2014"
2014,S-RI,Senate,sabato,Safe D,3.0,"Sabato Oct. 29, 2014"
2014,S-SC,Senate,consensus,Safe R,-3.0,"median of 3: cook=Safe R, inside=Safe R, sabato=Safe R"
2014,S-SC,Senate,cook,Safe R,-3.0,"Cook Oct. 29, 2014"
2014,S-SC,Senate,inside,Safe R,-3.0,"Rothenberg Oct. 29, 2014"
2014,S-SC,Senate,sabato,Safe R,-3.0,"Sabato Oct. 29, 2014"
2014,S-SC-special,Senate,consensus,Safe R,-3.0,"median of 3: cook=Safe R, inside=Safe R, sabato=Safe R"
2014,S-SC-special,Senate,cook,Safe R,-3.0,"Cook Oct. 29, 2014"
2014,S-SC-special,Senate,inside,Safe R,-3.0,"Rothenberg Oct. 29, 2014"
2014,S-SC-special,Senate,sabato,Safe R,-3.0,"Sabato Oct. 29, 2014"
2014,S-SD,Senate,consensus,Likely R,-2.0,"median of 3: cook=Lean R, inside=Likely R, sabato=Likely R"
2014,S-SD,Senate,cook,Lean R,-1.0,"Cook Oct. 29, 2014"
2014,S-SD,Senate,inside,Likely R,-2.0,"Rothenberg Oct. 29, 2014"
2014,S-SD,Senate,sabato,Likely R,-2.0,"Sabato Oct. 29, 2014"
2014,S-TN,Senate,consensus,Safe R,-3.0,"median of 3: cook=Safe R, inside=Safe R, sabato=Safe R"
2014,S-TN,Senate,cook,Safe R,-3.0,"Cook Oct. 29, 2014"
2014,S-TN,Senate,inside,Safe R,-3.0,"Rothenberg Oct. 29, 2014"
2014,S-TN,Senate,sabato,Safe R,-3.0,"Sabato Oct. 29, 2014"
2014,S-TX,Senate,consensus,Safe R,-3.0,"median of 3: cook=Safe R, inside=Safe R, sabato=Safe R"
2014,S-TX,Senate,cook,Safe R,-3.0,"Cook Oct. 29, 2014"
2014,S-TX,Senate,inside,Safe R,-3.0,"Rothenberg Oct. 29, 2014"
2014,S-TX,Senate,sabato,Safe R,-3.0,"Sabato Oct. 29, 2014"
2014,S-VA,Senate,consensus,Likely D,2.0,"median of 3: cook=Likely D, inside=Likely D, sabato=Likely D"
2014,S-VA,Senate,cook,Likely D,2.0,"Cook Oct. 29, 2014"
2014,S-VA,Senate,inside,Likely D,2.0,"Rothenberg Oct. 29, 2014"
2014,S-VA,Senate,sabato,Likely D,2.0,"Sabato Oct. 29, 2014"
2014,S-WV,Senate,consensus,Safe R,-3.0,"median of 3: cook=Likely R, inside=Safe R, sabato=Safe R"
2014,S-WV,Senate,cook,Likely R,-2.0,"Cook Oct. 29, 2014"
2014,S-WV,Senate,inside,Safe R,-3.0,"Rothenberg Oct. 29, 2014"
2014,S-WV,Senate,sabato,Safe R,-3.0,"Sabato Oct. 29, 2014"
2014,S-WY,Senate,consensus,Safe R,-3.0,"median of 3: cook=Safe R, inside=Safe R, sabato=Safe R"
2014,S-WY,Senate,cook,Safe R,-3.0,"Cook Oct. 29, 2014"
2014,S-WY,Senate,inside,Safe R,-3.0,"Rothenberg Oct. 29, 2014"
2014,S-WY,Senate,sabato,Safe R,-3.0,"Sabato Oct. 29, 2014"
2022,G-AK,Governor,consensus,Likely R,-2.0,"median of 3: cook=Likely R, inside=Likely R, sabato=Likely R"
2022,G-AK,Governor,cook,Likely R,-2.0,"Cook Oct 28, 2022"
2022,G-AK,Governor,inside,Likely R,-2.0,"IE Nov 3, 2022"
2022,G-AK,Governor,sabato,Likely R,-2.0,"Sabato Nov 7, 2022"
2022,G-AL,Governor,consensus,Safe R,-3.0,"median of 3: cook=Safe R, inside=Safe R, sabato=Safe R"
2022,G-AL,Governor,cook,Safe R,-3.0,"Cook Oct 28, 2022"
2022,G-AL,Governor,inside,Safe R,-3.0,"IE Nov 3, 2022"
2022,G-AL,Governor,sabato,Safe R,-3.0,"Sabato Nov 7, 2022"
2022,G-AR,Governor,consensus,Safe R,-3.0,"median of 3: cook=Safe R, inside=Safe R, sabato=Safe R"
2022,G-AR,Governor,cook,Safe R,-3.0,"Cook Oct 28, 2022"
2022,G-AR,Governor,inside,Safe R,-3.0,"IE Nov 3, 2022"
2022,G-AR,Governor,sabato,Safe R,-3.0,"Sabato Nov 7, 2022"
2022,G-AZ,Governor,consensus,Toss-up,0.0,"median of 3: cook=Toss-up, inside=Toss-up, sabato=Lean R"
2022,G-AZ,Governor,cook,Toss-up,0.0,"Cook Oct 28, 2022"
2022,G-AZ,Governor,inside,Toss-up,0.0,"IE Nov 3, 2022"
2022,G-AZ,Governor,sabato,Lean R,-1.0,"Sabato Nov 7, 2022"
2022,G-CA,Governor,consensus,Safe D,3.0,"median of 3: cook=Safe D, inside=Safe D, sabato=Safe D"
2022,G-CA,Governor,cook,Safe D,3.0,"Cook Oct 28, 2022"
2022,G-CA,Governor,inside,Safe D,3.0,"IE Nov 3, 2022"
2022,G-CA,Governor,sabato,Safe D,3.0,"Sabato Nov 7, 2022"
2022,G-CO,Governor,consensus,Safe D,3.0,"median of 3: cook=Safe D, inside=Safe D, sabato=Safe D"
2022,G-CO,Governor,cook,Safe D,3.0,"Cook Oct 28, 2022"
2022,G-CO,Governor,inside,Safe D,3.0,"IE Nov 3, 2022"
2022,G-CO,Governor,sabato,Safe D,3.0,"Sabato Nov 7, 2022"
2022,G-CT,Governor,consensus,Safe D,3.0,"median of 3: cook=Safe D, inside=Safe D, sabato=Likely D"
2022,G-CT,Governor,cook,Safe D,3.0,"Cook Oct 28, 2022"
2022,G-CT,Governor,inside,Safe D,3.0,"IE Nov 3, 2022"
2022,G-CT,Governor,sabato,Likely D,2.0,"Sabato Nov 7, 2022"
2022,G-FL,Governor,consensus,Likely R,-2.0,"median of 3: cook=Likely R, inside=Likely R, sabato=Safe R"
2022,G-FL,Governor,cook,Likely R,-2.0,"Cook Oct 28, 2022"
2022,G-FL,Governor,inside,Likely R,-2.0,"IE Nov 3, 2022"
2022,G-FL,Governor,sabato,Safe R,-3.0,"Sabato Nov 7, 2022"
2022,G-GA,Governor,consensus,Lean R,-1.0,"median of 3: cook=Lean R, inside=Lean R, sabato=Likely R"
2022,G-GA,Governor,cook,Lean R,-1.0,"Cook Oct 28, 2022"
2022,G-GA,Governor,inside,Lean R,-1.0,"IE Nov 3, 2022"
2022,G-GA,Governor,sabato,Likely R,-2.0,"Sabato Nov 7, 2022"
2022,G-HI,Governor,consensus,Safe D,3.0,"median of 3: cook=Safe D, inside=Safe D, sabato=Safe D"
2022,G-HI,Governor,cook,Safe D,3.0,"Cook Oct 28, 2022"
2022,G-HI,Governor,inside,Safe D,3.0,"IE Nov 3, 2022"
2022,G-HI,Governor,sabato,Safe D,3.0,"Sabato Nov 7, 2022"
2022,G-IA,Governor,consensus,Safe R,-3.0,"median of 3: cook=Safe R, inside=Safe R, sabato=Safe R"
2022,G-IA,Governor,cook,Safe R,-3.0,"Cook Oct 28, 2022"
2022,G-IA,Governor,inside,Safe R,-3.0,"IE Nov 3, 2022"
2022,G-IA,Governor,sabato,Safe R,-3.0,"Sabato Nov 7, 2022"
2022,G-ID,Governor,consensus,Safe R,-3.0,"median of 3: cook=Safe R, inside=Safe R, sabato=Safe R"
2022,G-ID,Governor,cook,Safe R,-3.0,"Cook Oct 28, 2022"
2022,G-ID,Governor,inside,Safe R,-3.0,"IE Nov 3, 2022"
2022,G-ID,Governor,sabato,Safe R,-3.0,"Sabato Nov 7, 2022"
2022,G-IL,Governor,consensus,Safe D,3.0,"median of 3: cook=Safe D, inside=Safe D, sabato=Safe D"
2022,G-IL,Governor,cook,Safe D,3.0,"Cook Oct 28, 2022"
2022,G-IL,Governor,inside,Safe D,3.0,"IE Nov 3, 2022"
2022,G-IL,Governor,sabato,Safe D,3.0,"Sabato Nov 7, 2022"
2022,G-KS,Governor,consensus,Toss-up,0.0,"median of 3: cook=Toss-up, inside=Toss-up, sabato=Lean R"
2022,G-KS,Governor,cook,Toss-up,0.0,"Cook Oct 28, 2022"
2022,G-KS,Governor,inside,Toss-up,0.0,"IE Nov 3, 2022"
2022,G-KS,Governor,sabato,Lean R,-1.0,"Sabato Nov 7, 2022"
2022,G-MA,Governor,consensus,Safe D,3.0,"median of 3: cook=Safe D, inside=Likely D, sabato=Safe D"
2022,G-MA,Governor,cook,Safe D,3.0,"Cook Oct 28, 2022"
2022,G-MA,Governor,inside,Likely D,2.0,"IE Nov 3, 2022"
2022,G-MA,Governor,sabato,Safe D,3.0,"Sabato Nov 7, 2022"
2022,G-MD,Governor,consensus,Safe D,3.0,"median of 3: cook=Safe D, inside=Likely D, sabato=Safe D"
2022,G-MD,Governor,cook,Safe D,3.0,"Cook Oct 28, 2022"
2022,G-MD,Governor,inside,Likely D,2.0,"IE Nov 3, 2022"
2022,G-MD,Governor,sabato,Safe D,3.0,"Sabato Nov 7, 2022"
2022,G-ME,Governor,consensus,Lean D,1.0,"median of 3: cook=Lean D, inside=Lean D, sabato=Lean D"
2022,G-ME,Governor,cook,Lean D,1.0,"Cook Oct 28, 2022"
2022,G-ME,Governor,inside,Lean D,1.0,"IE Nov 3, 2022"
2022,G-ME,Governor,sabato,Lean D,1.0,"Sabato Nov 7, 2022"
2022,G-MI,Governor,consensus,Lean D,1.0,"median of 3: cook=Lean D, inside=Lean D, sabato=Lean D"
2022,G-MI,Governor,cook,Lean D,1.0,"Cook Oct 28, 2022"
2022,G-MI,Governor,inside,Lean D,1.0,"IE Nov 3, 2022"
2022,G-MI,Governor,sabato,Lean D,1.0,"Sabato Nov 7, 2022"
2022,G-MN,Governor,consensus,Likely D,2.0,"median of 3: cook=Likely D, inside=Lean D, sabato=Likely D"
2022,G-MN,Governor,cook,Likely D,2.0,"Cook Oct 28, 2022"
2022,G-MN,Governor,inside,Lean D,1.0,"IE Nov 3, 2022"
2022,G-MN,Governor,sabato,Likely D,2.0,"Sabato Nov 7, 2022"
2022,G-NE,Governor,consensus,Safe R,-3.0,"median of 3: cook=Safe R, inside=Safe R, sabato=Safe R"
2022,G-NE,Governor,cook,Safe R,-3.0,"Cook Oct 28, 2022"
2022,G-NE,Governor,inside,Safe R,-3.0,"IE Nov 3, 2022"
2022,G-NE,Governor,sabato,Safe R,-3.0,"Sabato Nov 7, 2022"
2022,G-NH,Governor,consensus,Safe R,-3.0,"median of 3: cook=Safe R, inside=Safe R, sabato=Safe R"
2022,G-NH,Governor,cook,Safe R,-3.0,"Cook Oct 28, 2022"
2022,G-NH,Governor,inside,Safe R,-3.0,"IE Nov 3, 2022"
2022,G-NH,Governor,sabato,Safe R,-3.0,"Sabato Nov 7, 2022"
2022,G-NM,Governor,consensus,Lean D,1.0,"median of 3: cook=Lean D, inside=Lean D, sabato=Lean D"
2022,G-NM,Governor,cook,Lean D,1.0,"Cook Oct 28, 2022"
2022,G-NM,Governor,inside,Lean D,1.0,"IE Nov 3, 2022"
2022,G-NM,Governor,sabato,Lean D,1.0,"Sabato Nov 7, 2022"
2022,G-NV,Governor,consensus,Toss-up,0.0,"median of 3: cook=Toss-up, inside=Toss-up, sabato=Lean R"
2022,G-NV,Governor,cook,Toss-up,0.0,"Cook Oct 28, 2022"
2022,G-NV,Governor,inside,Toss-up,0.0,"IE Nov 3, 2022"
2022,G-NV,Governor,sabato,Lean R,-1.0,"Sabato Nov 7, 2022"
2022,G-NY,Governor,consensus,Likely D,2.0,"median of 3: cook=Likely D, inside=Likely D, sabato=Likely D"
2022,G-NY,Governor,cook,Likely D,2.0,"Cook Oct 28, 2022"
2022,G-NY,Governor,inside,Likely D,2.0,"IE Nov 3, 2022"
2022,G-NY,Governor,sabato,Likely D,2.0,"Sabato Nov 7, 2022"
2022,G-OH,Governor,consensus,Safe R,-3.0,"median of 3: cook=Safe R, inside=Safe R, sabato=Safe R"
2022,G-OH,Governor,cook,Safe R,-3.0,"Cook Oct 28, 2022"
2022,G-OH,Governor,inside,Safe R,-3.0,"IE Nov 3, 2022"
2022,G-OH,Governor,sabato,Safe R,-3.0,"Sabato Nov 7, 2022"
2022,G-OK,Governor,consensus,Likely R,-2.0,"median of 3: cook=Likely R, inside=Likely R, sabato=Likely R"
2022,G-OK,Governor,cook,Likely R,-2.0,"Cook Oct 28, 2022"
2022,G-OK,Governor,inside,Likely R,-2.0,"IE Nov 3, 2022"
2022,G-OK,Governor,sabato,Likely R,-2.0,"Sabato Nov 7, 2022"
2022,G-OR,Governor,consensus,Toss-up,0.0,"median of 3: cook=Toss-up, inside=Toss-up, sabato=Lean D"
2022,G-OR,Governor,cook,Toss-up,0.0,"Cook Oct 28, 2022"
2022,G-OR,Governor,inside,Toss-up,0.0,"IE Nov 3, 2022"
2022,G-OR,Governor,sabato,Lean D,1.0,"Sabato Nov 7, 2022"
2022,G-PA,Governor,consensus,Likely D,2.0,"median of 3: cook=Likely D, inside=Lean D, sabato=Likely D"
2022,G-PA,Governor,cook,Likely D,2.0,"Cook Oct 28, 2022"
2022,G-PA,Governor,inside,Lean D,1.0,"IE Nov 3, 2022"
2022,G-PA,Governor,sabato,Likely D,2.0,"Sabato Nov 7, 2022"
2022,G-RI,Governor,consensus,Safe D,3.0,"median of 3: cook=Safe D, inside=Safe D, sabato=Likely D"
2022,G-RI,Governor,cook,Safe D,3.0,"Cook Oct 28, 2022"
2022,G-RI,Governor,inside,Safe D,3.0,"IE Nov 3, 2022"
2022,G-RI,Governor,sabato,Likely D,2.0,"Sabato Nov 7, 2022"
2022,G-SC,Governor,consensus,Safe R,-3.0,"median of 3: cook=Safe R, inside=Safe R, sabato=Safe R"
2022,G-SC,Governor,cook,Safe R,-3.0,"Cook Oct 28, 2022"
2022,G-SC,Governor,inside,Safe R,-3.0,"IE Nov 3, 2022"
2022,G-SC,Governor,sabato,Safe R,-3.0,"Sabato Nov 7, 2022"
2022,G-SD,Governor,consensus,Safe R,-3.0,"median of 3: cook=Safe R, inside=Safe R, sabato=Safe R"
2022,G-SD,Governor,cook,Safe R,-3.0,"Cook Oct 28, 2022"
2022,G-SD,Governor,inside,Safe R,-3.0,"IE Nov 3, 2022"
2022,G-SD,Governor,sabato,Safe R,-3.0,"Sabato Nov 7, 2022"
2022,G-TN,Governor,consensus,Safe R,-3.0,"median of 3: cook=Safe R, inside=Safe R, sabato=Safe R"
2022,G-TN,Governor,cook,Safe R,-3.0,"Cook Oct 28, 2022"
2022,G-TN,Governor,inside,Safe R,-3.0,"IE Nov 3, 2022"
2022,G-TN,Governor,sabato,Safe R,-3.0,"Sabato Nov 7, 2022"
2022,G-TX,Governor,consensus,Likely R,-2.0,"median of 3: cook=Likely R, inside=Safe R, sabato=Likely R"
2022,G-TX,Governor,cook,Likely R,-2.0,"Cook Oct 28, 2022"
2022,G-TX,Governor,inside,Safe R,-3.0,"IE Nov 3, 2022"
2022,G-TX,Governor,sabato,Likely R,-2.0,"Sabato Nov 7, 2022"
2022,G-VT,Governor,consensus,Safe R,-3.0,"median of 3: cook=Safe R, inside=Safe R, sabato=Safe R"
2022,G-VT,Governor,cook,Safe R,-3.0,"Cook Oct 28, 2022"
2022,G-VT,Governor,inside,Safe R,-3.0,"IE Nov 3, 2022"
2022,G-VT,Governor,sabato,Safe R,-3.0,"Sabato Nov 7, 2022"
2022,G-WI,Governor,consensus,Toss-up,0.0,"median of 3: cook=Toss-up, inside=Toss-up, sabato=Lean R"
2022,G-WI,Governor,cook,Toss-up,0.0,"Cook Oct 28, 2022"
2022,G-WI,Governor,inside,Toss-up,0.0,"IE Nov 3, 2022"
2022,G-WI,Governor,sabato,Lean R,-1.0,"Sabato Nov 7, 2022"
2022,G-WY,Governor,consensus,Safe R,-3.0,"median of 3: cook=Safe R, inside=Safe R, sabato=Safe R"
2022,G-WY,Governor,cook,Safe R,-3.0,"Cook Oct 28, 2022"
2022,G-WY,Governor,inside,Safe R,-3.0,"IE Nov 3, 2022"
2022,G-WY,Governor,sabato,Safe R,-3.0,"Sabato Nov 7, 2022"
2022,S-AK,Senate,consensus,Safe R,-3.0,"median of 3: cook=Safe R, inside=Safe R, sabato=Safe R"
2022,S-AK,Senate,cook,Safe R,-3.0,"Cook Nov 7, 2022"
2022,S-AK,Senate,inside,Safe R,-3.0,"IE Nov 3, 2022"
2022,S-AK,Senate,sabato,Safe R,-3.0,"Sabato Nov 7, 2022"
2022,S-AL,Senate,consensus,Safe R,-3.0,"median of 3: cook=Safe R, inside=Safe R, sabato=Safe R"
2022,S-AL,Senate,cook,Safe R,-3.0,"Cook Nov 7, 2022"
2022,S-AL,Senate,inside,Safe R,-3.0,"IE Nov 3, 2022"
2022,S-AL,Senate,sabato,Safe R,-3.0,"Sabato Nov 7, 2022"
2022,S-AR,Senate,consensus,Safe R,-3.0,"median of 3: cook=Safe R, inside=Safe R, sabato=Safe R"
2022,S-AR,Senate,cook,Safe R,-3.0,"Cook Nov 7, 2022"
2022,S-AR,Senate,inside,Safe R,-3.0,"IE Nov 3, 2022"
2022,S-AR,Senate,sabato,Safe R,-3.0,"Sabato Nov 7, 2022"
2022,S-AZ,Senate,consensus,Lean D,1.0,"median of 3: cook=Toss-up, inside=Lean D, sabato=Lean D"
2022,S-AZ,Senate,cook,Toss-up,0.0,"Cook Nov 7, 2022"
2022,S-AZ,Senate,inside,Lean D,1.0,"IE Nov 3, 2022"
2022,S-AZ,Senate,sabato,Lean D,1.0,"Sabato Nov 7, 2022"
2022,S-CA,Senate,consensus,Safe D,3.0,"median of 3: cook=Safe D, inside=Safe D, sabato=Safe D"
2022,S-CA,Senate,cook,Safe D,3.0,"Cook Nov 7, 2022"
2022,S-CA,Senate,inside,Safe D,3.0,"IE Nov 3, 2022"
2022,S-CA,Senate,sabato,Safe D,3.0,"Sabato Nov 7, 2022"
2022,S-CO,Senate,consensus,Likely D,2.0,"median of 3: cook=Lean D, inside=Likely D, sabato=Likely D"
2022,S-CO,Senate,cook,Lean D,1.0,"Cook Nov 7, 2022"
2022,S-CO,Senate,inside,Likely D,2.0,"IE Nov 3, 2022"
2022,S-CO,Senate,sabato,Likely D,2.0,"Sabato Nov 7, 2022"
2022,S-CT,Senate,consensus,Safe D,3.0,"median of 3: cook=Safe D, inside=Safe D, sabato=Safe D"
2022,S-CT,Senate,cook,Safe D,3.0,"Cook Nov 7, 2022"
2022,S-CT,Senate,inside,Safe D,3.0,"IE Nov 3, 2022"
2022,S-CT,Senate,sabato,Safe D,3.0,"Sabato Nov 7, 2022"
2022,S-FL,Senate,consensus,Likely R,-2.0,"median of 3: cook=Likely R, inside=Likely R, sabato=Likely R"
2022,S-FL,Senate,cook,Likely R,-2.0,"Cook Nov 7, 2022"
2022,S-FL,Senate,inside,Likely R,-2.0,"IE Nov 3, 2022"
2022,S-FL,Senate,sabato,Likely R,-2.0,"Sabato Nov 7, 2022"
2022,S-GA,Senate,consensus,Toss-up,0.0,"median of 3: cook=Toss-up, inside=Toss-up, sabato=Lean R"
2022,S-GA,Senate,cook,Toss-up,0.0,"Cook Nov 7, 2022"
2022,S-GA,Senate,inside,Toss-up,0.0,"IE Nov 3, 2022"
2022,S-GA,Senate,sabato,Lean R,-1.0,"Sabato Nov 7, 2022"
2022,S-HI,Senate,consensus,Safe D,3.0,"median of 3: cook=Safe D, inside=Safe D, sabato=Safe D"
2022,S-HI,Senate,cook,Safe D,3.0,"Cook Nov 7, 2022"
2022,S-HI,Senate,inside,Safe D,3.0,"IE Nov 3, 2022"
2022,S-HI,Senate,sabato,Safe D,3.0,"Sabato Nov 7, 2022"
2022,S-IA,Senate,consensus,Likely R,-2.0,"median of 3: cook=Safe R, inside=Likely R, sabato=Likely R"
2022,S-IA,Senate,cook,Safe R,-3.0,"Cook Nov 7, 2022"
2022,S-IA,Senate,inside,Likely R,-2.0,"IE Nov 3, 2022"
2022,S-IA,Senate,sabato,Likely R,-2.0,"Sabato Nov 7, 2022"
2022,S-ID,Senate,consensus,Safe R,-3.0,"median of 3: cook=Safe R, inside=Safe R, sabato=Safe R"
2022,S-ID,Senate,cook,Safe R,-3.0,"Cook Nov 7, 2022"
2022,S-ID,Senate,inside,Safe R,-3.0,"IE Nov 3, 2022"
2022,S-ID,Senate,sabato,Safe R,-3.0,"Sabato Nov 7, 2022"
2022,S-IL,Senate,consensus,Safe D,3.0,"median of 3: cook=Safe D, inside=Safe D, sabato=Safe D"
2022,S-IL,Senate,cook,Safe D,3.0,"Cook Nov 7, 2022"
2022,S-IL,Senate,inside,Safe D,3.0,"IE Nov 3, 2022"
2022,S-IL,Senate,sabato,Safe D,3.0,"Sabato Nov 7, 2022"
2022,S-IN,Senate,consensus,Safe R,-3.0,"median of 3: cook=Safe R, inside=Safe R, sabato=Safe R"
2022,S-IN,Senate,cook,Safe R,-3.0,"Cook Nov 7, 2022"
2022,S-IN,Senate,inside,Safe R,-3.0,"IE Nov 3, 2022"
2022,S-IN,Senate,sabato,Safe R,-3.0,"Sabato Nov 7, 2022"
2022,S-KS,Senate,consensus,Safe R,-3.0,"median of 3: cook=Safe R, inside=Safe R, sabato=Safe R"
2022,S-KS,Senate,cook,Safe R,-3.0,"Cook Nov 7, 2022"
2022,S-KS,Senate,inside,Safe R,-3.0,"IE Nov 3, 2022"
2022,S-KS,Senate,sabato,Safe R,-3.0,"Sabato Nov 7, 2022"
2022,S-KY,Senate,consensus,Safe R,-3.0,"median of 3: cook=Safe R, inside=Safe R, sabato=Safe R"
2022,S-KY,Senate,cook,Safe R,-3.0,"Cook Nov 7, 2022"
2022,S-KY,Senate,inside,Safe R,-3.0,"IE Nov 3, 2022"
2022,S-KY,Senate,sabato,Safe R,-3.0,"Sabato Nov 7, 2022"
2022,S-LA,Senate,consensus,Safe R,-3.0,"median of 3: cook=Safe R, inside=Safe R, sabato=Safe R"
2022,S-LA,Senate,cook,Safe R,-3.0,"Cook Nov 7, 2022"
2022,S-LA,Senate,inside,Safe R,-3.0,"IE Nov 3, 2022"
2022,S-LA,Senate,sabato,Safe R,-3.0,"Sabato Nov 7, 2022"
2022,S-MD,Senate,consensus,Safe D,3.0,"median of 3: cook=Safe D, inside=Safe D, sabato=Safe D"
2022,S-MD,Senate,cook,Safe D,3.0,"Cook Nov 7, 2022"
2022,S-MD,Senate,inside,Safe D,3.0,"IE Nov 3, 2022"
2022,S-MD,Senate,sabato,Safe D,3.0,"Sabato Nov 7, 2022"
2022,S-MO,Senate,consensus,Safe R,-3.0,"median of 3: cook=Safe R, inside=Safe R, sabato=Safe R"
2022,S-MO,Senate,cook,Safe R,-3.0,"Cook Nov 7, 2022"
2022,S-MO,Senate,inside,Safe R,-3.0,"IE Nov 3, 2022"
2022,S-MO,Senate,sabato,Safe R,-3.0,"Sabato Nov 7, 2022"
2022,S-NC,Senate,consensus,Lean R,-1.0,"median of 3: cook=Lean R, inside=Lean R, sabato=Lean R"
2022,S-NC,Senate,cook,Lean R,-1.0,"Cook Nov 7, 2022"
2022,S-NC,Senate,inside,Lean R,-1.0,"IE Nov 3, 2022"
2022,S-NC,Senate,sabato,Lean R,-1.0,"Sabato Nov 7, 2022"
2022,S-ND,Senate,consensus,Safe R,-3.0,"median of 3: cook=Safe R, inside=Safe R, sabato=Safe R"
2022,S-ND,Senate,cook,Safe R,-3.0,"Cook Nov 7, 2022"
2022,S-ND,Senate,inside,Safe R,-3.0,"IE Nov 3, 2022"
2022,S-ND,Senate,sabato,Safe R,-3.0,"Sabato Nov 7, 2022"
2022,S-NH,Senate,consensus,Lean D,1.0,"median of 3: cook=Lean D, inside=Lean D, sabato=Lean D"
2022,S-NH,Senate,cook,Lean D,1.0,"Cook Nov 7, 2022"
2022,S-NH,Senate,inside,Lean D,1.0,"IE Nov 3, 2022"
2022,S-NH,Senate,sabato,Lean D,1.0,"Sabato Nov 7, 2022"
2022,S-NV,Senate,consensus,Toss-up,0.0,"median of 3: cook=Toss-up, inside=Toss-up, sabato=Lean D"
2022,S-NV,Senate,cook,Toss-up,0.0,"Cook Nov 7, 2022"
2022,S-NV,Senate,inside,Toss-up,0.0,"IE Nov 3, 2022"
2022,S-NV,Senate,sabato,Lean D,1.0,"Sabato Nov 7, 2022"
2022,S-NY,Senate,consensus,Safe D,3.0,"median of 3: cook=Safe D, inside=Safe D, sabato=Safe D"
2022,S-NY,Senate,cook,Safe D,3.0,"Cook Nov 7, 2022"
2022,S-NY,Senate,inside,Safe D,3.0,"IE Nov 3, 2022"
2022,S-NY,Senate,sabato,Safe D,3.0,"Sabato Nov 7, 2022"
2022,S-OH,Senate,consensus,Lean R,-1.0,"median of 3: cook=Lean R, inside=Lean R, sabato=Lean R"
2022,S-OH,Senate,cook,Lean R,-1.0,"Cook Nov 7, 2022"
2022,S-OH,Senate,inside,Lean R,-1.0,"IE Nov 3, 2022"
2022,S-OH,Senate,sabato,Lean R,-1.0,"Sabato Nov 7, 2022"
2022,S-OK,Senate,consensus,Safe R,-3.0,"median of 3: cook=Safe R, inside=Safe R, sabato=Safe R"
2022,S-OK,Senate,cook,Safe R,-3.0,"Cook Nov 7, 2022"
2022,S-OK,Senate,inside,Safe R,-3.0,"IE Nov 3, 2022"
2022,S-OK,Senate,sabato,Safe R,-3.0,"Sabato Nov 7, 2022"
2022,S-OK-special,Senate,consensus,Safe R,-3.0,"median of 3: cook=Safe R, inside=Safe R, sabato=Safe R"
2022,S-OK-special,Senate,cook,Safe R,-3.0,"Cook Nov 7, 2022"
2022,S-OK-special,Senate,inside,Safe R,-3.0,"IE Nov 3, 2022"
2022,S-OK-special,Senate,sabato,Safe R,-3.0,"Sabato Nov 7, 2022"
2022,S-OR,Senate,consensus,Safe D,3.0,"median of 3: cook=Safe D, inside=Safe D, sabato=Safe D"
2022,S-OR,Senate,cook,Safe D,3.0,"Cook Nov 7, 2022"
2022,S-OR,Senate,inside,Safe D,3.0,"IE Nov 3, 2022"
2022,S-OR,Senate,sabato,Safe D,3.0,"Sabato Nov 7, 2022"
2022,S-PA,Senate,consensus,Toss-up,0.0,"median of 3: cook=Toss-up, inside=Toss-up, sabato=Lean R"
2022,S-PA,Senate,cook,Toss-up,0.0,"Cook Nov 7, 2022"
2022,S-PA,Senate,inside,Toss-up,0.0,"IE Nov 3, 2022"
2022,S-PA,Senate,sabato,Lean R,-1.0,"Sabato Nov 7, 2022"
2022,S-SC,Senate,consensus,Safe R,-3.0,"median of 3: cook=Safe R, inside=Safe R, sabato=Safe R"
2022,S-SC,Senate,cook,Safe R,-3.0,"Cook Nov 7, 2022"
2022,S-SC,Senate,inside,Safe R,-3.0,"IE Nov 3, 2022"
2022,S-SC,Senate,sabato,Safe R,-3.0,"Sabato Nov 7, 2022"
2022,S-SD,Senate,consensus,Safe R,-3.0,"median of 3: cook=Safe R, inside=Safe R, sabato=Safe R"
2022,S-SD,Senate,cook,Safe R,-3.0,"Cook Nov 7, 2022"
2022,S-SD,Senate,inside,Safe R,-3.0,"IE Nov 3, 2022"
2022,S-SD,Senate,sabato,Safe R,-3.0,"Sabato Nov 7, 2022"
2022,S-UT,Senate,consensus,Likely R,-2.0,"median of 3: cook=Likely R, inside=Likely R, sabato=Likely R"
2022,S-UT,Senate,cook,Likely R,-2.0,"Cook Nov 7, 2022"
2022,S-UT,Senate,inside,Likely R,-2.0,"IE Nov 3, 2022"
2022,S-UT,Senate,sabato,Likely R,-2.0,"Sabato Nov 7, 2022"
2022,S-VT,Senate,consensus,Safe D,3.0,"median of 3: cook=Safe D, inside=Safe D, sabato=Safe D"
2022,S-VT,Senate,cook,Safe D,3.0,"Cook Nov 7, 2022"
2022,S-VT,Senate,inside,Safe D,3.0,"IE Nov 3, 2022"
2022,S-VT,Senate,sabato,Safe D,3.0,"Sabato Nov 7, 2022"
2022,S-WA,Senate,consensus,Likely D,2.0,"median of 3: cook=Likely D, inside=Likely D, sabato=Likely D"
2022,S-WA,Senate,cook,Likely D,2.0,"Cook Nov 7, 2022"
2022,S-WA,Senate,inside,Likely D,2.0,"IE Nov 3, 2022"
2022,S-WA,Senate,sabato,Likely D,2.0,"Sabato Nov 7, 2022"
2022,S-WI,Senate,consensus,Lean R,-1.0,"median of 3: cook=Lean R, inside=Lean R, sabato=Lean R"
2022,S-WI,Senate,cook,Lean R,-1.0,"Cook Nov 7, 2022"
2022,S-WI,Senate,inside,Lean R,-1.0,"IE Nov 3, 2022"
2022,S-WI,Senate,sabato,Lean R,-1.0,"Sabato Nov 7, 2022"
