# The Downballot, 2024 presidential results by 2026 congressional district (published 2026-07-09); lean = district margin minus national margin, bridged onto the FiveThirtyEight scale
# bridge: lean_538 = -2.09 + 1.024 * lean_2024 (r=0.9680, residual sd=7.92)
# national 2024 margin used: -1.68
# regenerate with: python3 fetch_pvi.py
race_id,pvi
H-AL-01,-37.24
H-AL-02,-15.04
H-AL-03,-48.16
H-AL-04,-68.36
H-AL-05,-30.16
H-AL-06,-35.79
H-AL-07,17.86
H-CA-01,12.14
H-CA-02,24.86
H-CA-03,10.04
H-CA-04,14.48
H-CA-05,-21.55
H-CA-06,8.23
H-CA-07,12.75
H-CA-08,34.5
H-CA-09,11.32
H-CA-10,33.98
H-CA-11,68.95
H-CA-12,75.27
H-CA-13,0.01
H-CA-14,35.22
H-CA-15,48.66
H-CA-16,48.88
H-CA-17,39.53
H-CA-18,28.76
H-CA-19,34.86
H-CA-20,-33.36
H-CA-21,5.75
H-CA-22,-2.26
H-CA-23,-20.22
H-CA-24,25.16
H-CA-25,5.58
H-CA-26,15.28
H-CA-27,9.59
H-CA-28,25.51
H-CA-29,34.07
H-CA-30,40.6
H-CA-31,12.15
H-CA-32,25.23
H-CA-33,9.65
H-CA-34,51.47
H-CA-35,7.62
H-CA-36,39.67
H-CA-37,61.45
H-CA-38,12.25
H-CA-39,9.34
H-CA-40,-12.88
H-CA-41,14.17
H-CA-42,13.08
H-CA-43,49.75
H-CA-44,35.64
H-CA-45,3.67
H-CA-46,16.18
H-CA-47,9.95
H-CA-48,3.11
H-CA-49,12.02
H-CA-50,18.32
H-CA-51,18.33
H-CA-52,17.62
H-FL-01,-38.44
H-FL-02,-18.79
H-FL-03,-21.98
H-FL-04,-12.48
H-FL-05,-22.3
H-FL-06,-31.17
H-FL-07,-13.14
H-FL-08,-16.96
H-FL-09,-18.55
H-FL-10,24.19
H-FL-11,-16.43
H-FL-12,-16.12
H-FL-13,-14.0
H-FL-14,-11.12
H-FL-15,-20.68
H-FL-16,-14.39
H-FL-17,-22.98
H-FL-18,-17.71
H-FL-19,-31.3
H-FL-20,37.67
H-FL-21,-17.04
H-FL-22,-10.89
H-FL-23,13.69
H-FL-24,39.25
H-FL-25,-9.72
H-FL-26,-19.19
H-FL-27,-15.29
H-FL-28,-26.42
H-LA-01,-39.5
H-LA-02,48.12
H-LA-03,-37.21
H-LA-04,-35.4
H-LA-05,-35.21
H-LA-06,-31.17
H-NC-01,-12.19
H-NC-02,34.28
H-NC-03,-14.32
H-NC-04,46.0
H-NC-05,-18.56
H-NC-06,-17.93
H-NC-07,-14.51
H-NC-08,-20.2
H-NC-09,-16.58
H-NC-10,-18.51
H-NC-11,-10.09
H-NC-12,46.93
H-NC-13,-17.22
H-NC-14,-15.8
H-OH-01,-3.03
H-OH-02,-43.52
H-OH-03,40.83
H-OH-04,-44.01
H-OH-05,-24.68
H-OH-06,-35.8
H-OH-07,-11.69
H-OH-08,-16.35
H-OH-09,-11.19
H-OH-10,-8.34
H-OH-11,56.01
H-OH-12,-31.17
H-OH-13,3.0
H-OH-14,-21.21
H-OH-15,-10.62
H-TN-01,-59.57
H-TN-02,-35.01
H-TN-03,-36.94
H-TN-04,-24.85
H-TN-05,-23.99
H-TN-06,-27.51
H-TN-07,-23.29
H-TN-08,-20.98
H-TN-09,-22.0
H-TX-01,-51.07
H-TX-02,-23.74
H-TX-03,-24.35
H-TX-04,-25.66
H-TX-05,-22.5
H-TX-06,-23.84
H-TX-07,23.62
H-TX-08,-28.66
H-TX-09,-20.62
H-TX-10,-23.54
H-TX-11,-35.57
H-TX-12,-24.81
H-TX-13,-47.66
H-TX-14,-25.24
H-TX-15,-18.66
H-TX-16,16.45
H-TX-17,-22.54
H-TX-18,55.9
H-TX-19,-53.28
H-TX-20,28.84
H-TX-21,-22.72
H-TX-22,-23.16
H-TX-23,-15.54
H-TX-24,-16.88
H-TX-25,-25.01
H-TX-26,-24.76
H-TX-27,-22.1
H-TX-28,-10.99
H-TX-29,30.8
H-TX-30,47.92
H-TX-31,-22.76
H-TX-32,-18.57
H-TX-33,33.16
H-TX-34,-10.74
H-TX-35,-11.07
H-TX-36,-25.94
H-TX-37,57.58
H-TX-38,-21.78
H-UT-01,23.82
H-UT-02,-30.05
H-UT-03,-42.72
H-UT-04,-33.64
