date,cpi,unrate,gasregw,cpi_yoy,provenance
1913-01-01,9.8,,,,mirror
1913-02-01,9.8,,,,mirror
1913-03-01,9.8,,,,mirror
1913-04-01,9.8,,,,mirror
1913-05-01,9.7,,,,mirror
1913-06-01,9.8,,,,mirror
1913-07-01,9.9,,,,mirror
1913-08-01,9.9,,,,mirror
1913-09-01,10.0,,,,mirror
1913-10-01,10.0,,,,mirror
1913-11-01,10.1,,,,mirror
1913-12-01,10.0,,,,mirror
1914-01-01,10.0,,,2.0408163265306145,mirror
1914-02-01,9.9,,,1.0204081632652962,mirror
1914-03-01,9.9,,,1.0204081632652962,mirror
1914-04-01,9.8,,,0.0,mirror
1914-05-01,9.9,,,2.0618556701031077,mirror
1914-06-01,9.9,,,1.0204081632652962,mirror
1914-07-01,10.0,,,1.0101010101010166,mirror
1914-08-01,10.2,,,3.0303030303030276,mirror
1914-09-01,10.2,,,2.0000000000000018,mirror
1914-10-01,10.1,,,1.0000000000000009,mirror
1914-11-01,10.2,,,0.990099009900991,mirror
1914-12-01,10.1,,,1.0000000000000009,mirror
1915-01-01,10.1,,,1.0000000000000009,mirror
1915-02-01,10.0,,,1.0101010101010166,mirror
1915-03-01,9.9,,,0.0,mirror
1915-04-01,10.0,,,2.0408163265306145,mirror
1915-05-01,10.1,,,2.020202020202011,mirror
1915-06-01,10.1,,,2.020202020202011,mirror
1915-07-01,10.1,,,1.0000000000000009,mirror
1915-08-01,10.1,,,-0.9803921568627416,mirror
1915-09-01,10.1,,,-0.9803921568627416,mirror
1915-10-01,10.2,,,0.990099009900991,mirror
1915-11-01,10.3,,,0.9803921568627638,mirror
1915-12-01,10.3,,,1.980198019801982,mirror
1916-01-01,10.4,,,2.970297029702973,mirror
1916-02-01,10.4,,,4.0000000000000036,mirror
1916-03-01,10.5,,,6.060606060606055,mirror
1916-04-01,10.6,,,6.000000000000005,mirror
1916-05-01,10.7,,,5.940594059405946,mirror
1916-06-01,10.8,,,6.930693069306937,mirror
1916-07-01,10.8,,,6.930693069306937,mirror
1916-08-01,10.9,,,7.920792079207928,mirror
1916-09-01,11.1,,,9.90099009900991,mirror
1916-10-01,11.3,,,10.784313725490202,mirror
1916-11-01,11.5,,,11.650485436893199,mirror
1916-12-01,11.6,,,12.621359223300965,mirror
1917-01-01,11.7,,,12.5,mirror
1917-02-01,12.0,,,15.384615384615374,mirror
1917-03-01,12.0,,,14.28571428571428,mirror
1917-04-01,12.6,,,18.867924528301884,mirror
1917-05-01,12.8,,,19.62616822429908,mirror
1917-06-01,13.0,,,20.370370370370374,mirror
1917-07-01,12.8,,,18.518518518518512,mirror
1917-08-01,13.0,,,19.266055045871553,mirror
1917-09-01,13.3,,,19.81981981981984,mirror
1917-10-01,13.5,,,19.469026548672552,mirror
1917-11-01,13.5,,,17.391304347826097,mirror
1917-12-01,13.7,,,18.10344827586208,mirror
1918-01-01,14.0,,,19.658119658119656,mirror
1918-02-01,14.1,,,17.500000000000004,mirror
1918-03-01,14.0,,,16.666666666666675,mirror
1918-04-01,14.2,,,12.698412698412698,mirror
1918-05-01,14.5,,,13.28125,mirror
1918-06-01,14.7,,,13.076923076923075,mirror
1918-07-01,15.1,,,17.96875,mirror
1918-08-01,15.4,,,18.461538461538463,mirror
1918-09-01,15.7,,,18.045112781954884,mirror
1918-10-01,16.0,,,18.518518518518512,mirror
1918-11-01,16.3,,,20.740740740740748,mirror
1918-12-01,16.5,,,20.43795620437956,mirror
1919-01-01,16.5,,,17.85714285714286,mirror
1919-02-01,16.2,,,14.893617021276583,mirror
1919-03-01,16.4,,,17.142857142857125,mirror
1919-04-01,16.7,,,17.6056338028169,mirror
1919-05-01,16.9,,,16.551724137931025,mirror
1919-06-01,16.9,,,14.965986394557817,mirror
1919-07-01,17.4,,,15.231788079470189,mirror
1919-08-01,17.7,,,14.935064935064934,mirror
1919-09-01,17.8,,,13.375796178343968,mirror
1919-10-01,18.1,,,13.125000000000009,mirror
1919-11-01,18.5,,,13.496932515337413,mirror
1919-12-01,18.9,,,14.545454545454529,mirror
1920-01-01,19.3,,,16.96969696969697,mirror
1920-02-01,19.5,,,20.370370370370374,mirror
1920-03-01,19.7,,,20.12195121951219,mirror
1920-04-01,20.3,,,21.556886227544926,mirror
1920-05-01,20.6,,,21.89349112426038,mirror
1920-06-01,20.9,,,23.66863905325445,mirror
1920-07-01,20.8,,,19.54022988505748,mirror
1920-08-01,20.3,,,14.689265536723163,mirror
1920-09-01,20.0,,,12.35955056179774,mirror
1920-10-01,19.9,,,9.944751381215443,mirror
1920-11-01,19.8,,,7.027027027027022,mirror
1920-12-01,19.4,,,2.645502645502651,mirror
1921-01-01,19.0,,,-1.5544041450777257,mirror
1921-02-01,18.4,,,-5.641025641025643,mirror
1921-03-01,18.3,,,-7.106598984771562,mirror
1921-04-01,18.1,,,-10.837438423645319,mirror
1921-05-01,17.7,,,-14.077669902912627,mirror
1921-06-01,17.6,,,-15.78947368421051,mirror
1921-07-01,17.7,,,-14.903846153846157,mirror
1921-08-01,17.7,,,-12.807881773399021,mirror
1921-09-01,17.5,,,-12.5,mirror
1921-10-01,17.5,,,-12.060301507537686,mirror
1921-11-01,17.4,,,-12.121212121212132,mirror
1921-12-01,17.3,,,-10.824742268041232,mirror
1922-01-01,16.9,,,-11.05263157894738,mirror
1922-02-01,16.9,,,-8.15217391304348,mirror
1922-03-01,16.7,,,-8.743169398907114,mirror
1922-04-01,16.7,,,-7.734806629834267,mirror
1922-05-01,16.7,,,-5.649717514124298,mirror
1922-06-01,16.7,,,-5.113636363636376,mirror
1922-07-01,16.8,,,-5.0847457627118615,mirror
1922-08-01,16.6,,,-6.214689265536711,mirror
1922-09-01,16.6,,,-5.142857142857138,mirror
1922-10-01,16.7,,,-4.571428571428571,mirror
1922-11-01,16.8,,,-3.44827586206895,mirror
1922-12-01,16.9,,,-2.3121387283237094,mirror
1923-01-01,16.8,,,-0.5917159763313529,mirror
1923-02-01,16.8,,,-0.5917159763313529,mirror
1923-03-01,16.8,,,0.5988023952095967,mirror
1923-04-01,16.9,,,1.197604790419149,mirror
1923-05-01,16.9,,,1.197604790419149,mirror
1923-06-01,17.0,,,1.7964071856287456,mirror
1923-07-01,17.2,,,2.3809523809523725,mirror
1923-08-01,17.1,,,3.0120481927710774,mirror
1923-09-01,17.2,,,3.6144578313252795,mirror
1923-10-01,17.3,,,3.592814371257491,mirror
1923-11-01,17.3,,,2.9761904761904656,mirror
1923-12-01,17.3,,,2.366863905325456,mirror
1924-01-01,17.3,,,2.9761904761904656,mirror
1924-02-01,17.2,,,2.3809523809523725,mirror
1924-03-01,17.1,,,1.7857142857142794,mirror
1924-04-01,17.0,,,0.591715976331364,mirror
1924-05-01,17.0,,,0.591715976331364,mirror
1924-06-01,17.0,,,0.0,mirror
1924-07-01,17.1,,,-0.5813953488371992,mirror
1924-08-01,17.0,,,-0.5847953216374324,mirror
1924-09-01,17.1,,,-0.5813953488371992,mirror
1924-10-01,17.2,,,-0.5780346820809301,mirror
1924-11-01,17.2,,,-0.5780346820809301,mirror
1924-12-01,17.3,,,0.0,mirror
1925-01-01,17.3,,,0.0,mirror
1925-02-01,17.2,,,0.0,mirror
1925-03-01,17.3,,,1.1695906432748426,mirror
1925-04-01,17.2,,,1.17647058823529,mirror
1925-05-01,17.3,,,1.764705882352935,mirror
1925-06-01,17.5,,,2.941176470588225,mirror
1925-07-01,17.7,,,3.50877192982455,mirror
1925-08-01,17.7,,,4.117647058823515,mirror
1925-09-01,17.7,,,3.50877192982455,mirror
1925-10-01,17.7,,,2.9069767441860517,mirror
1925-11-01,18.0,,,4.651162790697683,mirror
1925-12-01,17.9,,,3.4682080924855363,mirror
1926-01-01,17.9,,,3.4682080924855363,mirror
1926-02-01,17.9,,,4.06976744186045,mirror
1926-03-01,17.8,,,2.8901734104046284,mirror
1926-04-01,17.9,,,4.06976744186045,mirror
1926-05-01,17.8,,,2.8901734104046284,mirror
1926-06-01,17.7,,,1.1428571428571344,mirror
1926-07-01,17.5,,,-1.1299435028248594,mirror
1926-08-01,17.4,,,-1.6949152542372947,mirror
1926-09-01,17.5,,,-1.1299435028248594,mirror
1926-10-01,17.6,,,-0.5649717514124131,mirror
1926-11-01,17.7,,,-1.6666666666666718,mirror
1926-12-01,17.7,,,-1.1173184357541888,mirror
1927-01-01,17.5,,,-2.2346368715083775,mirror
1927-02-01,17.4,,,-2.7932960893854775,mirror
1927-03-01,17.3,,,-2.8089887640449396,mirror
1927-04-01,17.3,,,-3.351955307262555,mirror
1927-05-01,17.4,,,-2.2471910112359716,mirror
1927-06-01,17.6,,,-0.5649717514124131,mirror
1927-07-01,17.3,,,-1.1428571428571344,mirror
1927-08-01,17.2,,,-1.1494252873563204,mirror
1927-09-01,17.3,,,-1.1428571428571344,mirror
1927-10-01,17.4,,,-1.1363636363636576,mirror
1927-11-01,17.3,,,-2.259887005649708,mirror
1927-12-01,17.3,,,-2.259887005649708,mirror
1928-01-01,17.3,,,-1.1428571428571344,mirror
1928-02-01,17.1,,,-1.724137931034464,mirror
1928-03-01,17.1,,,-1.1560693641618491,mirror
1928-04-01,17.1,,,-1.1560693641618491,mirror
1928-05-01,17.2,,,-1.1494252873563204,mirror
1928-06-01,17.1,,,-2.840909090909094,mirror
1928-07-01,17.1,,,-1.1560693641618491,mirror
1928-08-01,17.1,,,-0.5813953488371992,mirror
1928-09-01,17.3,,,0.0,mirror
1928-10-01,17.2,,,-1.1494252873563204,mirror
1928-11-01,17.2,,,-0.5780346820809301,mirror
1928-12-01,17.1,,,-1.1560693641618491,mirror
1929-01-01,17.1,,,-1.1560693641618491,mirror
1929-02-01,17.1,,,0.0,mirror
1929-03-01,17.0,,,-0.5847953216374324,mirror
1929-04-01,16.9,,,-1.1695906432748648,mirror
1929-05-01,17.0,,,-1.1627906976744096,mirror
1929-06-01,17.1,,,0.0,mirror
1929-07-01,17.3,,,1.1695906432748426,mirror
1929-08-01,17.3,,,1.1695906432748426,mirror
1929-09-01,17.3,,,0.0,mirror
1929-10-01,17.3,,,0.5813953488372103,mirror
1929-11-01,17.3,,,0.5813953488372103,mirror
1929-12-01,17.2,,,0.5847953216374213,mirror
1930-01-01,17.1,,,0.0,mirror
1930-02-01,17.0,,,-0.5847953216374324,mirror
1930-03-01,16.9,,,-0.5882352941176561,mirror
1930-04-01,17.0,,,0.591715976331364,mirror
1930-05-01,16.9,,,-0.5882352941176561,mirror
1930-06-01,16.8,,,-1.7543859649122862,mirror
1930-07-01,16.6,,,-4.046242774566466,mirror
1930-08-01,16.5,,,-4.624277456647407,mirror
1930-09-01,16.6,,,-4.046242774566466,mirror
1930-10-01,16.5,,,-4.624277456647407,mirror
1930-11-01,16.4,,,-5.202312138728338,mirror
1930-12-01,16.1,,,-6.3953488372092915,mirror
1931-01-01,15.9,,,-7.017543859649134,mirror
1931-02-01,15.7,,,-7.647058823529418,mirror
1931-03-01,15.6,,,-7.692307692307687,mirror
1931-04-01,15.5,,,-8.823529411764708,mirror
1931-05-01,15.3,,,-9.467455621301768,mirror
1931-06-01,15.1,,,-10.119047619047628,mirror
1931-07-01,15.1,,,-9.036144578313266,mirror
1931-08-01,15.1,,,-8.484848484848484,mirror
1931-09-01,15.0,,,-9.63855421686748,mirror
1931-10-01,14.9,,,-9.696969696969692,mirror
1931-11-01,14.7,,,-10.365853658536583,mirror
1931-12-01,14.6,,,-9.316770186335411,mirror
1932-01-01,14.3,,,-10.062893081761004,mirror
1932-02-01,14.1,,,-10.191082802547768,mirror
1932-03-01,14.0,,,-10.256410256410254,mirror
1932-04-01,13.9,,,-10.322580645161283,mirror
1932-05-01,13.7,,,-10.457516339869288,mirror
1932-06-01,13.6,,,-9.93377483443708,mirror
1932-07-01,13.6,,,-9.93377483443708,mirror
1932-08-01,13.5,,,-10.596026490066224,mirror
1932-09-01,13.4,,,-10.666666666666668,mirror
1932-10-01,13.3,,,-10.738255033557042,mirror
1932-11-01,13.2,,,-10.204081632653061,mirror
1932-12-01,13.1,,,-10.273972602739722,mirror
1933-01-01,12.9,,,-9.790209790209792,mirror
1933-02-01,12.7,,,-9.9290780141844,mirror
1933-03-01,12.6,,,-9.999999999999998,mirror
1933-04-01,12.6,,,-9.35251798561152,mirror
1933-05-01,12.6,,,-8.029197080291972,mirror
1933-06-01,12.7,,,-6.617647058823528,mirror
1933-07-01,13.1,,,-3.676470588235292,mirror
1933-08-01,13.2,,,-2.2222222222222254,mirror
1933-09-01,13.2,,,-1.4925373134328401,mirror
1933-10-01,13.2,,,-0.7518796992481258,mirror
1933-11-01,13.2,,,0.0,mirror
1933-12-01,13.2,,,0.7633587786259444,mirror
1934-01-01,13.2,,,2.325581395348819,mirror
1934-02-01,13.3,,,4.7244094488189115,mirror
1934-03-01,13.3,,,5.555555555555558,mirror
1934-04-01,13.3,,,5.555555555555558,mirror
1934-05-01,13.3,,,5.555555555555558,mirror
1934-06-01,13.4,,,5.51181102362206,mirror
1934-07-01,13.4,,,2.2900763358778775,mirror
1934-08-01,13.4,,,1.5151515151515138,mirror
1934-09-01,13.6,,,3.0303030303030276,mirror
1934-10-01,13.5,,,2.2727272727272707,mirror
1934-11-01,13.5,,,2.2727272727272707,mirror
1934-12-01,13.4,,,1.5151515151515138,mirror
1935-01-01,13.6,,,3.0303030303030276,mirror
1935-02-01,13.7,,,3.007518796992481,mirror
1935-03-01,13.7,,,3.007518796992481,mirror
1935-04-01,13.8,,,3.759398496240607,mirror
1935-05-01,13.8,,,3.759398496240607,mirror
1935-06-01,13.7,,,2.238805970149249,mirror
1935-07-01,13.7,,,2.238805970149249,mirror
1935-08-01,13.7,,,2.238805970149249,mirror
1935-09-01,13.7,,,0.7352941176470562,mirror
1935-10-01,13.7,,,1.4814814814814836,mirror
1935-11-01,13.8,,,2.2222222222222365,mirror
1935-12-01,13.8,,,2.9850746268656803,mirror
1936-01-01,13.8,,,1.4705882352941346,mirror
1936-02-01,13.8,,,0.7299270072992803,mirror
1936-03-01,13.7,,,0.0,mirror
1936-04-01,13.7,,,-0.7246376811594346,mirror
1936-05-01,13.7,,,-0.7246376811594346,mirror
1936-06-01,13.8,,,0.7299270072992803,mirror
1936-07-01,13.9,,,1.4598540145985384,mirror
1936-08-01,14.0,,,2.1897810218978186,mirror
1936-09-01,14.0,,,2.1897810218978186,mirror
1936-10-01,14.0,,,2.1897810218978186,mirror
1936-11-01,14.0,,,1.4492753623188248,mirror
1936-12-01,14.0,,,1.4492753623188248,mirror
1937-01-01,14.1,,,2.1739130434782483,mirror
1937-02-01,14.1,,,2.1739130434782483,mirror
1937-03-01,14.2,,,3.649635036496357,mirror
1937-04-01,14.3,,,4.379562043795637,mirror
1937-05-01,14.4,,,5.109489051094895,mirror
1937-06-01,14.4,,,4.347826086956519,mirror
1937-07-01,14.5,,,4.316546762589923,mirror
1937-08-01,14.5,,,3.571428571428581,mirror
1937-09-01,14.6,,,4.285714285714293,mirror
1937-10-01,14.6,,,4.285714285714293,mirror
1937-11-01,14.5,,,3.571428571428581,mirror
1937-12-01,14.4,,,2.857142857142869,mirror
1938-01-01,14.2,,,0.7092198581560183,mirror
1938-02-01,14.1,,,0.0,mirror
1938-03-01,14.1,,,-0.7042253521126751,mirror
1938-04-01,14.2,,,-0.6993006993007089,mirror
1938-05-01,14.1,,,-2.083333333333337,mirror
1938-06-01,14.1,,,-2.083333333333337,mirror
1938-07-01,14.1,,,-2.758620689655178,mirror
1938-08-01,14.1,,,-2.758620689655178,mirror
1938-09-01,14.1,,,-3.424657534246578,mirror
1938-10-01,14.0,,,-4.109589041095885,mirror
1938-11-01,14.0,,,-3.4482758620689613,mirror
1938-12-01,14.0,,,-2.777777777777779,mirror
1939-01-01,14.0,,,-1.4084507042253502,mirror
1939-02-01,13.9,,,-1.4184397163120477,mirror
1939-03-01,13.9,,,-1.4184397163120477,mirror
1939-04-01,13.8,,,-2.8169014084506894,mirror
1939-05-01,13.8,,,-2.127659574468077,mirror
1939-06-01,13.8,,,-2.127659574468077,mirror
1939-07-01,13.8,,,-2.127659574468077,mirror
1939-08-01,13.8,,,-2.127659574468077,mirror
1939-09-01,14.1,,,0.0,mirror
1939-10-01,14.0,,,0.0,mirror
1939-11-01,14.0,,,0.0,mirror
1939-12-01,14.0,,,0.0,mirror
1940-01-01,13.9,,,-0.7142857142857117,mirror
1940-02-01,14.0,,,0.7194244604316502,mirror
1940-03-01,14.0,,,0.7194244604316502,mirror
1940-04-01,14.0,,,1.4492753623188248,mirror
1940-05-01,14.0,,,1.4492753623188248,mirror
1940-06-01,14.1,,,2.1739130434782483,mirror
1940-07-01,14.0,,,1.4492753623188248,mirror
1940-08-01,14.0,,,1.4492753623188248,mirror
1940-09-01,14.0,,,-0.7092198581560294,mirror
1940-10-01,14.0,,,0.0,mirror
1940-11-01,14.0,,,0.0,mirror
1940-12-01,14.1,,,0.7142857142857117,mirror
1941-01-01,14.1,,,1.4388489208633004,mirror
1941-02-01,14.1,,,0.7142857142857117,mirror
1941-03-01,14.2,,,1.4285714285714235,mirror
1941-04-01,14.3,,,2.1428571428571574,mirror
1941-05-01,14.4,,,2.857142857142869,mirror
1941-06-01,14.7,,,4.255319148936176,mirror
1941-07-01,14.7,,,5.000000000000004,mirror
1941-08-01,14.9,,,6.428571428571428,mirror
1941-09-01,15.1,,,7.857142857142851,mirror
1941-10-01,15.3,,,9.285714285714297,mirror
1941-11-01,15.4,,,10.000000000000009,mirror
1941-12-01,15.5,,,9.92907801418439,mirror
1942-01-01,15.7,,,11.347517730496449,mirror
1942-02-01,15.8,,,12.056737588652489,mirror
1942-03-01,16.0,,,12.676056338028175,mirror
1942-04-01,16.1,,,12.587412587412583,mirror
1942-05-01,16.3,,,13.194444444444443,mirror
1942-06-01,16.3,,,10.88435374149661,mirror
1942-07-01,16.4,,,11.564625850340127,mirror
1942-08-01,16.5,,,10.738255033557053,mirror
1942-09-01,16.5,,,9.27152317880795,mirror
1942-10-01,16.7,,,9.15032679738561,mirror
1942-11-01,16.8,,,9.090909090909083,mirror
1942-12-01,16.9,,,9.03225806451613,mirror
1943-01-01,16.9,,,7.643312101910826,mirror
1943-02-01,16.9,,,6.962025316455689,mirror
1943-03-01,17.2,,,7.499999999999996,mirror
1943-04-01,17.4,,,8.074534161490664,mirror
1943-05-01,17.5,,,7.361963190184051,mirror
1943-06-01,17.5,,,7.361963190184051,mirror
1943-07-01,17.4,,,6.0975609756097615,mirror
1943-08-01,17.3,,,4.8484848484848575,mirror
1943-09-01,17.4,,,5.454545454545445,mirror
1943-10-01,17.4,,,4.191616766467066,mirror
1943-11-01,17.4,,,3.5714285714285587,mirror
1943-12-01,17.4,,,2.9585798816567976,mirror
1944-01-01,17.4,,,2.9585798816567976,mirror
1944-02-01,17.4,,,2.9585798816567976,mirror
1944-03-01,17.4,,,1.1627906976744207,mirror
1944-04-01,17.5,,,0.5747126436781658,mirror
1944-05-01,17.5,,,0.0,mirror
1944-06-01,17.6,,,0.5714285714285783,mirror
1944-07-01,17.7,,,1.7241379310344973,mirror
1944-08-01,17.7,,,2.3121387283236983,mirror
1944-09-01,17.7,,,1.7241379310344973,mirror
1944-10-01,17.7,,,1.7241379310344973,mirror
1944-11-01,17.7,,,1.7241379310344973,mirror
1944-12-01,17.8,,,2.298850574712663,mirror
1945-01-01,17.8,,,2.298850574712663,mirror
1945-02-01,17.8,,,2.298850574712663,mirror
1945-03-01,17.8,,,2.298850574712663,mirror
1945-04-01,17.8,,,1.7142857142857126,mirror
1945-05-01,17.9,,,2.2857142857142687,mirror
1945-06-01,18.1,,,2.840909090909083,mirror
1945-07-01,18.1,,,2.259887005649719,mirror
1945-08-01,18.1,,,2.259887005649719,mirror
1945-09-01,18.1,,,2.259887005649719,mirror
1945-10-01,18.1,,,2.259887005649719,mirror
1945-11-01,18.1,,,2.259887005649719,mirror
1945-12-01,18.2,,,2.2471910112359383,mirror
1946-01-01,18.2,,,2.2471910112359383,mirror
1946-02-01,18.1,,,1.6853932584269593,mirror
1946-03-01,18.3,,,2.8089887640449396,mirror
1946-04-01,18.4,,,3.3707865168539186,mirror
1946-05-01,18.5,,,3.3519553072625774,mirror
1946-06-01,18.7,,,3.3149171270718147,mirror
1946-07-01,19.8,,,9.392265193370154,mirror
1946-08-01,20.2,,,11.602209944751362,mirror
1946-09-01,20.4,,,12.707182320441968,mirror
1946-10-01,20.8,,,14.917127071823199,mirror
1946-11-01,21.3,,,17.67955801104972,mirror
1946-12-01,21.5,,,18.131868131868135,mirror
1947-01-01,21.5,5.515551288642915,3.2034558419206483,18.131868131868135,mirror
1947-02-01,21.5,5.552524105100468,3.2116720233556597,18.78453038674033,mirror
1947-03-01,21.9,5.56739377352872,3.2149763941174934,19.67213114754096,mirror
1947-04-01,21.9,5.508751698106524,3.2019448218014497,19.02173913043479,mirror
1947-05-01,21.9,5.549492712106814,3.210998380468181,18.37837837837837,mirror
1947-06-01,22.0,5.569579567863195,3.215462126191821,17.647058823529417,mirror
1947-07-01,22.2,5.5454166722719815,3.210092593838218,12.12121212121211,mirror
1947-08-01,22.5,5.571566986960818,3.2159037748801818,11.386138613861396,mirror
1947-09-01,23.0,5.587972744789191,3.2195494988420426,12.745098039215685,mirror
1947-10-01,23.0,5.60120870713869,3.222490823808598,10.576923076923084,mirror
1947-11-01,23.1,5.6024877079979,3.2227750462217557,8.450704225352123,mirror
1947-12-01,23.4,5.627089792395461,3.22824217608788,8.837209302325565,mirror
1948-01-01,23.7,5.593949358480385,3.220877635217864,10.232558139534875,mirror
1948-02-01,23.5,5.586618410820698,3.219248535737933,9.302325581395344,mirror
1948-03-01,23.4,5.564923041750099,3.2144273426111334,6.849315068493156,mirror
1948-04-01,23.8,5.591871121318658,3.22041580473748,8.675799086757996,mirror
1948-05-01,23.9,5.593658616155332,3.220813025812296,9.1324200913242,mirror
1948-06-01,24.1,5.580498062361903,3.2178884583026455,9.545454545454547,mirror
1948-07-01,24.4,5.545312181555845,3.210069373679077,9.909909909909898,mirror
1948-08-01,24.5,5.533738530727996,3.207497451272888,8.888888888888879,mirror
1948-09-01,24.5,5.534104928851321,3.2075788730780714,6.521739130434789,mirror
1948-10-01,24.4,5.52170279811285,3.204822844025078,6.0869565217391175,mirror
1948-11-01,24.2,5.579935669760769,3.21776348216906,4.761904761904745,mirror
1948-12-01,24.1,5.62523826394953,3.227830725322118,2.991452991453003,mirror
1949-01-01,24.0,5.503235952396062,3.2007191005324582,1.2658227848101333,mirror
1949-02-01,23.8,5.418230356327516,3.1818289680727814,1.276595744680864,mirror
1949-03-01,23.8,5.410365612185034,3.1800812471522297,1.7094017094017255,mirror
1949-04-01,23.9,5.391367043664098,3.1758593430364663,0.42016806722688926,mirror
1949-05-01,23.8,5.4009809785515355,3.1779957730114523,-0.4184100418409997,mirror
1949-06-01,23.9,5.4107604654475505,3.1801689923216783,-0.8298755186722073,mirror
1949-07-01,23.7,5.506063209424848,3.2013473798721885,-2.868852459016391,mirror
1949-08-01,23.8,5.456022275103695,3.1902271722452658,-2.857142857142858,mirror
1949-09-01,23.9,5.43903004978298,3.1864511221739957,-2.448979591836742,mirror
1949-10-01,23.7,5.530954772120135,3.2068788382489193,-2.868852459016391,mirror
1949-11-01,23.8,5.560056406949219,3.2133458682109377,-1.6528925619834656,mirror
1949-12-01,23.6,5.58989425870615,3.2199765019347,-2.0746887966805017,mirror
1950-01-01,23.5,5.566763971980214,3.2148364382178256,-2.083333333333337,mirror
1950-02-01,23.5,5.49260058929171,3.198355686509269,-1.260504201680679,mirror
1950-03-01,23.6,5.500136502781733,3.2000303339514966,-0.8403361344537785,mirror
1950-04-01,23.6,5.505042136733703,3.201120474829712,-1.2552301255229992,mirror
1950-05-01,23.7,5.449811294292697,3.188846954287266,-0.42016806722690037,mirror
1950-06-01,23.8,5.419066094512572,3.1820146876694606,-0.4184100418409997,mirror
1950-07-01,24.1,5.4158241289248465,3.181294250872188,1.6877637130801704,mirror
1950-08-01,24.3,5.373310305887111,3.1718467346415804,2.1008403361344463,mirror
1950-09-01,24.4,5.368888157333762,3.170864034963058,2.092050209205021,mirror
1950-10-01,24.6,5.373184893569887,3.171818865237753,3.797468354430378,mirror
1950-11-01,24.7,5.374786274237384,3.172174727608308,3.7815126050420034,mirror
1950-12-01,25.0,5.35200314961324,3.1671118110251646,5.932203389830493,mirror
1951-01-01,25.4,5.378721812843602,3.173049291743023,8.085106382978724,mirror
1951-02-01,25.7,5.418824325786306,3.181960961285846,9.361702127659566,mirror
1951-03-01,25.8,5.433262499491802,3.1851694443315117,9.322033898305083,mirror
1951-04-01,25.8,5.396442139259238,3.176987142057609,9.322033898305083,mirror
1951-05-01,25.9,5.429366492029583,3.184303664895463,9.282700421940927,mirror
1951-06-01,25.9,5.406801691198566,3.1792892647107927,8.823529411764696,mirror
1951-07-01,25.9,5.446363919021525,3.1880808708936725,7.468879668049788,mirror
1951-08-01,25.9,5.39813348526204,3.1773629967248977,6.584362139917688,mirror
1951-09-01,26.1,5.439284509402835,3.1865076687561857,6.9672131147541005,mirror
1951-10-01,26.2,5.438381653945139,3.186307034210031,6.5040650406503975,mirror
1951-11-01,26.4,5.38218795388009,3.173819545306687,6.882591093117396,mirror
1951-12-01,26.5,5.3680624776415815,3.170680550587018,6.000000000000005,mirror
1952-01-01,26.5,5.3704970801863015,3.171221573374734,4.330708661417337,mirror
1952-02-01,26.3,5.382772690448702,3.1739494867663782,2.3346303501945664,mirror
1952-03-01,26.3,5.338574224826358,3.1641276055169687,1.9379844961240345,mirror
1952-04-01,26.4,5.288742437703924,3.1530538750453165,2.325581395348819,mirror
1952-05-01,26.4,5.297723741682042,3.1550497203737873,1.9305019305019266,mirror
1952-06-01,26.5,5.276720008922451,3.1503822242049893,2.316602316602312,mirror
1952-07-01,26.7,5.2873177614503115,3.1527372803222917,3.0888030888030826,mirror
1952-08-01,26.7,5.321496139961838,3.1603324755470754,3.0888030888030826,mirror
1952-09-01,26.7,5.247300708476046,3.1438446018835657,2.298850574712641,mirror
1952-10-01,26.7,5.258748173719339,3.1463884830487423,1.9083969465648831,mirror
1952-11-01,26.7,5.313857287258447,3.1586349527240993,1.1363636363636465,mirror
1952-12-01,26.7,5.300468579261776,3.1556596842803946,0.7547169811320753,mirror
1953-01-01,26.6,5.263981923016085,3.147551538448019,0.37735849056603765,mirror
1953-02-01,26.5,5.297832895239167,3.155073976719815,0.7604562737642651,mirror
1953-03-01,26.6,5.309237988468533,3.157608441881896,1.1406844106463865,mirror
1953-04-01,26.6,5.349552726653523,3.166567272589672,0.7575757575757791,mirror
1953-05-01,26.7,5.334018019701215,3.163115115489159,1.1363636363636465,mirror
1953-06-01,26.8,5.267336197383716,3.1482969327519372,1.132075471698113,mirror
1953-07-01,26.8,5.262385712971709,3.1471968251048246,0.3745318352059934,mirror
1953-08-01,26.9,5.242323446086204,3.1427385435747124,0.7490636704119868,mirror
1953-09-01,26.9,5.277213018078345,3.150491781795188,0.7490636704119868,mirror
1953-10-01,27.0,5.285926496255317,3.1524281102789593,1.1235955056179803,mirror
1953-11-01,26.9,5.212538280795737,3.1361196179546083,0.7490636704119868,mirror
1953-12-01,26.9,5.158755942191093,3.1241679871535766,0.7490636704119868,mirror
1954-01-01,26.9,5.19852644883752,3.133005877519449,1.1278195488721776,mirror
1954-02-01,26.9,5.229115874621323,3.1398035276936276,1.5094339622641506,mirror
1954-03-01,26.9,5.200304923155441,3.1334010940345425,1.1278195488721776,mirror
1954-04-01,26.8,5.200257727309913,3.1333906060688697,0.7518796992481258,mirror
1954-05-01,26.9,5.220308537229842,3.1378463416066316,0.7490636704119868,mirror
1954-06-01,26.9,5.24138673234297,3.1425303849651045,0.3731343283581934,mirror
1954-07-01,26.9,5.280817631168115,3.151292806926248,0.3731343283581934,mirror
1954-08-01,26.9,5.292359484393085,3.1538576631984636,0.0,mirror
1954-09-01,26.8,5.288092209139503,3.1529093798087784,-0.3717472118959009,mirror
1954-10-01,26.8,5.27644404622405,3.1503208991609,-0.7407407407407418,mirror
1954-11-01,26.8,5.323952472248046,3.1608783271662326,-0.3717472118959009,mirror
1954-12-01,26.7,5.222664029869512,3.1383697844154472,-0.743494423791824,mirror
1955-01-01,26.7,5.216424540240402,3.136983231164534,-0.743494423791824,mirror
1955-02-01,26.7,5.217909544919684,3.1373132322043746,-0.743494423791824,mirror
1955-03-01,26.7,5.153768841680526,3.1230597425956725,-0.743494423791824,mirror
1955-04-01,26.7,5.168745454271738,3.126387878727053,-0.3731343283582156,mirror
1955-05-01,26.7,5.139437808711786,3.119875068602619,-0.743494423791824,mirror
1955-06-01,26.7,5.178247824545994,3.1284995165657765,-0.743494423791824,mirror
1955-07-01,26.8,5.172596180764449,3.1272435957254334,-0.3717472118959009,mirror
1955-08-01,26.8,5.202708076599975,3.133935128133328,-0.3717472118959009,mirror
1955-09-01,26.9,5.257556038832679,3.1461235641850402,0.3731343283581934,mirror
1955-10-01,26.9,5.274787870054786,3.1499528600121747,0.3731343283581934,mirror
1955-11-01,26.9,5.235380418600758,3.141195648577946,0.3731343283581934,mirror
1955-12-01,26.8,5.16723608017405,3.1260524622609,0.3745318352059934,mirror
1956-01-01,26.8,5.246138365462286,3.143586303436064,0.3745318352059934,mirror
1956-02-01,26.8,5.241130216768847,3.1424733815041885,0.3745318352059934,mirror
1956-03-01,26.8,5.210144794125303,3.135587732027845,0.3745318352059934,mirror
1956-04-01,26.9,5.21663636308804,3.1370303029084536,0.7490636704119868,mirror
1956-05-01,27.0,5.208022853216321,3.135116189603627,1.1235955056179803,mirror
1956-06-01,27.2,5.246369255105892,3.143637612245754,1.8726591760299671,mirror
1956-07-01,27.4,5.247896023315562,3.143976894070125,2.238805970149249,mirror
1956-08-01,27.3,5.24851475457839,3.144114389906309,1.8656716417910557,mirror
1956-09-01,27.4,5.216358667131907,3.1369685926959794,1.8587360594795488,mirror
1956-10-01,27.5,5.237489231575545,3.1416642736834546,2.230483271375472,mirror
1956-11-01,27.5,5.19096522906957,3.1313256064599044,2.230483271375472,mirror
1956-12-01,27.6,5.220930253858948,3.137984500857544,2.9850746268656803,mirror
1957-01-01,27.6,5.289507441943504,3.153223875987446,2.9850746268656803,mirror
1957-02-01,27.7,5.220896570229042,3.137977015606454,3.3582089552238736,mirror
1957-03-01,27.8,5.109916254818233,3.113314723292941,3.731343283582089,mirror
1957-04-01,27.9,5.137675798800178,3.1194835108444843,3.7174721189590976,mirror
1957-05-01,28.0,5.2523312004969185,3.1449624889993153,3.703703703703698,mirror
1957-06-01,28.1,5.207289582297683,3.1349532405105967,3.308823529411775,mirror
1957-07-01,28.3,5.151008273151594,3.1224462829225765,3.284671532846728,mirror
1957-08-01,28.3,5.177511875171715,3.1283359722603814,3.663003663003672,mirror
1957-09-01,28.3,5.139679403619091,3.119928756359798,3.284671532846728,mirror
1957-10-01,28.3,5.1169082568419375,3.114868501520431,2.9090909090909056,mirror
1957-11-01,28.4,5.1012429708411675,3.111387326853593,3.2727272727272716,mirror
1957-12-01,28.4,5.125183064724299,3.116707347716511,2.898550724637672,mirror
1958-01-01,28.6,5.106944458461609,3.11265432410258,3.6231884057970953,mirror
1958-02-01,28.6,5.119449186265216,3.1154331525033814,3.2490974729241895,mirror
1958-03-01,28.8,5.111505189615005,3.1136678199144456,3.597122302158273,mirror
1958-04-01,28.9,5.0734949899506825,3.1052211088779296,3.584229390680993,mirror
1958-05-01,28.9,5.059102808352238,3.1020228463004975,3.214285714285703,mirror
1958-06-01,28.9,5.016334823419681,3.092518849648818,2.8469750889679624,mirror
1958-07-01,29.0,5.01662799778382,3.0925839995075157,2.473498233215543,mirror
1958-08-01,28.9,4.9660540175433665,3.0813453372318595,2.1201413427561766,mirror
1958-09-01,28.9,4.916873770925081,3.070416393538907,2.1201413427561766,mirror
1958-10-01,28.9,4.982437052613817,3.0849860116919596,2.1201413427561766,mirror
1958-11-01,29.0,4.980043762700077,3.084454169488906,2.1126760563380254,mirror
1958-12-01,28.9,4.977618171553835,3.0839151492341856,1.760563380281699,mirror
1959-01-01,29.0,5.000637310450127,3.0890305134333618,1.3986013986013957,mirror
1959-02-01,28.9,4.981698745335429,3.084821943407873,1.0489510489510412,mirror
1959-03-01,28.9,4.971414653798911,3.0825365897330914,0.3472222222222099,mirror
1959-04-01,29.0,4.990546346888847,3.0867880770864105,0.34602076124568004,mirror
1959-05-01,29.0,5.003255059789845,3.089612235508855,0.34602076124568004,mirror
1959-06-01,29.1,4.951086707077886,3.0780192682395304,0.6920415224913601,mirror
1959-07-01,29.2,4.988587123928021,3.086352694206227,0.6896551724137945,mirror
1959-08-01,29.2,4.962017551480014,3.0804483447733366,1.038062283737018,mirror
1959-09-01,29.3,4.9144939987158756,3.0698875552701947,1.384083044982698,mirror
1959-10-01,29.4,4.873972620565918,3.060882804570204,1.730103806228378,mirror
1959-11-01,29.4,4.856398080069928,3.056977351126651,1.379310344827589,mirror
1959-12-01,29.4,4.929626591527967,3.0732503536728815,1.730103806228378,mirror
1960-01-01,29.3,4.876727475806531,3.061494994623674,1.0344827586207028,mirror
1960-02-01,29.4,4.883930890970577,3.063095753549017,1.730103806228378,mirror
1960-03-01,29.4,4.787728794856501,3.0417175099681115,1.730103806228378,mirror
1960-04-01,29.5,4.7876582828649665,3.0417018406366596,1.724137931034475,mirror
1960-05-01,29.5,4.828138771651387,3.0506975048114198,1.724137931034475,mirror
1960-06-01,29.6,4.8174889221586215,3.048330871590805,1.7182130584192379,mirror
1960-07-01,29.6,4.789167950583871,3.0420373223519714,1.3698630136986356,mirror
1960-08-01,29.6,4.799585948466506,3.044352432992557,1.3698630136986356,mirror
1960-09-01,29.6,4.831092777268285,3.0513539505040637,1.0238907849829282,mirror
1960-10-01,29.8,4.860957367964068,3.0579905262142377,1.3605442176870763,mirror
1960-11-01,29.8,4.949718691390909,3.0777152647535355,1.3605442176870763,mirror
1960-12-01,29.8,4.959131227646041,3.079806939476898,1.3605442176870763,mirror
1961-01-01,29.8,4.932472773157159,3.073882838479369,1.7064846416382284,mirror
1961-02-01,29.8,4.926803709607761,3.0726230465795026,1.3605442176870763,mirror
1961-03-01,29.8,4.923541275054869,3.071898061123304,1.3605442176870763,mirror
1961-04-01,29.8,4.9284344573113845,3.0729854349580856,1.016949152542379,mirror
1961-05-01,29.8,4.92708320571606,3.0726851568257914,1.016949152542379,mirror
1961-06-01,29.8,4.934911672966389,3.074424816214753,0.6756756756756799,mirror
1961-07-01,30.0,4.8597234202387085,3.057716315608602,1.3513513513513375,mirror
1961-08-01,29.9,4.89705672326051,3.0660126051690026,1.0135135135135087,mirror
1961-09-01,30.0,4.871193456159064,3.060265212479792,1.3513513513513375,mirror
1961-10-01,30.0,4.8184013148189475,3.048533625515322,0.6711409395973034,mirror
1961-11-01,30.0,4.847100117002812,3.0549111371117363,0.6711409395973034,mirror
1961-12-01,30.0,4.906379787335187,3.068084397185597,0.6711409395973034,mirror
1962-01-01,30.0,4.928566054062661,3.0730146786805914,0.6711409395973034,mirror
1962-02-01,30.1,4.935818223185709,3.0746262718190467,1.0067114093959662,mirror
1962-03-01,30.1,4.893868309443971,3.0653040687653275,1.0067114093959662,mirror
1962-04-01,30.2,5.023088839645579,3.094019742143462,1.342281879194629,mirror
1962-05-01,30.2,5.062700477575347,3.1028223283500775,1.342281879194629,mirror
1962-06-01,30.2,5.011432217409913,3.0914293816466474,1.342281879194629,mirror
1962-07-01,30.3,4.976348511179125,3.08363300248425,1.0000000000000009,mirror
1962-08-01,30.3,4.98026257736486,3.084502794969969,1.3377926421404673,mirror
1962-09-01,30.4,4.910299676425041,3.0689554836500093,1.3333333333333197,mirror
1962-10-01,30.4,4.917888044740514,3.0706417877201146,1.3333333333333197,mirror
1962-11-01,30.4,4.89722982473344,3.066051072162987,1.3333333333333197,mirror
1962-12-01,30.4,4.952412001747669,3.078313778166149,1.3333333333333197,mirror
1963-01-01,30.4,4.995708961610941,3.0879353248024315,1.3333333333333197,mirror
1963-02-01,30.4,4.873701116926376,3.060822470428084,0.9966777408637828,mirror
1963-03-01,30.5,4.875577733297605,3.061239496288357,1.3289036544850363,mirror
1963-04-01,30.5,4.802791695819039,3.04506482129312,0.9933774834437026,mirror
1963-05-01,30.5,4.852725405785222,3.0561612012856054,0.9933774834437026,mirror
1963-06-01,30.6,4.860290169895975,3.0578422599768835,1.324503311258285,mirror
1963-07-01,30.7,4.884968415244389,3.0633263144987533,1.320132013201314,mirror
1963-08-01,30.7,4.837037802448241,3.0526750672107203,1.320132013201314,mirror
1963-09-01,30.7,4.919317163158039,3.0709593695906756,0.9868421052631637,mirror
1963-10-01,30.8,5.010220464679808,3.09116010326218,1.3157894736842257,mirror
1963-11-01,30.8,4.962305767761629,3.0805123928359177,1.3157894736842257,mirror
1963-12-01,30.9,4.979082448245613,3.084240544054581,1.6447368421052655,mirror
1964-01-01,30.9,4.948783838968055,3.077507519770679,1.6447368421052655,mirror
1964-02-01,30.9,4.947723191809322,3.0772718204020717,1.6447368421052655,mirror
1964-03-01,30.9,4.890769527744216,3.064615450609826,1.3114754098360715,mirror
1964-04-01,30.9,4.974791075900344,3.0832869057556325,1.3114754098360715,mirror
1964-05-01,30.9,4.931177997901624,3.073595110644806,1.3114754098360715,mirror
1964-06-01,31.0,4.917854226226737,3.070634272494831,1.3071895424836555,mirror
1964-07-01,31.1,4.94042095812671,3.075649101805936,1.3029315960912058,mirror
1964-08-01,31.0,4.911280727597984,3.069173495021775,0.9771986970684043,mirror
1964-09-01,31.1,4.900511668260031,3.0667803707244516,1.3029315960912058,mirror
1964-10-01,31.1,4.875147875170818,3.061143972260182,0.9740259740259827,mirror
1964-11-01,31.2,4.869142141203184,3.059809364711819,1.298701298701288,mirror
1964-12-01,31.2,4.8164677226236705,3.048103938360816,0.9708737864077666,mirror
1965-01-01,31.2,4.796758259221567,3.043724057604793,0.9708737864077666,mirror
1965-02-01,31.2,4.7874480776095165,3.0416551283576707,0.9708737864077666,mirror
1965-03-01,31.3,4.77243040743833,3.0383178683196292,1.2944983818770295,mirror
1965-04-01,31.4,4.77498145540855,3.0388847678685673,1.6181229773462702,mirror
1965-05-01,31.4,4.761791855537498,3.035953745675,1.6181229773462702,mirror
1965-06-01,31.6,4.79568636891727,3.043485859759394,1.9354838709677358,mirror
1965-07-01,31.6,4.781142552256908,3.0402539005015354,1.6077170418006492,mirror
1965-08-01,31.6,4.774993320423594,3.0388874045385768,1.9354838709677358,mirror
1965-09-01,31.6,4.74507816030378,3.032239591178618,1.6077170418006492,mirror
1965-10-01,31.7,4.721384992498594,3.026974442777466,1.9292604501607746,mirror
1965-11-01,31.7,4.664482816911708,3.0143295148692686,1.6025641025640969,mirror
1965-12-01,31.8,4.6878281383512155,3.019517364078048,1.9230769230769384,mirror
1966-01-01,31.8,4.6364148275568535,3.0080921839015233,1.9230769230769384,mirror
1966-02-01,32.0,4.602851289638379,3.00063361991964,2.564102564102577,mirror
1966-03-01,32.1,4.619017298978883,3.004226066439752,2.5559105431310014,mirror
1966-04-01,32.3,4.637133100446387,3.0082518000991976,2.8662420382165488,mirror
1966-05-01,32.3,4.619127936651159,3.0042506525891466,2.8662420382165488,mirror
1966-06-01,32.4,4.528260975179163,2.9840579944842585,2.5316455696202445,mirror
1966-07-01,32.5,4.547184073107464,2.9882631273572144,2.848101265822778,mirror
1966-08-01,32.7,4.558864428757606,2.990858761946135,3.4810126582278444,mirror
1966-09-01,32.7,4.495307274061377,2.9767349497914175,3.4810126582278444,mirror
1966-10-01,32.9,4.529971767787129,2.984438170619362,3.785488958990535,mirror
1966-11-01,32.9,4.4984222767676245,2.977427172615028,3.785488958990535,mirror
1966-12-01,32.9,4.447743811540726,2.966165291453495,3.459119496855334,mirror
1967-01-01,32.9,4.452051693534118,2.9671225985631375,3.459119496855334,mirror
1967-02-01,32.9,4.444020524121153,2.9653378942491453,2.8124999999999956,mirror
1967-03-01,33.0,4.453138604165755,2.967364134259057,2.8037383177569986,mirror
1967-04-01,33.1,4.380879941541155,2.9513066536758124,2.4767801857585203,mirror
1967-05-01,33.2,4.4624302967734115,2.9694289548385364,2.786377708978338,mirror
1967-06-01,33.3,4.435310659118944,2.963402368693099,2.777777777777768,mirror
1967-07-01,33.4,4.366025990236606,2.948005775608135,2.7692307692307683,mirror
1967-08-01,33.5,4.393873888722127,2.9541941974938064,2.4464831804281273,mirror
1967-09-01,33.6,4.377907702867574,2.9506461561927946,2.752293577981657,mirror
1967-10-01,33.7,4.392526334727355,2.9538947410505236,2.4316109422492627,mirror
1967-11-01,33.8,4.377243955349228,2.9504986567442733,2.7355623100303816,mirror
1967-12-01,33.9,4.374555639127632,2.949901253139474,3.039513677811545,mirror
1968-01-01,34.1,4.38561541709587,2.9523589815768605,3.647416413373872,mirror
1968-02-01,34.2,4.352016037316639,2.9448924527370313,3.951367781155035,mirror
1968-03-01,34.3,4.38255931913032,2.951679848695627,3.9393939393939315,mirror
1968-04-01,34.4,4.3614138146717405,2.9469808477048316,3.92749244712991,mirror
1968-05-01,34.5,4.3222778931840695,2.938283976263127,3.9156626506023917,mirror
1968-06-01,34.7,4.325744352166081,2.939054300481352,4.2042042042042205,mirror
1968-07-01,34.9,4.345771209698179,2.9435047132662624,4.491017964071853,mirror
1968-08-01,35.0,4.33546263932534,2.941213919850076,4.477611940298498,mirror
1968-09-01,35.1,4.29664924890676,2.9325887219792803,4.464285714285721,mirror
1968-10-01,35.3,4.324539599390649,2.9387865776423667,4.7477744807121525,mirror
1968-11-01,35.4,4.245324803745123,2.9211832897211387,4.7337278106508895,mirror
1968-12-01,35.5,4.198935917623524,2.9108746483607835,4.71976401179941,mirror
1969-01-01,35.6,4.200714447697527,2.9112698772661174,4.398826979472137,mirror
1969-02-01,35.8,4.1394667747737985,2.8976592832830668,4.678362573099393,mirror
1969-03-01,36.1,4.140726516665011,2.8979392259255583,5.247813411078739,mirror
1969-04-01,36.3,4.13825767635418,2.8973905947453735,5.523255813953476,mirror
1969-05-01,36.4,4.178700966852798,2.9063779926339555,5.507246376811592,mirror
1969-06-01,36.6,4.1375354010212,2.8972300891158222,5.475504322766556,mirror
1969-07-01,36.8,4.109369607457326,2.890971023879406,5.4441260744985565,mirror
1969-08-01,37.0,4.124362783268871,2.894302840726416,5.714285714285716,mirror
1969-09-01,37.1,4.01377242170961,2.869727204824358,5.698005698005693,mirror
1969-10-01,37.3,4.1532743251607664,2.9007276278135037,5.665722379603411,mirror
1969-11-01,37.5,4.1218350422899865,2.893741120508886,5.932203389830515,mirror
1969-12-01,37.7,4.088992464917336,2.8864427699816306,6.197183098591563,mirror
1970-01-01,37.8,4.127743202908004,2.8950540450906677,6.179775280898858,mirror
1970-02-01,38.0,4.1259507700433975,2.894655726676311,6.145251396648055,mirror
1970-03-01,38.2,4.045876482201736,2.8768614404892747,5.817174515235468,mirror
1970-04-01,38.5,4.074088214305903,2.8831307142902007,6.060606060606077,mirror
1970-05-01,38.6,4.112580216835868,2.8916844926301932,6.043956043956045,mirror
1970-06-01,38.8,4.09233263452945,2.887185029895434,6.010928961748618,mirror
1970-07-01,39.0,4.07966061840631,2.8843690263125135,5.978260869565233,mirror
1970-08-01,39.0,4.101529925282982,2.8892288722851074,5.405405405405395,mirror
1970-09-01,39.2,4.060634814036832,2.880141069785963,5.660377358490565,mirror
1970-10-01,39.4,4.080362299426143,2.8845249554280317,5.630026809651478,mirror
1970-11-01,39.6,4.089330732396145,2.886517940532477,5.600000000000005,mirror
1970-12-01,39.8,4.058958764686229,2.8797686143747177,5.570291777188308,mirror
1971-01-01,39.8,3.9963141803646955,2.865847595636599,5.291005291005302,mirror
1971-02-01,39.9,3.9861619179804473,2.8635915373289884,5.000000000000004,mirror
1971-03-01,40.0,3.9467679163587395,2.8548373147463866,4.712041884816753,mirror
1971-04-01,40.1,3.991831376514347,2.8648514170031882,4.155844155844157,mirror
1971-05-01,40.3,3.9983152180968435,2.8662922706881875,4.404145077720201,mirror
1971-06-01,40.6,4.033509021612039,2.8741131159137865,4.6391752577319645,mirror
1971-07-01,40.7,4.039567008702539,2.875459335267231,4.358974358974366,mirror
1971-08-01,40.8,4.051397558971366,2.8780883464380813,4.615384615384599,mirror
1971-09-01,40.8,4.016162607695999,2.8702583572657776,4.081632653061207,mirror
1971-10-01,40.9,4.046224741891745,2.876938831531499,3.8071065989847774,mirror
1971-11-01,40.9,4.126536164235562,2.8947858142745693,3.282828282828265,mirror
1971-12-01,41.1,4.112600224237272,2.891688938719394,3.266331658291466,mirror
1972-01-01,41.1,4.085925370490136,2.8857611934422525,3.266331658291466,mirror
1972-02-01,41.3,4.078822718891569,2.884182826420349,3.50877192982455,mirror
1972-03-01,41.4,4.057165106129519,2.879370023584338,3.499999999999992,mirror
1972-04-01,41.5,4.02559853769011,2.8723552305978024,3.4912718204488824,mirror
1972-05-01,41.6,4.031817251668677,2.873737167037484,3.2258064516129226,mirror
1972-06-01,41.7,4.0187259626814225,2.870827991706983,2.7093596059113434,mirror
1972-07-01,41.9,4.083475274404343,2.8852167276454095,2.9484029484029284,mirror
1972-08-01,42.0,4.083484348337323,2.885218744074961,2.941176470588247,mirror
1972-09-01,42.1,4.098060387330737,2.8884578638512752,3.1862745098039325,mirror
1972-10-01,42.3,4.140901371390728,2.897978082531273,3.4229828850855792,mirror
1972-11-01,42.4,4.127367358028024,2.8949705240062276,3.667481662591676,mirror
1972-12-01,42.5,4.192020502332026,2.909337889407117,3.406326034063256,mirror
1973-01-01,42.6,4.163549262768621,2.903010947281916,3.649635036496357,mirror
1973-02-01,42.9,4.127174516183746,2.894927670263055,3.874092009685226,mirror
1973-03-01,43.3,4.1106925003354835,2.891265000074552,4.589371980676327,mirror
1973-04-01,43.6,4.105530217696963,2.890117826154881,5.060240963855422,mirror
1973-05-01,43.9,4.042470898692505,2.8761046441538904,5.528846153846145,mirror
1973-06-01,44.2,4.040891633406707,2.875753696312602,5.995203836930463,mirror
1973-07-01,44.3,3.9658547368369335,2.8590788304082078,5.727923627684972,mirror
1973-08-01,45.1,4.028500964861481,2.8730002144136626,7.380952380952377,mirror
1973-09-01,45.2,4.024856102048135,2.8721902448995857,7.3634204275534465,mirror
1973-10-01,45.6,3.9959680044368158,2.865770667652626,7.801418439716312,mirror
1973-11-01,45.9,3.9550927891140546,2.85668728646979,8.25471698113207,mirror
1973-12-01,46.2,3.937793417774686,2.8528429817277083,8.705882352941185,mirror
1974-01-01,46.6,3.927754841695317,2.850612187043404,9.38967136150235,mirror
1974-02-01,47.2,3.880751848242806,2.8401670773872905,10.023310023310028,mirror
1974-03-01,47.8,3.839361069020778,2.830969126449062,10.39260969976905,mirror
1974-04-01,48.0,3.830938193793009,2.8290973763984466,10.091743119266061,mirror
1974-05-01,48.6,3.807502925142205,2.8238895389204903,10.70615034168565,mirror
1974-06-01,49.0,3.8497675148077293,2.8332816699572736,10.859728506787313,mirror
1974-07-01,49.4,3.9009716816487776,2.8446603736997287,11.512415349887139,mirror
1974-08-01,50.0,3.9016926358107726,2.844820585735728,10.864745011086473,mirror
1974-09-01,50.6,3.923004616553227,2.849556581456273,11.946902654867241,mirror
1974-10-01,51.1,3.862921139740096,2.8362046977200217,12.061403508771939,mirror
1974-11-01,51.5,3.8916049366645638,2.8425788748143477,12.200435729847502,mirror
1974-12-01,51.9,3.8902286805364668,2.842273040119215,12.337662337662337,mirror
1975-01-01,52.1,3.9120387547542546,2.8471197232787238,11.802575107296143,mirror
1975-02-01,52.5,3.984054780675969,2.86312328459466,11.228813559322038,mirror
1975-03-01,52.7,3.881416181640473,2.8403147070312165,10.251046025104603,mirror
1975-04-01,52.9,3.893158849697877,2.842924188821751,10.20833333333333,mirror
1975-05-01,53.2,3.8436984918553234,2.831932998190072,9.4650205761317,mirror
1975-06-01,53.6,3.8703473429685253,2.837854965104117,9.387755102040817,mirror
1975-07-01,54.2,3.8112482382842447,2.8247218307298327,9.716599190283404,mirror
1975-08-01,54.3,3.7889552577690644,2.8197678350597926,8.599999999999985,mirror
1975-09-01,54.6,3.7980782767782815,2.821795172617396,7.905138339920947,mirror
1975-10-01,54.9,3.8256861991678734,2.82793026648175,7.4363992172211235,mirror
1975-11-01,55.3,3.829051933188019,2.8286782073751158,7.37864077669903,mirror
1975-12-01,55.5,3.7933745409335673,2.8207498979852375,6.936416184971095,mirror
1976-01-01,55.6,3.7684655911363745,2.8152145758080835,6.717850287907878,mirror
1976-02-01,55.8,3.8082682212425962,2.8240596047205773,6.285714285714272,mirror
1976-03-01,55.9,3.808020738536702,2.824004608563712,6.072106261859567,mirror
1976-04-01,56.1,3.732249090678854,2.8071664645953014,6.0491493383743045,mirror
1976-05-01,56.5,3.7702139125509904,2.8156030916779984,6.203007518796988,mirror
1976-06-01,56.8,3.788945094138097,2.819765576475133,5.970149253731338,mirror
1976-07-01,57.1,3.8282487936744345,2.8284997319276526,5.350553505535061,mirror
1976-08-01,57.4,3.813100557687484,2.8251334572638855,5.7090239410681365,mirror
1976-09-01,57.6,3.850367601016681,2.833415022448152,5.494505494505497,mirror
1976-10-01,57.9,3.802619679616606,2.822804373248135,5.464480874316946,mirror
1976-11-01,58.0,3.8282696711055517,2.8285043713567894,4.88245931283906,mirror
1976-12-01,58.2,3.8062025571722895,2.823600568260509,4.86486486486486,mirror
1977-01-01,58.5,3.836548383893696,2.8303440853097106,5.215827338129486,mirror
1977-02-01,59.1,3.8818023691324335,2.8404005264738745,5.913978494623673,mirror
1977-03-01,59.5,3.84868281229205,2.833040624953789,6.440071556350624,mirror
1977-04-01,60.0,3.846377485714606,2.8325283301588016,6.951871657754016,mirror
1977-05-01,60.3,3.8481304439051263,2.8329178764233616,6.725663716814156,mirror
1977-06-01,60.7,3.901665360707954,2.8448145246017678,6.866197183098599,mirror
1977-07-01,61.0,3.933640474819594,2.851920105515466,6.8301225919439545,mirror
1977-08-01,61.2,3.8787729853391237,2.839727330075361,6.620209059233462,mirror
1977-09-01,61.4,3.8993653570710087,2.844303412682447,6.59722222222221,mirror
1977-10-01,61.6,3.9328943714930698,2.851754304776238,6.390328151986191,mirror
1977-11-01,61.9,4.028465636809818,2.8729923637355155,6.7241379310344795,mirror
1977-12-01,62.1,3.9529039274558793,2.8562008727679737,6.70103092783505,mirror
1978-01-01,62.5,3.92876807395885,2.850837349768634,6.8376068376068355,mirror
1978-02-01,62.9,3.98876977742278,2.864171061649507,6.429780033840937,mirror
1978-03-01,63.4,3.9277916139854785,2.8506203586634404,6.554621848739495,mirror
1978-04-01,63.9,3.873815887708866,2.8386257528241927,6.499999999999995,mirror
1978-05-01,64.5,3.8970845865009798,2.843796574777996,6.9651741293532465,mirror
1978-06-01,65.2,3.942912976240525,2.8539806613867835,7.413509060955525,mirror
1978-07-01,65.7,3.9128223543086253,2.847293856513028,7.7049180327869005,mirror
1978-08-01,66.0,3.937128077061768,2.8526951282359487,7.843137254901955,mirror
1978-09-01,66.5,3.9423910641861157,2.8538646809302484,8.306188925081436,mirror
1978-10-01,67.1,4.010734770716958,2.8690521712704355,8.92857142857142,mirror
1978-11-01,67.4,4.010666440930065,2.8690369868733483,8.8852988691438,mirror
1978-12-01,67.7,4.055227569968628,2.878939459993029,9.017713365539448,mirror
1979-01-01,68.3,4.014587266299486,2.869908281399886,9.28,mirror
1979-02-01,69.1,4.006267718073696,2.868059492905266,9.856915739268679,mirror
1979-03-01,69.8,4.0019160176544135,2.867092448367648,10.094637223974768,mirror
1979-04-01,70.6,4.053175875291249,2.8784835278425,10.485133020344284,mirror
1979-05-01,71.5,4.079258462069669,2.8842796582377046,10.852713178294572,mirror
1979-06-01,72.3,4.045429571161459,2.8767621269247687,10.889570552147232,mirror
1979-07-01,73.1,4.076118120527056,2.8835818045615684,11.263318112633169,mirror
1979-08-01,73.8,4.110796527966299,2.8912881173258445,11.818181818181817,mirror
1979-09-01,74.6,4.105772470461924,2.89017166010265,12.180451127819536,mirror
1979-10-01,75.2,4.094177666285493,2.887595036952332,12.071535022354718,mirror
1979-11-01,75.9,4.085456520241477,2.8856570044981065,12.611275964391687,mirror
1979-12-01,76.7,4.009181861971978,2.8687070804382175,13.293943870014768,mirror
1980-01-01,77.8,4.017675297337585,2.8705945105194637,13.90922401171304,mirror
1980-02-01,78.9,4.028231304152813,2.872940289811736,14.1823444283647,mirror
1980-03-01,80.1,3.989282520583659,2.8642850045741466,14.756446991404015,mirror
1980-04-01,81.0,4.0226926018280365,2.8717094670728973,14.730878186968855,mirror
1980-05-01,81.8,3.9609090897159738,2.857979797714661,14.40559440559439,mirror
1980-06-01,82.7,3.9360775127532905,2.852461669500731,14.384508990318135,mirror
1980-07-01,82.7,3.914692654648671,2.847709478810816,13.132694938440515,mirror
1980-08-01,83.3,4.004130597088173,2.867584577130705,12.872628726287271,mirror
1980-09-01,84.0,3.9321673142415676,2.851592736498126,12.600536193029498,mirror
1980-10-01,84.8,3.9574856757258496,2.857219039050189,12.765957446808507,mirror
1980-11-01,85.5,3.999881223217353,2.8666402718260784,12.648221343873512,mirror
1980-12-01,86.3,4.016878873599147,2.8704175274664774,12.516297262059961,mirror
1981-01-01,87.0,4.0700602310950496,2.8822356069100112,11.825192802056561,mirror
1981-02-01,87.9,4.024937035174361,2.872208230038747,11.406844106463886,mirror
1981-03-01,88.5,3.9223253980703117,2.849405644015625,10.486891385767795,mirror
1981-04-01,89.1,3.956832203073974,2.8570738229053276,9.999999999999986,mirror
1981-05-01,89.8,3.9030199356637745,2.845115541258617,9.7799511002445,mirror
1981-06-01,90.6,3.8883319412192074,2.8418515424931576,9.552599758162028,mirror
1981-07-01,91.6,3.8352838713350925,2.83006308251891,10.761789600967342,mirror
1981-08-01,92.3,3.8826392548978212,2.840586501088405,10.80432172869148,mirror
1981-09-01,93.2,3.9215710154668555,2.8492380034370792,10.952380952380958,mirror
1981-10-01,93.4,3.8891681506810407,2.8420373668180092,10.14150943396228,mirror
1981-11-01,93.7,3.9298252836884755,2.851072285264106,9.590643274853793,mirror
1981-12-01,94.0,3.935282760357863,2.852285057857303,8.92236384704519,mirror
1982-01-01,94.3,3.929010262982674,2.8508911695517054,8.390804597701141,mirror
1982-02-01,94.6,3.931594012774581,2.8514653361721294,7.622298065984068,mirror
1982-03-01,94.5,3.922470291581333,2.8494378425736295,6.779661016949157,mirror
1982-04-01,94.9,3.9501455284528264,2.8555878952117393,6.509539842873191,mirror
1982-05-01,95.8,3.9641111691227646,2.85869137091617,6.681514476614692,mirror
1982-06-01,97.0,3.9483851475332425,2.855196699451832,7.064017660044164,mirror
1982-07-01,97.5,3.993666656094943,2.8652592569099875,6.4410480349345045,mirror
1982-08-01,97.7,3.9661502534305706,2.8591445007623495,5.850487540628402,mirror
1982-09-01,97.9,3.9790622673686062,2.862013837193024,5.04291845493563,mirror
1982-10-01,98.2,3.99805925907496,2.8662353909055467,5.139186295503206,mirror
1982-11-01,98.0,4.064605576767605,2.8810234615039123,4.589114194236932,mirror
1982-12-01,97.6,4.041860715416901,2.8759690478704227,3.8297872340425476,mirror
1983-01-01,97.8,4.120299425500869,2.893399872333527,3.711558854718988,mirror
1983-02-01,97.9,4.128226848323878,2.895161521849751,3.488372093023262,mirror
1983-03-01,97.9,4.1194978873445125,2.893221752743225,3.5978835978836,mirror
1983-04-01,98.6,4.089236613552274,2.8864970252338393,3.898840885142252,mirror
1983-05-01,99.2,4.115619817409728,2.8923599594243843,3.549060542797511,mirror
1983-06-01,99.5,4.117821903409636,2.892849311868808,2.577319587628857,mirror
1983-07-01,99.9,4.068159486442886,2.8818132192095303,2.4615384615384706,mirror
1983-08-01,100.2,4.0174045635112465,2.8705343474469442,2.5588536335721557,mirror
1983-09-01,100.7,3.992406199160223,2.8649791553689385,2.860061287027582,mirror
1983-10-01,101.0,3.9619859289860204,2.858219095330227,2.851323828920571,mirror
1983-11-01,101.2,4.011049536613744,2.869122119247499,3.2653061224489743,mirror
1983-12-01,101.3,4.072948760022403,2.882877502227201,3.7909836065573854,mirror
1984-01-01,101.9,4.11203394309644,2.891563098465876,4.192229038854811,mirror
1984-02-01,102.4,4.128138043147839,2.8951417873661867,4.596527068437184,mirror
1984-03-01,102.6,4.108867323794831,2.8908594052877405,4.80081716036771,mirror
1984-04-01,103.1,4.111319068286242,2.891404237396943,4.563894523326573,mirror
1984-05-01,103.4,4.151130883557527,2.9002513074572285,4.233870967741948,mirror
1984-06-01,103.7,4.247024634075076,2.9215610297944616,4.2211055276381915,mirror
1984-07-01,104.1,4.288105098313657,2.9306900218474796,4.204204204204198,mirror
1984-08-01,104.5,4.275486551820394,2.927885900404532,4.291417165668654,mirror
1984-09-01,105.0,4.277197680230084,2.928266151162241,4.270109235352537,mirror
1984-10-01,105.3,4.255483159678251,2.9234407021507227,4.257425742574261,mirror
1984-11-01,105.3,4.220275223760527,2.9156167163912285,4.051383399209474,mirror
1984-12-01,105.3,4.211984333660719,2.913774296369049,3.948667324777877,mirror
1985-01-01,105.5,4.2207869948099495,2.9157304432911,3.5328753680078373,mirror
1985-02-01,106.0,4.30340256621044,2.934089459157876,3.515625,mirror
1985-03-01,106.4,4.305744027358342,2.9346097838574097,3.70370370370372,mirror
1985-04-01,106.9,4.366825140731697,2.948183364607044,3.6857419980601547,mirror
1985-05-01,107.3,4.44636214938231,2.9658582554182913,3.771760154738879,mirror
1985-06-01,107.6,4.4499085035439965,2.9666463341208886,3.760848601735778,mirror
1985-07-01,107.8,4.522259453486727,2.982724322997051,3.5542747358309423,mirror
1985-08-01,108.0,4.554431546692327,2.98987367704274,3.349282296650724,mirror
1985-09-01,108.3,4.535642458419145,2.9856983240931436,3.142857142857136,mirror
1985-10-01,108.7,4.547575559537345,2.988350124341632,3.228869895536568,mirror
1985-11-01,109.0,4.548605061349366,2.9885789025220815,3.5137701804368593,mirror
1985-12-01,109.3,4.538149805001844,2.986255512222632,3.7986704653371284,mirror
1986-01-01,109.6,4.529204649517071,2.984267699892683,3.8862559241706007,mirror
1986-02-01,109.3,4.535694068173355,2.9857097929274126,3.113207547169816,mirror
1986-03-01,108.8,4.555232219495055,2.9900516043322347,2.2556390977443552,mirror
1986-04-01,108.6,4.515412535112913,2.9812027855806473,1.5902712815715425,mirror
1986-05-01,108.9,4.514990090323084,2.9811089089606857,1.491146318732528,mirror
1986-06-01,109.5,4.446484114335559,2.9658853587412355,1.7657992565055736,mirror
1986-07-01,109.5,4.458219911803168,2.9684933137340375,1.5769944341373021,mirror
1986-08-01,109.7,4.48628188821333,2.9747293084918516,1.5740740740740833,mirror
1986-09-01,110.2,4.493659855939522,2.9763688568754496,1.7543859649122862,mirror
1986-10-01,110.3,4.506523247775865,2.9792273883946367,1.4719411223550916,mirror
1986-11-01,110.4,4.53307068743605,2.9851268194302336,1.2844036697247763,mirror
1986-12-01,110.5,4.503141149446285,2.978475810988064,1.097895699908502,mirror
1987-01-01,111.2,4.492383950776679,2.976085322394818,1.4598540145985384,mirror
1987-02-01,111.6,4.515375442748389,2.9811945428329754,2.1043000914912957,mirror
1987-03-01,112.1,4.560460300811201,2.991213400180267,3.0330882352941124,mirror
1987-04-01,112.7,4.578231763871736,2.9951626141937195,3.7753222836095945,mirror
1987-05-01,113.1,4.693110437877721,3.0206912084172712,3.8567493112947604,mirror
1987-06-01,113.5,4.688999212129401,3.019777602695423,3.65296803652968,mirror
1987-07-01,113.8,4.7339839314503696,3.029774206988971,3.926940639269394,mirror
1987-08-01,114.4,4.790986676971623,3.042441483771472,4.284412032816776,mirror
1987-09-01,115.0,4.784967033886243,3.0411037853080543,4.355716878402904,mirror
1987-10-01,115.3,4.7480439541871196,3.0328986564860267,4.533091568449676,mirror
1987-11-01,115.4,4.6948268224483956,3.0210726272107546,4.528985507246386,mirror
1987-12-01,115.4,4.702129287440709,3.0226953972090467,4.4343891402715,mirror
1988-01-01,115.7,4.752092425394956,3.033798316754435,4.046762589928066,mirror
1988-02-01,116.0,4.76431750334345,3.0365150007429893,3.942652329749108,mirror
1988-03-01,116.5,4.772096026735088,3.0382435614966865,3.9250669045495234,mirror
1988-04-01,117.1,4.755031401999517,3.0344514226665593,3.9041703637976877,mirror
1988-05-01,117.5,4.780277739975228,3.0400617199944953,3.89036251105217,mirror
1988-06-01,118.0,4.68416534266026,3.018703409480058,3.96475770925111,mirror
1988-07-01,118.5,4.6946221389721225,3.0210271419938053,4.130052724077338,mirror
1988-08-01,119.0,4.695887822902005,3.021308405089335,4.020979020979021,mirror
1988-09-01,119.8,4.634222511806727,3.0076050026237175,4.17391304347825,mirror
1988-10-01,120.2,4.732124418393201,3.029360981865156,4.249783174327848,mirror
1988-11-01,120.3,4.669690822973244,3.0154868495496103,4.246100519930662,mirror
1988-12-01,120.5,4.6212024006151,3.0047116445811337,4.419410745233954,mirror
1989-01-01,121.1,4.567163560775223,2.992703013505605,4.667242869490051,mirror
1989-02-01,121.6,4.6171301118543635,3.003806691523192,4.827586206896539,mirror
1989-03-01,122.3,4.5771662931022,2.9949258429116004,4.978540772532192,mirror
1989-04-01,123.1,4.607255831685589,3.001612407041242,5.123825789923142,mirror
1989-05-01,123.8,4.633693788549046,3.007487508566455,5.361702127659562,mirror
1989-06-01,124.1,4.645378957046212,3.0100842126769365,5.1694915254237195,mirror
1989-07-01,124.4,4.586537906246651,2.9970084236103673,4.978902953586495,mirror
1989-08-01,124.6,4.558993119237199,2.990887359830489,4.705882352941182,mirror
1989-09-01,125.0,4.634283292888733,3.00761850953083,4.340567612687818,mirror
1989-10-01,125.6,4.576199344916515,2.9947109655370037,4.492512479201327,mirror
1989-11-01,125.9,4.538774871699935,2.986394415933319,4.655029093931851,mirror
1989-12-01,126.1,4.531473778174818,2.9847719507055155,4.647302904564321,mirror
1990-01-01,127.4,4.5678783314165,2.9928618514258893,5.202312138728327,mirror
1990-02-01,128.0,4.579202094993719,2.995378243331938,5.263157894736836,mirror
1990-03-01,128.7,4.612594082162009,3.0027986849248913,5.233033524121011,mirror
1990-04-01,128.9,4.564565841678269,2.9921257425951713,4.711616571892785,mirror
1990-05-01,129.2,4.60708078840449,3.0015735085343316,4.3618739903069415,mirror
1990-06-01,129.9,4.632687085150537,3.0072637967001197,4.673650282030639,mirror
1990-07-01,130.4,4.560931680169974,2.9913181511488833,4.8231511254019255,mirror
1990-08-01,131.6,4.6302279095258,3.006717313227956,5.617977528089879,mirror
1990-09-01,132.7,4.733385813233687,3.0296412918297086,6.159999999999988,mirror
1990-10-01,133.5,4.698799832162085,3.0219555182582414,6.289808917197459,mirror
1990-11-01,133.8,4.701304208909837,3.0225120464244086,6.27482128673551,mirror
1990-12-01,133.8,4.7641882251496765,3.036486272255484,6.10626486915149,mirror
1991-01-01,134.6,4.697532414825452,3.021673869961212,5.651491365777073,mirror
1991-02-01,134.8,4.607988700467313,3.0017752667705144,5.312500000000009,mirror
1991-03-01,135.0,4.549626214968317,2.988805825548515,4.895104895104896,mirror
1991-04-01,135.2,4.524108209582294,2.9831351576849547,4.8875096974398735,mirror
1991-05-01,135.6,4.498078310042974,2.9773507355651057,4.953560371517041,mirror
1991-06-01,136.0,4.525408932865891,2.9834242073035315,4.695919938414161,mirror
1991-07-01,136.2,4.537493069604229,2.9861095710231624,4.447852760736182,mirror
1991-08-01,136.6,4.481419592694121,2.9736487983764714,3.7993920972644313,mirror
1991-09-01,137.2,4.506951691348119,2.9793225980773603,3.3911077618688834,mirror
1991-10-01,137.4,4.591285351723774,2.998063411494172,2.921348314606753,mirror
1991-11-01,137.8,4.645152794281936,3.010033954284875,2.9895366218236186,mirror
1991-12-01,137.9,4.689752629427695,3.0199450287617102,3.064275037369213,mirror
1992-01-01,138.1,4.690660636211157,3.020146808046924,2.600297176820199,mirror
1992-02-01,138.6,4.734924048970162,3.0299831219933697,2.8189910979228294,mirror
1992-03-01,139.3,4.691448072071531,3.020321793793674,3.185185185185202,mirror
1992-04-01,139.5,4.725243730736668,3.0278319401637046,3.1804733727810675,mirror
1992-05-01,139.7,4.721317551860016,3.026959455968893,3.0235988200590036,mirror
1992-06-01,140.2,4.772208308264592,3.0382685129476874,3.088235294117636,mirror
1992-07-01,140.5,4.7931787830711965,3.042928618460266,3.1571218795888534,mirror
1992-08-01,140.9,4.7441341927141405,3.0320298206031424,3.1478770131771583,mirror
1992-09-01,141.3,4.749893875620448,3.0333097501378776,2.988338192419837,mirror
1992-10-01,141.8,4.804713841761979,3.0454919648359957,3.2023289665211063,mirror
1992-11-01,142.0,4.753898316933973,3.0341996259853277,3.0478955007256836,mirror
1992-12-01,141.9,4.728737022415663,3.028608227203481,2.9006526468455363,mirror
1993-01-01,142.6,4.694146737038214,3.0209214971196037,3.258508327299059,mirror
1993-02-01,143.1,4.626842669718155,3.005965037715146,3.2467532467532534,mirror
1993-03-01,143.6,4.670099742105291,3.0155777204678427,3.086862885857844,mirror
1993-04-01,144.0,4.729094620739662,3.028687693497703,3.2258064516129004,mirror
1993-05-01,144.2,4.765096565057229,3.0366881255682734,3.2211882605583497,mirror
1993-06-01,144.4,4.776012229251906,3.039113828722646,2.9957203994293913,mirror
1993-07-01,144.4,4.773670816957756,3.0385935148795014,2.77580071174377,mirror
1993-08-01,144.8,4.784442930481365,3.040987317884748,2.767920511000721,mirror
1993-09-01,145.1,4.751522914212266,3.0336717587138375,2.689313517338987,mirror
1993-10-01,145.7,4.791745966232591,3.042610214718354,2.7503526093088704,mirror
1993-11-01,145.8,4.838793120814319,3.053065137958738,2.6760563380281877,mirror
1993-12-01,145.8,4.880757579844495,3.062390573298777,2.748414376321362,mirror
1994-01-01,146.2,4.8568649100471495,3.057081091121589,2.524544179523147,mirror
1994-02-01,146.7,4.860393105434755,3.057865134541057,2.515723270440251,mirror
1994-03-01,147.2,4.852932968580684,3.0562073263512635,2.506963788300842,mirror
1994-04-01,147.4,4.933418834039214,3.074093074230937,2.361111111111125,mirror
1994-05-01,147.5,4.94150516312573,3.0758900362501627,2.288488210818307,mirror
1994-06-01,148.0,4.856811972898862,3.0570693273108587,2.4930747922437657,mirror
1994-07-01,148.4,4.87474472718626,3.0610543838191693,2.7700831024930705,mirror
1994-08-01,149.0,4.959446708394455,3.0798770463098792,2.900552486187835,mirror
1994-09-01,149.4,4.99027961562447,3.0867288034721048,2.963473466574773,mirror
1994-10-01,149.5,5.02985620257655,3.095523600572567,2.6080988332189525,mirror
1994-11-01,149.7,5.03147895958475,3.095884213241056,2.674897119341546,mirror
1994-12-01,149.7,4.942766432706417,3.076170318379204,2.674897119341546,mirror
1995-01-01,150.3,4.861304833774035,3.0580677408386747,2.8043775649794878,mirror
1995-02-01,150.9,4.80523718391092,3.045608263091316,2.862985685071595,mirror
1995-03-01,151.4,4.7995297422441325,3.0443399427209186,2.853260869565233,mirror
1995-04-01,151.9,4.813479674586241,3.047439927685832,3.0529172320217013,mirror
1995-05-01,152.2,4.84450331143252,3.054334069207227,3.186440677966096,mirror
1995-06-01,152.5,4.829182699508108,3.05092948877958,3.0405405405405483,mirror
1995-07-01,152.5,4.872244516136607,3.0604987813636906,2.7628032345013542,mirror
1995-08-01,152.9,4.859655822009524,3.0577012937798944,2.6174496644295386,mirror
1995-09-01,153.2,4.8279537938189065,3.050656398626424,2.5435073627844584,mirror
1995-10-01,153.7,4.866277671013927,3.059172815780873,2.809364548494986,mirror
1995-11-01,153.6,4.82512764677424,3.0500283659498315,2.605210420841697,mirror
1995-12-01,153.5,4.70231882488729,3.0227375166416204,2.5384101536406245,mirror
1996-01-01,154.4,4.654620770734635,3.0121379490521414,2.727877578176985,mirror
1996-02-01,154.9,4.658857950282265,3.0130795445071703,2.6507620941020438,mirror
1996-03-01,155.7,4.52024995112503,2.9822777669166736,2.840158520475544,mirror
1996-04-01,156.3,4.504178739046994,2.978706386454888,2.896642527978943,mirror
1996-05-01,156.6,4.489234672902659,2.975385482867258,2.890932982917227,mirror
1996-06-01,156.7,4.425044154299041,2.961120923177565,2.7540983606557212,mirror
1996-07-01,157.0,4.35833149839214,2.946295888531587,2.9508196721311553,mirror
1996-08-01,157.3,4.337520710727672,2.941671269050594,2.877697841726623,mirror
1996-09-01,157.8,4.312901203094106,2.936200267354246,3.0026109660574507,mirror
1996-10-01,158.3,4.369597536016729,2.948799452448162,2.9928432010410067,mirror
1996-11-01,158.6,4.386466373047705,2.9525480828994906,3.255208333333326,mirror
1996-12-01,158.6,4.315327877999954,2.9367395284444346,3.322475570032579,mirror
1997-01-01,159.1,4.276868561857301,2.928193013746067,3.0440414507771907,mirror
1997-02-01,159.6,4.308599930577792,2.9352444290172874,3.034215622982561,mirror
1997-03-01,160.0,4.393918885180898,2.9542041967068666,2.7617212588310958,mirror
1997-04-01,160.2,4.411311362399388,2.958069191644309,2.4952015355086177,mirror
1997-05-01,160.1,4.4252934269090645,2.961176317090904,2.2349936143039484,mirror
1997-06-01,160.3,4.509027287796806,2.979783841732624,2.2973835354180183,mirror
1997-07-01,160.5,4.50800707281595,2.9795571272924337,2.2292993630573354,mirror
1997-08-01,160.8,4.494097529690887,2.9764661177090863,2.2250476795931284,mirror
1997-09-01,161.2,4.4305013344877615,2.9623336298861696,2.154626108998725,mirror
1997-10-01,161.6,4.407415610787515,2.9572034690638924,2.0846493998736504,mirror
1997-11-01,161.5,4.505457684204432,2.978990596489874,1.828499369482972,mirror
1997-12-01,161.3,4.441479321542439,2.964773182564987,1.7023959646910614,mirror
1998-01-01,161.6,4.441982948349035,2.9648850996331193,1.5713387806411072,mirror
1998-02-01,161.9,4.378608214091181,2.9508018253535964,1.441102756892243,mirror
1998-03-01,162.2,4.384389622753511,2.952086582834114,1.374999999999993,mirror
1998-04-01,162.5,4.4243337469088555,2.960963054868635,1.4357053682896526,mirror
1998-05-01,162.8,4.413369527517262,2.958526561670503,1.6864459712679691,mirror
1998-06-01,163.0,4.44623515468074,2.9658300343734982,1.6843418590143378,mirror
1998-07-01,163.2,4.478673126828637,2.9730384726285863,1.6822429906542036,mirror
1998-08-01,163.4,4.498789243553449,2.977508720789656,1.6169154228855787,mirror
1998-09-01,163.6,4.576020403527167,2.994671200783815,1.488833746898277,mirror
1998-10-01,164.0,4.611068093457079,3.002459576323796,1.4851485148514865,mirror
1998-11-01,164.0,4.597344912981034,2.9994099806624526,1.5479876160990669,mirror
1998-12-01,163.9,4.566707853298889,2.9926017451775313,1.6119032858028515,mirror
1999-01-01,164.3,4.528669067661194,2.984148681702488,1.6707920792079278,mirror
1999-02-01,164.5,4.550083102354769,2.988907356078838,1.6059295861643008,mirror
1999-03-01,165.0,4.535515620713512,2.9856701379363364,1.7262638717632672,mirror
1999-04-01,166.2,4.658328137468705,3.0129618083263794,2.2769230769230653,mirror
1999-05-01,166.2,4.7412382797215225,3.031386284382561,2.088452088452075,mirror
1999-06-01,166.2,4.731584699743737,3.0292410443874975,1.9631901840490684,mirror
1999-07-01,166.7,4.716773793306403,3.0259497318458677,2.1446078431372584,mirror
1999-08-01,167.1,4.792831738205642,3.042851497379032,2.2643818849449104,mirror
1999-09-01,167.9,4.708080548046918,3.0240178995659823,2.6283618581907087,mirror
1999-10-01,168.2,4.687760750378188,3.019502388972931,2.5609756097561,mirror
1999-11-01,168.3,4.73054481317298,3.029009958482885,2.6219512195122086,mirror
1999-12-01,168.3,4.689500422481626,3.019888982773695,2.684563758389258,mirror
2000-01-01,168.8,4.668043073692419,3.01512068304276,2.738892270237381,mirror
2000-02-01,169.8,4.652241721218158,3.0116092713818134,3.221884498480243,mirror
2000-03-01,171.2,4.681978103560954,3.018217356346879,3.7575757575757596,mirror
2000-04-01,171.3,4.688166813377994,3.01959262519511,3.0685920577617543,mirror
2000-05-01,171.5,4.70626074684096,3.0236134992979915,3.1889290012033777,mirror
2000-06-01,172.4,4.733048514474211,3.029566336549825,3.73044524669075,mirror
2000-07-01,172.8,4.734395734742182,3.0298657188315965,3.659268146370742,mirror
2000-08-01,172.8,4.784371213663372,3.0409713808140832,3.4111310592459754,mirror
2000-09-01,173.7,4.751568064463618,3.033681792103027,3.4544371649791517,mirror
2000-10-01,174.0,4.68694259716042,3.01932057714676,3.4482758620689724,mirror
2000-11-01,174.1,4.60698336594386,3.001551859098636,3.446226975638722,mirror
2000-12-01,174.0,4.534037925890549,2.9853417613090114,3.3868092691621943,mirror
2001-01-01,175.1,4.5092647180609085,2.979836604013536,3.7322274881516515,mirror
2001-02-01,175.8,4.555616828257443,2.9901370729460988,3.5335689045936425,mirror
2001-03-01,176.2,4.563454332339181,2.9918787405198186,2.9205607476635587,mirror
2001-04-01,176.9,4.53651973491009,2.985893274424465,3.2691185055458316,mirror
2001-05-01,177.7,4.488376233224385,2.975194718494308,3.6151603498542295,mirror
2001-06-01,178.0,4.46457637891451,2.9699058619810024,3.248259860788849,mirror
2001-07-01,177.5,4.44641139157167,2.965869198127038,2.719907407407396,mirror
2001-08-01,177.5,4.420981918981206,2.9602182042180463,2.719907407407396,mirror
2001-09-01,178.3,4.356517424547783,2.9458927610106187,2.648244099021313,mirror
2001-10-01,177.7,4.335106072597281,2.941134682799396,2.126436781609198,mirror
2001-11-01,177.4,4.3808771985993396,2.951306044133187,1.895462377943713,mirror
2001-12-01,176.7,4.283019796227544,2.929559954717232,1.551724137931032,mirror
2002-01-01,177.1,4.272192405967546,2.9271538679927884,1.142204454597362,mirror
2002-02-01,177.8,4.176731730000083,2.905940384444463,1.1376564277588264,mirror
2002-03-01,178.8,4.184968872476089,2.9077708605502424,1.4755959137344066,mirror
2002-04-01,179.8,4.1513318498852145,2.900295966641159,1.6393442622950838,mirror
2002-05-01,179.8,4.057475904821045,2.8794390899602327,1.1817670230725996,mirror
2002-06-01,179.9,4.062007503368049,2.8804461118595666,1.0674157303370846,mirror
2002-07-01,180.1,4.143790744277907,2.8986201653950907,1.4647887323943731,mirror
2002-08-01,180.7,4.148690863278754,2.8997090807286123,1.8028169014084439,mirror
2002-09-01,181.0,4.20097148004896,2.911326995566436,1.5143017386427315,mirror
2002-10-01,181.3,4.197753781951359,2.910611951544747,2.025886325267323,mirror
2002-11-01,181.3,4.100662194684064,2.8890360432631255,2.19842164599775,mirror
2002-12-01,180.9,4.122733951762145,2.893940878169366,2.376910016977929,mirror
2003-01-01,181.7,4.103911382955595,2.889758085101244,2.5974025974025983,mirror
2003-02-01,183.1,4.038117561210316,2.875137235824515,2.9808773903261976,mirror
2003-03-01,184.2,4.073435211536856,2.882985602563746,3.0201342281878985,mirror
2003-04-01,183.8,4.086343801982279,2.8858541782182843,2.2246941045606317,mirror
2003-05-01,183.5,4.062700368149961,2.8806000818111026,2.057842046718572,mirror
2003-06-01,183.7,4.101763492293054,2.8892807760651236,2.1122846025569686,mirror
2003-07-01,183.9,4.062520253742369,2.880560056387193,2.1099389228206533,mirror
2003-08-01,184.6,4.091474708985673,2.886994379774594,2.158273381294973,mirror
2003-09-01,185.2,4.049153987869724,2.877589775082161,2.3204419889502725,mirror
2003-10-01,185.0,4.073181952146498,2.882929322699222,2.0408163265306145,mirror
2003-11-01,184.5,4.023648294641778,2.8719218432537286,1.7650303364588948,mirror
2003-12-01,184.3,4.090661763777728,2.8868137252839396,1.8794914317302513,mirror
2004-01-01,185.2,4.102105601278444,2.889356800284099,1.9262520638414937,mirror
2004-02-01,186.2,4.166584981498134,2.90368555144403,1.6930638995084513,mirror
2004-03-01,187.4,4.1295749125097405,2.8954610916688317,1.7372421281216077,mirror
2004-04-01,188.0,4.108150305726202,2.8907000679391563,2.285092491838947,mirror
2004-05-01,189.1,4.145935221659368,2.8990967159243044,3.051771117166213,mirror
2004-06-01,189.7,4.022467949985448,2.871659544441211,3.2661948829613596,mirror
2004-07-01,189.4,3.9744623615263217,2.8609916358947385,2.9907558455682492,mirror
2004-08-01,189.5,4.020955324378997,2.8713234054175554,2.654387865655483,mirror
2004-09-01,189.9,4.041885243954244,2.875974498656499,2.5377969762419017,mirror
2004-10-01,190.9,4.085929864363045,2.885762192080677,3.189189189189201,mirror
2004-11-01,191.0,4.071990624444233,2.88266458320983,3.5230352303523116,mirror
2004-12-01,190.3,4.097370596616374,2.888304577025861,3.255561584373301,mirror
2005-01-01,190.7,4.064482604456616,2.8809961343236927,2.969762419006483,mirror
2005-02-01,191.8,4.002744387913609,2.8672765306474686,3.0075187969925032,mirror
2005-03-01,193.3,3.926478614096361,2.8503285809103027,3.1483457844183604,mirror
2005-04-01,194.6,3.901651683399992,2.8448114851999984,3.5106382978723483,mirror
2005-05-01,194.4,3.8769493193908895,2.8393220709757534,2.8027498677948293,mirror
2005-06-01,194.5,3.848627336499037,2.833028296999786,2.530311017395892,mirror
2005-07-01,195.4,3.6889311128041298,2.797540247289807,3.167898627243937,mirror
2005-08-01,196.4,3.5989939508024857,2.7775542112894414,3.641160949868083,mirror
2005-09-01,198.8,3.5750254887887802,2.7722278863975065,4.686677198525535,mirror
2005-10-01,199.2,3.58794123703067,2.7750980526734823,4.347826086956519,mirror
2005-11-01,197.6,3.561895568903553,2.7693101264230116,3.4554973821989465,mirror
2005-12-01,196.8,3.5224351948877715,2.7605411544195047,3.4156594850236477,mirror
2006-01-01,198.3,3.4185538948959473,2.7374564210879884,3.9853172522286373,mirror
2006-02-01,198.7,3.5095213516498642,2.7576714114777476,3.59749739311781,mirror
2006-03-01,199.8,3.459971344073853,2.746660298683078,3.3626487325400856,mirror
2006-04-01,201.5,3.535724192770312,2.763494265060069,3.5457348406988665,mirror
2006-05-01,202.5,3.605955059035021,2.7791011242300048,4.166666666666674,mirror
2006-06-01,202.9,3.6182818670005634,2.781840414889014,4.318766066838053,mirror
2006-07-01,203.5,3.5925144437727425,2.776114320838387,4.145342886386905,mirror
2006-08-01,203.9,3.5984641426759447,2.7774364761502097,3.8187372708757605,mirror
2006-09-01,202.9,3.5465772538441733,2.7659060564098166,2.062374245472842,mirror
2006-10-01,201.8,3.558310109545583,2.768513357676796,1.3052208835341528,mirror
2006-11-01,201.5,3.5584429561988147,2.768542879155292,1.9736842105263275,mirror
2006-12-01,201.8,3.5823815282564864,2.7738625618347745,2.5406504065040636,mirror
2007-01-01,202.416,3.625151186445457,2.7833669303212125,2.0756429652042385,mirror
2007-02-01,203.499,3.7031289183790346,2.800695315195341,2.415198792148976,mirror
2007-03-01,205.352,3.6856547058257854,2.7968121568501747,2.7787787787787677,mirror
2007-04-01,206.686,3.7326071846249533,2.807246041027767,2.5736972704714756,mirror
2007-05-01,207.949,3.6969820534966527,2.7993293452214782,2.6908641975308623,mirror
2007-06-01,208.352,3.656726630858196,2.7903836957462658,2.687037949728932,mirror
2007-07-01,208.299,3.6289140912688236,2.784203131393072,2.3582309582309557,mirror
2007-08-01,207.917,3.5847256367582894,2.7743834748351754,1.9700833742030355,mirror
2007-09-01,208.49,3.6288375310833487,2.784186118018522,2.755051749630355,mirror
2007-10-01,208.936,3.6703833823141263,2.793418529403139,3.5361744301288356,mirror
2007-11-01,210.177,3.7276374109308987,2.806141646873533,4.306203473945414,mirror
2007-12-01,210.036,3.7264988961140135,2.805888643580892,4.081268582755193,mirror
2008-01-01,211.08,3.738846067937941,2.8086324595417644,4.280294047901356,mirror
2008-02-01,211.693,3.712816853000938,2.802848189555764,4.026555413048727,mirror
2008-03-01,213.528,3.6610235968476994,2.7913385770772665,3.981456231251701,mirror
2008-04-01,214.823,3.6811394136216196,2.7958087585825817,3.9368897748275122,mirror
2008-05-01,216.632,3.693216203630864,2.7984924896957475,4.17554304180352,mirror
2008-06-01,218.815,3.643400606703266,2.78742235704517,5.0217900476117405,mirror
2008-07-01,219.964,3.6697405677023633,2.793275681711636,5.6001229002539565,mirror
2008-08-01,219.086,3.5913628372853754,2.7758584082856386,5.371855115262347,mirror
2008-09-01,218.783,3.5833079054997716,2.7740684234443935,4.936927430572191,mirror
2008-10-01,216.573,3.554943782829573,2.767765285073238,3.655186277137501,mirror
2008-11-01,212.425,3.5311263530995474,2.7624725229110103,1.0695746918073956,mirror
2008-12-01,210.228,3.482370754114413,2.7516379453587585,0.09141290064560437,mirror
2009-01-01,211.143,3.5252329882301985,2.7611628862733775,0.02984650369528552,mirror
2009-02-01,212.193,3.550700657772409,2.7668223683938686,0.2361910880378737,mirror
2009-03-01,212.709,3.603954569778912,2.77865657106198,-0.3835562549173832,mirror
2009-04-01,213.24,3.6098269504679448,2.7799615445484323,-0.7368857152167174,mirror
2009-05-01,213.856,3.5514145360291303,2.766981008006473,-1.2814357989586078,mirror
2009-06-01,215.693,3.5343594677216137,2.7631909928270253,-1.4267760436898702,mirror
2009-07-01,215.351,3.4807411664798042,2.75127581477329,-2.097161353676058,mirror
2009-08-01,215.834,3.500846948903901,2.7557437664230893,-1.4843486119606064,mirror
2009-09-01,215.969,3.5547887157110725,2.7677308257135715,-1.2862059666427395,mirror
2009-10-01,216.177,3.569012783332154,2.7708917296293674,-0.1828482774861251,mirror
2009-11-01,216.33,3.5414493422084696,2.764766520490771,1.8382958691302909,mirror
2009-12-01,215.949,3.5241996216967157,2.760933249265937,2.721331126205828,mirror
2010-01-01,216.687,3.532769871816715,2.7628377492926033,2.6257086429576137,mirror
2010-02-01,216.741,3.4670537891069433,2.7482341753570982,2.143331778145363,mirror
2010-03-01,217.631,3.4731108855536235,2.749580196789694,2.3139594469439473,mirror
2010-04-01,218.009,3.4813682900422203,2.7514151755649374,2.2364471956480836,mirror
2010-05-01,218.178,3.4561573606378717,2.745812746808416,2.0209860840939786,mirror
2010-06-01,217.965,3.4366257736208294,2.741472394137962,1.053348972845658,mirror
2010-07-01,218.011,3.443548782559653,2.743010840568812,1.2351927783014638,mirror
2010-08-01,218.312,3.405825784433125,2.7346279520962495,1.1481045618392027,mirror
2010-09-01,218.439,3.3680049587032763,2.7262233241562837,1.143682658159273,mirror
2010-10-01,218.711,3.402203647601636,2.7338230328003634,1.1721876055269531,mirror
2010-11-01,218.803,3.4113553299808554,2.7358567399957456,1.1431609115702734,mirror
2010-12-01,219.179,3.4859951920175387,2.7524433760038973,1.4957235273143077,mirror
2011-01-01,220.223,3.4406361820657563,2.7423635960146124,1.631846857448771,mirror
2011-02-01,221.309,3.3595927188762587,2.724353937528057,2.1075846286581656,mirror
2011-03-01,223.467,3.400937768663813,2.733541726369736,2.6816032642408505,mirror
2011-04-01,224.906,3.442974267509421,2.742883170557649,3.1636308592764673,mirror
2011-05-01,225.964,3.408676017836351,2.7352613372969667,3.568645784634561,mirror
2011-06-01,225.722,3.3414974522560077,2.7203327671680015,3.558828252242341,mirror
2011-07-01,225.922,3.3382488756521083,2.719610861256024,3.6287159822210757,mirror
2011-08-01,226.545,3.25824313313767,2.7018318073639267,3.7712081791197782,mirror
2011-09-01,226.889,3.2416397240380257,2.698142160897339,3.868356841040299,mirror
2011-10-01,226.421,3.142148675037496,2.6760330388972213,3.5251999213574026,mirror
2011-11-01,226.23,3.1300911156769193,2.6733535812615377,3.3943775908008567,mirror
2011-12-01,225.672,3.0332803535181005,2.6518400785595775,2.9624188448710953,mirror
2012-01-01,226.665,3.0211825714534224,2.649151682545205,2.9252167121508466,mirror
2012-02-01,227.663,3.087985578176403,2.663996795150312,2.871098780438208,mirror
2012-03-01,229.392,3.074454293016943,2.6609898428926537,2.651398193021781,mirror
2012-04-01,230.085,3.107540029200865,2.668342228711303,2.3027398112989372,mirror
2012-05-01,229.815,3.0770715756867344,2.6615714612637182,1.704253774937592,mirror
2012-06-01,229.478,3.035289838926946,2.6522866308726543,1.6639937622385137,mirror
2012-07-01,229.104,2.966211312095505,2.636935847132334,1.4084507042253502,mirror
2012-08-01,230.379,3.0113151929239157,2.64695893176087,1.692378997550148,mirror
2012-09-01,231.407,3.0069511050477695,2.6459891344550597,1.9912820806649911,mirror
2012-10-01,231.317,3.0781554270978204,2.6618123171328487,2.1623435988711304,mirror
2012-11-01,230.221,3.023263594138739,2.6496141320308304,1.764133846085847,mirror
2012-12-01,229.601,3.011334436098127,2.6469632080218055,1.741022368747558,mirror
2013-01-01,230.28,3.0129628415605865,2.6473250759023523,1.5948646681225531,mirror
2013-02-01,232.166,3.0745305679976487,2.661006792888366,1.9779235097490577,mirror
2013-03-01,232.773,3.154492627304368,2.67877613940097,1.4738962125967703,mirror
2013-04-01,232.531,3.1232359262146216,2.671830205825471,1.063085381489448,mirror
2013-05-01,232.945,3.07012315018139,2.660027366706975,1.3619650588516885,mirror
2013-06-01,233.504,2.989850103662597,2.642188911925021,1.7544165453768912,mirror
2013-07-01,233.596,3.0478426462551993,2.655076143612266,1.9606816118443948,mirror
2013-08-01,233.877,3.0417229058652926,2.6537162013033977,1.518367559543199,mirror
2013-09-01,234.149,3.010336444735126,2.6467414321633607,1.184925261552161,mirror
2013-10-01,233.546,3.00577164443652,2.645727032097004,0.9636127046434018,mirror
2013-11-01,233.069,2.8883707631691053,2.619637947370912,1.2370722045339066,mirror
2013-12-01,233.049,2.8084222770133174,2.60187161711407,1.501735619618394,mirror
2014-01-01,233.916,2.848193379922589,2.6107096399827974,1.5789473684210575,mirror
2014-02-01,234.781,2.8636748448459275,2.6141499655213165,1.1263492501055294,mirror
2014-03-01,236.293,2.8680884220350817,2.61513076045224,1.51220287576308,mirror
2014-04-01,237.072,2.8206725110659865,2.6045938913479967,1.9528578985167577,mirror
2014-05-01,237.9,2.8447630382652322,2.609947341836718,2.1271115499366777,mirror
2014-06-01,238.343,2.9224287779142615,2.627206395092058,2.0723413731670526,mirror
2014-07-01,238.25,2.8649517072956505,2.6144337127323665,1.9923286357643066,mirror
2014-08-01,237.852,2.8632343665078532,2.6140520814461894,1.6996113341628316,mirror
2014-09-01,238.031,2.8412660987314893,2.609170244162553,1.657918675715031,mirror
2014-10-01,237.433,2.8551086312970164,2.612246362510448,1.664340215632043,mirror
2014-11-01,236.151,2.853334496689749,2.6118521103754997,1.3223551823708934,mirror
2014-12-01,234.812,2.8443065987079383,2.609845910823986,0.7564932696557447,mirror
2015-01-01,233.707,2.8021949081038593,2.600487757356413,-0.08934831306964819,mirror
2015-02-01,234.722,2.799063571665439,2.5997919048145417,-0.025129801815304553,mirror
2015-03-01,236.119,2.768990469489987,2.593108993219997,-0.07363739086643228,mirror
2015-04-01,236.599,2.7599726234304227,2.5911050274289824,-0.1995174461766891,mirror
2015-05-01,237.805,2.754684503450022,2.5899298896555605,-0.039932744850779134,mirror
2015-06-01,238.638,2.781697801834336,2.5959328448520744,0.12377120368545214,mirror
2015-07-01,238.654,2.753063521914171,2.5895696715364824,0.1695697796432194,mirror
2015-08-01,238.316,2.7360796127594895,2.5857954695021084,0.1950792930057288,mirror
2015-09-01,237.945,2.7818881233391894,2.5959751385198198,-0.03612974780596856,mirror
2015-10-01,237.838,2.7696333995363034,2.5932518665636226,0.17057443573555986,mirror
2015-11-01,237.336,2.7554150096137056,2.590092224358601,0.5017975786678841,mirror
2015-12-01,236.525,2.79187716624705,2.5981949258326775,0.7295197860415881,mirror
2016-01-01,236.916,2.8017108445679226,2.6003801876817603,1.3730868138309926,mirror
2016-02-01,237.111,2.803386762642565,2.60075261392057,1.0177997801654737,mirror
2016-03-01,238.132,2.810865559475102,2.602414568772245,0.8525362211427412,mirror
2016-04-01,239.261,2.7526796457108285,2.5894843657135174,1.125110418894426,mirror
2016-05-01,240.229,2.7710488099154054,2.593566402203423,1.019322554193569,mirror
2016-06-01,241.018,2.8283697184395677,2.606304381875459,0.9973264945230875,mirror
2016-07-01,240.628,2.8522159584379403,2.611603546319542,0.8271388704987004,mirror
2016-08-01,240.849,2.7799379907008013,2.595541775711289,1.0628745027610353,mirror
2016-09-01,241.428,2.790524704095516,2.5978943786878923,1.4637836474815646,mirror
2016-10-01,241.729,2.7476520827663635,2.588367129503636,1.6359875209176034,mirror
2016-11-01,241.353,2.7353517996250614,2.5856337332500137,1.6925371625037933,mirror
2016-12-01,241.432,2.739127737029158,2.5864728304509237,2.074622132966919,mirror
2017-01-01,242.839,2.683461363506777,2.5741025252237284,2.5000422090529995,mirror
2017-02-01,243.603,2.7416061083143375,2.5870235796254084,2.7379581714893186,mirror
2017-03-01,243.801,2.736581333675673,2.5859069630390383,2.3806124334402767,mirror
2017-04-01,244.524,2.7703496212229988,2.593411026938444,2.199689878417299,mirror
2017-05-01,244.733,2.797056214861837,2.5993458255248525,1.8748777208413614,mirror
2017-06-01,244.955,2.8557072650707505,2.612379392237944,1.633487955256463,mirror
2017-07-01,244.786,2.907536841913356,2.6238970759807456,1.727978456372492,mirror
2017-08-01,245.519,2.839444633350537,2.608765474077897,1.9389742120581754,mirror
2017-09-01,246.819,2.83966112398394,2.608813583107542,2.2329638650032235,mirror
2017-10-01,246.663,2.7419028757350308,2.5870895279411177,2.0411287019761692,mirror
2017-11-01,246.669,2.7201329115608615,2.582251758124636,2.202582938683184,mirror
2017-12-01,246.524,2.750661932435084,2.589035984985574,2.1090824745684245,mirror
2018-01-01,247.867,2.79018528181111,2.59781895151358,2.0705076202751638,mirror
2018-02-01,248.991,2.8466074499307608,2.6103572110957245,2.2117954212386604,mirror
2018-03-01,249.554,2.8280774556965245,2.6062394345992277,2.3597114039729084,mirror
2018-04-01,250.546,2.8409458393468285,2.6090990754104064,2.462743943334811,mirror
2018-05-01,251.588,2.8438111527342667,2.6097358117187257,2.8010117148075553,mirror
2018-06-01,251.989,2.8993270592641847,2.622072679836485,2.87154783531669,mirror
2018-07-01,252.006,2.969315558845107,2.637625679743357,2.9495150866471143,mirror
2018-08-01,252.146,2.9516965604045264,2.633710346756561,2.6991801041874375,mirror
2018-09-01,252.439,3.1205201339315125,2.671226696429225,2.2769721941990007,mirror
2018-10-01,252.885,3.11889830089344,2.670866289087431,2.5224699286070296,mirror
2018-11-01,252.038,3.100948321395196,2.6668774047544876,2.176601032152403,mirror
2018-12-01,251.233,3.126501123048821,2.67255580512196,1.9101588486313714,mirror
2019-01-01,251.712,3.159224780376424,2.6798277289725383,1.5512351381991252,mirror
2019-02-01,252.776,3.1824274218407207,2.68498387152016,1.520135265933309,mirror
2019-03-01,254.202,3.1518419733327323,2.678187105185051,1.8625227405691724,mirror
2019-04-01,255.548,3.2168130170510154,2.6926251149002254,1.9964397755302565,mirror
2019-05-01,256.092,3.2179750909262816,2.6928833535391736,1.7902284687663972,mirror
2019-06-01,256.143,3.2859462484269746,2.707988055205994,1.6484846560762545,mirror
2019-07-01,256.571,3.34744153219511,2.721653673821135,1.8114648063935146,mirror
2019-08-01,256.558,3.2889930468750865,2.7086651215277966,1.7497798894291483,mirror
2019-09-01,256.759,3.243798956163199,2.6986219902584883,1.7113045131695204,mirror
2019-10-01,257.346,3.19770846496173,2.6883796588803843,1.7640429444213845,mirror
2019-11-01,257.208,3.20792695518834,2.6906504344862974,2.0512779818916194,mirror
2019-12-01,256.974,3.209372090700876,2.6909715757113055,2.2851297401217163,mirror
2020-01-01,257.971,3.2205129764799056,2.6934473281066453,2.4865719552504606,mirror
2020-02-01,258.678,3.183040990057678,2.6851202200128172,2.3348735639459495,mirror
2020-03-01,258.115,3.2013626215238715,2.689191693671971,1.5393269919198094,mirror
2020-04-01,256.389,3.263692328963443,2.7030427397696535,0.3290966863368272,mirror
2020-05-01,256.394,3.202780566804385,2.689506792623196,0.11792637021070806,mirror
2020-06-01,257.797,3.193159780840244,2.6873688401867204,0.6457330475554857,mirror
2020-07-01,259.101,3.203555039792891,2.689678897731753,0.9860818253037085,mirror
2020-08-01,259.918,3.196937763756775,2.68820839194595,1.3096453823307153,mirror
2020-09-01,260.28,3.1873020287426246,2.686067117498361,1.3713248610564666,mirror
2020-10-01,260.388,3.266153908047162,2.7035897573438135,1.1820661677274913,mirror
2020-11-01,260.229,3.323171945762478,2.7162604323916613,1.1745357842679605,mirror
2020-12-01,260.474,3.360674718212155,2.724594381824923,1.3620054947193205,mirror
2021-01-01,261.582,3.325700737859539,2.7168223861910086,1.3997697415600863,mirror
2021-02-01,263.014,3.4258530402582728,2.739078453390727,1.6762152173745104,mirror
2021-03-01,264.877,3.44141866008078,2.7425374800179507,2.619762508959189,mirror
2021-04-01,267.054,3.4147347426529504,2.7366077205895443,4.15969483870211,mirror
2021-05-01,269.195,3.3988777649868527,2.7330839477748556,4.992706537594471,mirror
2021-06-01,271.696,3.376182977124756,2.728040661583279,5.391451413321335,mirror
2021-07-01,273.003,3.470977126103016,2.7491060280228923,5.365475239385398,mirror
2021-08-01,273.567,3.4795805400084694,2.7510178977796595,5.251271554874992,mirror
2021-09-01,274.31,3.481799925740893,2.751511094609087,5.390348855079163,mirror
2021-10-01,276.589,3.384302378571572,2.7298449730159047,6.221868903328898,mirror
2021-11-01,277.948,3.416873839924049,2.7370830755386772,6.809002839806477,mirror
2021-12-01,278.802,3.368656521855215,2.7263681159678255,7.036402865545144,mirror
2022-01-01,281.148,3.317223473336627,2.7149385496303613,7.479872468289117,mirror
2022-02-01,283.716,3.3442035697450074,2.7209341266100013,7.871063897739283,mirror
2022-03-01,287.504,3.3047651864716165,2.712170041438137,8.542455554842432,mirror
2022-04-01,289.109,3.341792759244383,2.720398390943196,8.258629340882372,mirror
2022-05-01,292.296,3.3916929482020652,2.731487321822681,8.581511543676523,mirror
2022-06-01,296.311,3.3105851767799757,2.713463372617772,9.059757964784154,mirror
2022-07-01,296.276,3.3038752252109025,2.7119722722690893,8.52481474562552,mirror
2022-08-01,296.171,3.2324684166099003,2.6961040925799775,8.262692503116241,mirror
2022-09-01,296.808,3.2290963873832363,2.69535475275183,8.20166964383362,mirror
2022-10-01,298.012,3.2695602964160164,2.704346732536892,7.7454273308049215,mirror
2022-11-01,297.711,3.2076030649502814,2.69057845887784,7.110322794191726,mirror
2022-12-01,296.797,3.288115256433532,2.708470056985229,6.4544013314108195,mirror
2023-01-01,299.17,3.273506405183961,2.7052236455964356,6.410146968856267,mirror
2023-02-01,300.84,3.219615854182177,2.6932479675960392,6.035613077866597,mirror
2023-03-01,301.836,3.2133465733430384,2.6918547940762307,4.984974122099173,mirror
2023-04-01,303.363,3.2483014360906592,2.6996225413534796,4.930320398188925,mirror
2023-05-01,304.127,3.1856194377694007,2.6856932083932,4.047609272791974,mirror
2023-06-01,305.109,3.1849774695177273,2.685550548781717,2.9691776545588855,mirror
2023-07-01,305.691,3.1224359071854524,2.671652423818989,3.177780177942169,mirror
2023-08-01,307.026,3.1758754849040547,2.683527885534234,3.6651123843995492,mirror
2023-09-01,307.789,3.182079765081524,2.6849066144625606,3.69969812134443,mirror
2023-10-01,307.671,3.1621589466374207,2.6804797659194266,3.241144651893202,mirror
2023-11-01,307.051,3.2079458379845693,2.6906546306632375,3.1372707088417773,mirror
2023-12-01,306.746,3.149148331302667,2.6775885180672594,3.3521228314302265,mirror
2024-01-01,308.417,3.1306224255904085,2.6734716501312015,3.0908847812280538,mirror
2024-02-01,310.326,3.212860761105773,2.6917468358012826,3.1531711208615976,mirror
2024-03-01,312.332,3.20642277398489,2.690316171996642,3.4773850700380304,mirror
2024-04-01,313.548,3.2666130158734736,2.703691781305216,3.357363950119163,mirror
2024-05-01,314.069,3.2745211336379394,2.705449140808431,3.2690290569400204,mirror
2024-06-01,314.175,3.2421380103621265,2.6982528911915837,2.971397107263307,mirror
2024-07-01,314.54,3.2301580486619934,2.6955906774804426,2.8947531984913066,mirror
2024-08-01,314.796,3.2327200805324807,2.6961600178961067,2.5307302964569622,mirror
2024-09-01,315.301,3.2133694633285503,2.6918598807396776,2.440633031069983,mirror
2024-10-01,315.664,3.175357885489339,2.6834128634420753,2.597904904914672,mirror
2024-11-01,315.493,3.1392502599749674,2.6753889466611036,2.7493803960905616,mirror
2024-12-01,315.605,3.0715492028206013,2.6603442672934667,2.888057219980067,mirror
2025-01-01,317.671,3.07555884996785,2.6612352999928555,3.0004831121501097,mirror
2025-02-01,319.082,3.0923024879885674,2.6649561084419036,2.82154895174751,mirror
2025-03-01,319.799,3.12503098358076,2.6722291074623907,2.3907252538964974,mirror
2025-04-01,320.795,3.042789602522868,2.6539532450050816,2.3112888616734883,mirror
2025-05-01,321.465,3.0780636499916914,2.6617919222203756,2.354896535474671,mirror
2025-06-01,322.561,3.076303876717559,2.661400861492791,2.669213018222316,mirror
2025-07-01,323.048,3.0110261588835323,2.6468947019741185,2.7049023971513986,mirror
2025-08-01,323.976,3.014438738943697,2.6476530530985993,2.9161742842984006,mirror
2025-09-01,324.8,3.0501055054460355,2.65557900121023,3.0126767755256134,mirror
2025-10-01,,3.0726244383492483,2.660583208522055,,mirror
2025-11-01,324.122,3.104274164042704,2.6676164808983787,2.735084455122627,mirror
2025-12-01,324.054,3.1458242136224985,2.676849825249444,2.6770805278750087,mirror
2026-01-01,325.252,3.1851522900911964,2.6855893977980436,2.386431244904319,mirror
2026-02-01,326.785,3.1825670378929876,2.6850148973095527,2.4141129866304123,mirror
2026-03-01,330.213,3.0878766605107333,2.6639725912246073,3.2564204390883145,mirror
2026-04-01,333.02,3.052721239751692,2.6561602755003757,3.8108449321217597,mirror
2026-05-01,335.123,3.0677780659788785,2.6595062368841953,4.248674039164446,mirror
2026-06-01,333.952,3.0456887890170283,2.6545975086704505,3.5314250637863864,mirror
2026-07-01,333.918,3.0755859883909307,2.66124133075354,3.364825041479902,mirror
2026-08-01,,3.1105428031151847,2.6690095118033743,,mirror
2026-09-01,,3.111773805624997,2.6692830679166657,,mirror
