race_id,office,fund_margin,fund_sd_idio,fund_nat_loading,fund_sd_total,provenance
H-AL-01,House,-26.817419064369897,6.541917181697197,0.7867245413787479,7.416313022262105,fixture
H-AL-02,House,-21.56985282510308,6.541917181697197,0.7867245413787479,7.416313022262105,fixture
H-AL-03,House,-33.71360600181576,6.541917181697197,0.7867245413787479,7.416313022262105,fixture
H-AL-04,House,-57.98689867721686,6.541917181697197,0.7867245413787479,7.416313022262105,fixture
H-AL-05,House,-27.15873519808338,6.541917181697197,0.7867245413787479,7.416313022262105,fixture
H-AL-06,House,-30.76981549270165,6.541917181697197,0.7867245413787479,7.416313022262105,fixture
H-AL-07,House,36.96368173042082,6.541917181697197,0.7867245413787479,7.416313022262105,fixture
H-AK-01,House,-10.7701800933498,6.541917181697197,0.7867245413787479,7.416313022262105,fixture
H-AZ-01,House,-3.152346208051002,6.541917181697197,0.7867245413787479,7.416313022262105,fixture
H-AZ-02,House,-11.23020997437515,6.541917181697197,0.7867245413787479,7.416313022262105,fixture
H-AZ-03,House,51.47832810500353,6.541917181697197,0.7867245413787479,7.416313022262105,fixture
H-AZ-04,House,11.292751036697195,6.541917181697197,0.7867245413787479,7.416313022262105,fixture
H-AZ-05,House,-19.51321241300546,6.541917181697197,0.7867245413787479,7.416313022262105,fixture
H-AZ-06,House,-3.54705530767115,6.541917181697197,0.7867245413787479,7.416313022262105,fixture
H-AZ-07,House,35.33034236427581,6.541917181697197,0.7867245413787479,7.416313022262105,fixture
H-AZ-08,House,-17.280227521017117,6.541917181697197,0.7867245413787479,7.416313022262105,fixture
H-AZ-09,House,-28.169372984925364,6.541917181697197,0.7867245413787479,7.416313022262105,fixture
H-AR-01,House,-37.77722836899184,6.541917181697197,0.7867245413787479,7.416313022262105,fixture
H-AR-02,House,-12.897639563995462,6.541917181697197,0.7867245413787479,7.416313022262105,fixture
H-AR-03,House,-23.901651396241693,6.541917181697197,0.7867245413787479,7.416313022262105,fixture
H-AR-04,House,-33.55825278970359,6.541917181697197,0.7867245413787479,7.416313022262105,fixture
H-CA-01,House,27.192228073088632,8.876749428263986,0.7867245413787479,9.539481057383282,fixture
H-CA-02,House,34.133525299557704,8.876749428263986,0.7867245413787479,9.539481057383282,fixture
H-CA-03,House,30.662876686323166,8.876749428263986,0.7867245413787479,9.539481057383282,fixture
H-CA-04,House,34.133525299557704,8.876749428263986,0.7867245413787479,9.539481057383282,fixture
H-CA-05,House,27.192228073088632,8.876749428263986,0.7867245413787479,9.539481057383282,fixture
H-CA-06,House,34.133525299557704,8.876749428263986,0.7867245413787479,9.539481057383282,fixture
H-CA-07,House,34.133525299557704,8.876749428263986,0.7867245413787479,9.539481057383282,fixture
H-CA-08,House,34.133525299557704,8.876749428263986,0.7867245413787479,9.539481057383282,fixture
H-CA-09,House,34.133525299557704,8.876749428263986,0.7867245413787479,9.539481057383282,fixture
H-CA-10,House,34.133525299557704,8.876749428263986,0.7867245413787479,9.539481057383282,fixture
H-CA-11,House,34.133525299557704,8.876749428263986,0.7867245413787479,9.539481057383282,fixture
H-CA-12,House,34.133525299557704,8.876749428263986,0.7867245413787479,9.539481057383282,fixture
H-CA-13,House,34.133525299557704,8.876749428263986,0.7867245413787479,9.539481057383282,fixture
H-CA-14,House,34.133525299557704,8.876749428263986,0.7867245413787479,9.539481057383282,fixture
H-CA-15,House,34.133525299557704,8.876749428263986,0.7867245413787479,9.539481057383282,fixture
H-CA-16,House,34.133525299557704,8.876749428263986,0.7867245413787479,9.539481057383282,fixture
H-CA-17,House,34.133525299557704,8.876749428263986,0.7867245413787479,9.539481057383282,fixture
H-CA-18,House,34.133525299557704,8.876749428263986,0.7867245413787479,9.539481057383282,fixture
H-CA-19,House,34.133525299557704,8.876749428263986,0.7867245413787479,9.539481057383282,fixture
H-CA-20,House,27.192228073088632,8.876749428263986,0.7867245413787479,9.539481057383282,fixture
H-CA-21,House,34.133525299557704,8.876749428263986,0.7867245413787479,9.539481057383282,fixture
H-CA-22,House,27.192228073088632,8.876749428263986,0.7867245413787479,9.539481057383282,fixture
H-CA-23,House,27.192228073088632,8.876749428263986,0.7867245413787479,9.539481057383282,fixture
H-CA-24,House,34.133525299557704,8.876749428263986,0.7867245413787479,9.539481057383282,fixture
H-CA-25,House,34.133525299557704,8.876749428263986,0.7867245413787479,9.539481057383282,fixture
H-CA-26,House,34.133525299557704,8.876749428263986,0.7867245413787479,9.539481057383282,fixture
H-CA-27,House,34.133525299557704,8.876749428263986,0.7867245413787479,9.539481057383282,fixture
H-CA-28,House,34.133525299557704,8.876749428263986,0.7867245413787479,9.539481057383282,fixture
H-CA-29,House,34.133525299557704,8.876749428263986,0.7867245413787479,9.539481057383282,fixture
H-CA-30,House,34.133525299557704,8.876749428263986,0.7867245413787479,9.539481057383282,fixture
H-CA-31,House,34.133525299557704,8.876749428263986,0.7867245413787479,9.539481057383282,fixture
H-CA-32,House,34.133525299557704,8.876749428263986,0.7867245413787479,9.539481057383282,fixture
H-CA-33,House,34.133525299557704,8.876749428263986,0.7867245413787479,9.539481057383282,fixture
H-CA-34,House,34.133525299557704,8.876749428263986,0.7867245413787479,9.539481057383282,fixture
H-CA-35,House,34.133525299557704,8.876749428263986,0.7867245413787479,9.539481057383282,fixture
H-CA-36,House,34.133525299557704,8.876749428263986,0.7867245413787479,9.539481057383282,fixture
H-CA-37,House,34.133525299557704,8.876749428263986,0.7867245413787479,9.539481057383282,fixture
H-CA-38,House,34.133525299557704,8.876749428263986,0.7867245413787479,9.539481057383282,fixture
H-CA-39,House,34.133525299557704,8.876749428263986,0.7867245413787479,9.539481057383282,fixture
H-CA-40,House,27.192228073088632,8.876749428263986,0.7867245413787479,9.539481057383282,fixture
H-CA-41,House,27.192228073088632,8.876749428263986,0.7867245413787479,9.539481057383282,fixture
H-CA-42,House,34.133525299557704,8.876749428263986,0.7867245413787479,9.539481057383282,fixture
H-CA-43,House,34.133525299557704,8.876749428263986,0.7867245413787479,9.539481057383282,fixture
H-CA-44,House,34.133525299557704,8.876749428263986,0.7867245413787479,9.539481057383282,fixture
H-CA-45,House,34.133525299557704,8.876749428263986,0.7867245413787479,9.539481057383282,fixture
H-CA-46,House,34.133525299557704,8.876749428263986,0.7867245413787479,9.539481057383282,fixture
H-CA-47,House,34.133525299557704,8.876749428263986,0.7867245413787479,9.539481057383282,fixture
H-CA-48,House,27.192228073088632,8.876749428263986,0.7867245413787479,9.539481057383282,fixture
H-CA-49,House,34.133525299557704,8.876749428263986,0.7867245413787479,9.539481057383282,fixture
H-CA-50,House,34.133525299557704,8.876749428263986,0.7867245413787479,9.539481057383282,fixture
H-CA-51,House,34.133525299557704,8.876749428263986,0.7867245413787479,9.539481057383282,fixture
H-CA-52,House,34.133525299557704,8.876749428263986,0.7867245413787479,9.539481057383282,fixture
H-CO-01,House,61.84594206507144,6.541917181697197,0.7867245413787479,7.416313022262105,fixture
H-CO-02,House,40.78017819778468,6.541917181697197,0.7867245413787479,7.416313022262105,fixture
H-CO-03,House,-10.524220636062667,6.541917181697197,0.7867245413787479,7.416313022262105,fixture
H-CO-04,House,-20.832722299133135,6.541917181697197,0.7867245413787479,7.416313022262105,fixture
H-CO-05,House,-13.84745301723059,6.541917181697197,0.7867245413787479,7.416313022262105,fixture
H-CO-06,House,25.65091068042359,6.541917181697197,0.7867245413787479,7.416313022262105,fixture
H-CO-07,House,15.488941478209004,6.541917181697197,0.7867245413787479,7.416313022262105,fixture
H-CO-08,House,0.5825350283756752,6.541917181697197,0.7867245413787479,7.416313022262105,fixture
H-CT-01,House,29.256083508059934,6.541917181697197,0.7867245413787479,7.416313022262105,fixture
H-CT-02,House,12.683820290380414,6.541917181697197,0.7867245413787479,7.416313022262105,fixture
H-CT-03,House,21.11986469170019,6.541917181697197,0.7867245413787479,7.416313022262105,fixture
H-CT-04,House,31.852669230067757,6.541917181697197,0.7867245413787479,7.416313022262105,fixture
H-CT-05,House,12.327490912553646,6.541917181697197,0.7867245413787479,7.416313022262105,fixture
H-DE-01,House,23.012718706089263,6.541917181697197,0.7867245413787479,7.416313022262105,fixture
H-FL-01,House,-32.748826338440125,6.541917181697197,0.7867245413787479,7.416313022262105,fixture
H-FL-02,House,-12.506185215292104,6.541917181697197,0.7867245413787479,7.416313022262105,fixture
H-FL-03,House,-14.063790478457095,6.541917181697197,0.7867245413787479,7.416313022262105,fixture
H-FL-04,House,-11.377652072264718,6.541917181697197,0.7867245413787479,7.416313022262105,fixture
H-FL-05,House,-18.886409471275492,6.541917181697197,0.7867245413787479,7.416313022262105,fixture
H-FL-06,House,-23.129400597068287,6.541917181697197,0.7867245413787479,7.416313022262105,fixture
H-FL-07,House,-10.13297323683957,6.541917181697197,0.7867245413787479,7.416313022262105,fixture
H-FL-08,House,-18.63016838753734,6.541917181697197,0.7867245413787479,7.416313022262105,fixture
H-FL-09,House,24.938938620772724,6.541917181697197,0.7867245413787479,7.416313022262105,fixture
H-FL-10,House,37.20868169466311,6.541917181697197,0.7867245413787479,7.416313022262105,fixture
H-FL-11,House,-15.164319594087699,6.541917181697197,0.7867245413787479,7.416313022262105,fixture
H-FL-12,House,-29.003163034091973,6.541917181697197,0.7867245413787479,7.416313022262105,fixture
H-FL-13,House,-8.470736197814835,6.541917181697197,0.7867245413787479,7.416313022262105,fixture
H-FL-14,House,23.072630580624075,6.541917181697197,0.7867245413787479,7.416313022262105,fixture
H-FL-15,House,-3.7026154692635815,6.541917181697197,0.7867245413787479,7.416313022262105,fixture
H-FL-16,House,-9.039687353018014,6.541917181697197,0.7867245413787479,7.416313022262105,fixture
H-FL-17,House,-18.029478707498164,6.541917181697197,0.7867245413787479,7.416313022262105,fixture
H-FL-18,House,-24.546289620452104,6.541917181697197,0.7867245413787479,7.416313022262105,fixture
H-FL-19,House,-21.784699315116423,6.541917181697197,0.7867245413787479,7.416313022262105,fixture
H-FL-20,House,52.684107490373925,6.541917181697197,0.7867245413787479,7.416313022262105,fixture
H-FL-21,House,-9.818099602626384,6.541917181697197,0.7867245413787479,7.416313022262105,fixture
H-FL-22,House,22.797726416484434,6.541917181697197,0.7867245413787479,7.416313022262105,fixture
H-FL-23,House,18.206051755480964,6.541917181697197,0.7867245413787479,7.416313022262105,fixture
H-FL-24,House,57.8822480764765,6.541917181697197,0.7867245413787479,7.416313022262105,fixture
H-FL-25,House,26.81734379872194,6.541917181697197,0.7867245413787479,7.416313022262105,fixture
H-FL-26,House,-9.823273339632847,6.541917181697197,0.7867245413787479,7.416313022262105,fixture
H-FL-27,House,3.752018714379046,6.541917181697197,0.7867245413787479,7.416313022262105,fixture
H-FL-28,House,-0.6942915274487054,6.541917181697197,0.7867245413787479,7.416313022262105,fixture
H-GA-01,House,-15.381531887208022,6.541917181697197,0.7867245413787479,7.416313022262105,fixture
H-GA-02,House,13.96367865609058,6.541917181697197,0.7867245413787479,7.416313022262105,fixture
H-GA-03,House,-32.515161561639246,6.541917181697197,0.7867245413787479,7.416313022262105,fixture
H-GA-04,House,56.978970035915836,6.541917181697197,0.7867245413787479,7.416313022262105,fixture
H-GA-05,House,66.29844131924222,6.541917181697197,0.7867245413787479,7.416313022262105,fixture
H-GA-06,House,-12.881934914758059,6.541917181697197,0.7867245413787479,7.416313022262105,fixture
H-GA-07,House,18.085021108945494,6.541917181697197,0.7867245413787479,7.416313022262105,fixture
H-GA-08,House,-29.544937959819404,6.541917181697197,0.7867245413787479,7.416313022262105,fixture
H-GA-09,House,-40.39927828386601,6.541917181697197,0.7867245413787479,7.416313022262105,fixture
H-GA-10,House,-26.334304909501174,6.541917181697197,0.7867245413787479,7.416313022262105,fixture
H-GA-11,House,-19.656007554383766,6.541917181697197,0.7867245413787479,7.416313022262105,fixture
H-GA-12,House,-12.89838270076548,6.541917181697197,0.7867245413787479,7.416313022262105,fixture
H-GA-13,House,59.26090788677986,6.541917181697197,0.7867245413787479,7.416313022262105,fixture
H-GA-14,House,-39.51591442738295,6.541917181697197,0.7867245413787479,7.416313022262105,fixture
H-HI-01,House,39.963113429340765,6.541917181697197,0.7867245413787479,7.416313022262105,fixture
H-HI-02,House,39.7251873746055,6.541917181697197,0.7867245413787479,7.416313022262105,fixture
H-ID-01,House,-39.83238721667087,6.541917181697197,0.7867245413787479,7.416313022262105,fixture
H-ID-02,House,-22.119430692639856,6.541917181697197,0.7867245413787479,7.416313022262105,fixture
H-IL-01,House,48.13486170874306,6.541917181697197,0.7867245413787479,7.416313022262105,fixture
H-IL-02,House,44.5763089549322,6.541917181697197,0.7867245413787479,7.416313022262105,fixture
H-IL-03,House,46.20168076608728,6.541917181697197,0.7867245413787479,7.416313022262105,fixture
H-IL-04,House,51.277201430576014,6.541917181697197,0.7867245413787479,7.416313022262105,fixture
H-IL-05,House,43.17890140307635,6.541917181697197,0.7867245413787479,7.416313022262105,fixture
H-IL-06,House,15.712564501820061,6.541917181697197,0.7867245413787479,7.416313022262105,fixture
H-IL-07,House,75.76484673355206,6.541917181697197,0.7867245413787479,7.416313022262105,fixture
H-IL-08,House,20.90232316077036,6.541917181697197,0.7867245413787479,7.416313022262105,fixture
H-IL-09,House,45.50645280074822,6.541917181697197,0.7867245413787479,7.416313022262105,fixture
H-IL-10,House,29.6284796909904,6.541917181697197,0.7867245413787479,7.416313022262105,fixture
H-IL-11,House,19.285766456794846,6.541917181697197,0.7867245413787479,7.416313022262105,fixture
H-IL-12,House,-40.686392467340895,6.541917181697197,0.7867245413787479,7.416313022262105,fixture
H-IL-13,House,16.03512348718648,6.541917181697197,0.7867245413787479,7.416313022262105,fixture
H-IL-14,House,16.022548484222412,6.541917181697197,0.7867245413787479,7.416313022262105,fixture
H-IL-15,House,-36.93743678489774,6.541917181697197,0.7867245413787479,7.416313022262105,fixture
H-IL-16,House,-21.423384336174333,6.541917181697197,0.7867245413787479,7.416313022262105,fixture
H-IL-17,House,13.251903198445964,6.541917181697197,0.7867245413787479,7.416313022262105,fixture
H-IN-01,House,15.885555453726985,6.541917181697197,0.7867245413787479,7.416313022262105,fixture
H-IN-02,House,-21.576931443731528,6.541917181697197,0.7867245413787479,7.416313022262105,fixture
H-IN-03,House,-29.169936094796594,6.541917181697197,0.7867245413787479,7.416313022262105,fixture
H-IN-04,House,-28.399971146700583,6.541917181697197,0.7867245413787479,7.416313022262105,fixture
H-IN-05,House,-17.460706281391573,6.541917181697197,0.7867245413787479,7.416313022262105,fixture
H-IN-06,House,-31.59037018192627,6.541917181697197,0.7867245413787479,7.416313022262105,fixture
H-IN-07,House,44.689914812799515,6.541917181697197,0.7867245413787479,7.416313022262105,fixture
H-IN-08,House,-30.723477622712874,6.541917181697197,0.7867245413787479,7.416313022262105,fixture
H-IN-09,House,-25.358302940218802,6.541917181697197,0.7867245413787479,7.416313022262105,fixture
H-IA-01,House,-0.7331707500330724,6.541917181697197,0.7867245413787479,7.416313022262105,fixture
H-IA-02,House,-2.1606198409868096,6.541917181697197,0.7867245413787479,7.416313022262105,fixture
H-IA-03,House,0.8566405556574068,6.541917181697197,0.7867245413787479,7.416313022262105,fixture
H-IA-04,House,-22.723591479870638,6.541917181697197,0.7867245413787479,7.416313022262105,fixture
H-KS-01,House,-29.427418875416297,6.541917181697197,0.7867245413787479,7.416313022262105,fixture
H-KS-02,House,-16.69883117661476,6.541917181697197,0.7867245413787479,7.416313022262105,fixture
H-KS-03,House,6.90531481776076,6.541917181697197,0.7867245413787479,7.416313022262105,fixture
H-KS-04,House,-22.923655186513184,6.541917181697197,0.7867245413787479,7.416313022262105,fixture
H-KY-01,House,-37.8585595147334,6.541917181697197,0.7867245413787479,7.416313022262105,fixture
H-KY-02,House,-32.426700065623336,6.541917181697197,0.7867245413787479,7.416313022262105,fixture
H-KY-03,House,29.17519448166256,6.541917181697197,0.7867245413787479,7.416313022262105,fixture
H-KY-04,House,-28.72427979585464,6.541917181697197,0.7867245413787479,7.416313022262105,fixture
H-KY-05,House,-53.26861044283238,6.541917181697197,0.7867245413787479,7.416313022262105,fixture
H-KY-06,House,-9.366535836702516,6.541917181697197,0.7867245413787479,7.416313022262105,fixture
H-LA-01,House,-34.86400994218863,6.541917181697197,0.7867245413787479,7.416313022262105,fixture
H-LA-02,House,62.28930310614143,6.541917181697197,0.7867245413787479,7.416313022262105,fixture
H-LA-03,House,-37.28562928543252,6.541917181697197,0.7867245413787479,7.416313022262105,fixture
H-LA-04,House,-28.856266530286728,6.541917181697197,0.7867245413787479,7.416313022262105,fixture
H-LA-05,House,-29.142825712882743,6.541917181697197,0.7867245413787479,7.416313022262105,fixture
H-LA-06,House,-11.506379346658575,6.541917181697197,0.7867245413787479,7.416313022262105,fixture
H-ME-01,House,24.980704788606698,6.541917181697197,0.7867245413787479,7.416313022262105,fixture
H-ME-02,House,0.22716703067680832,6.541917181697197,0.7867245413787479,7.416313022262105,fixture
H-MD-01,House,-20.607467196666402,6.541917181697197,0.7867245413787479,7.416313022262105,fixture
H-MD-02,House,20.25887019267415,6.541917181697197,0.7867245413787479,7.416313022262105,fixture
H-MD-03,House,23.26255376273396,6.541917181697197,0.7867245413787479,7.416313022262105,fixture
H-MD-04,House,80.36042333293786,6.541917181697197,0.7867245413787479,7.416313022262105,fixture
H-MD-05,House,35.89779783914439,6.541917181697197,0.7867245413787479,7.416313022262105,fixture
H-MD-06,House,9.01869382204142,6.541917181697197,0.7867245413787479,7.416313022262105,fixture
H-MD-07,House,61.547172863140176,6.541917181697197,0.7867245413787479,7.416313022262105,fixture
H-MD-08,House,59.583570346886404,6.541917181697197,0.7867245413787479,7.416313022262105,fixture
H-MA-01,House,30.27036172439556,6.541917181697197,0.7867245413787479,7.416313022262105,fixture
H-MA-02,House,37.925733423374865,6.541917181697197,0.7867245413787479,7.416313022262105,fixture
H-MA-03,House,34.637061605410096,6.541917181697197,0.7867245413787479,7.416313022262105,fixture
H-MA-04,House,36.02284235919326,6.541917181697197,0.7867245413787479,7.416313022262105,fixture
H-MA-05,House,56.756104259266635,6.541917181697197,0.7867245413787479,7.416313022262105,fixture
H-MA-06,House,34.41417701517179,6.541917181697197,0.7867245413787479,7.416313022262105,fixture
H-MA-07,House,78.97815131352453,6.541917181697197,0.7867245413787479,7.416313022262105,fixture
H-MA-08,House,41.94968733790324,6.541917181697197,0.7867245413787479,7.416313022262105,fixture
H-MA-09,House,25.652697971389454,6.541917181697197,0.7867245413787479,7.416313022262105,fixture
H-MI-01,House,-19.372101087852883,6.541917181697197,0.7867245413787479,7.416313022262105,fixture
H-MI-02,House,-26.20749191207555,6.541917181697197,0.7867245413787479,7.416313022262105,fixture
H-MI-03,House,12.497355045949755,6.541917181697197,0.7867245413787479,7.416313022262105,fixture
H-MI-04,House,-5.22158890854106,6.541917181697197,0.7867245413787479,7.416313022262105,fixture
H-MI-05,House,-22.840828360437033,6.541917181697197,0.7867245413787479,7.416313022262105,fixture
H-MI-06,House,29.799617504369554,6.541917181697197,0.7867245413787479,7.416313022262105,fixture
H-MI-07,House,-0.30688398176385645,6.541917181697197,0.7867245413787479,7.416313022262105,fixture
H-MI-08,House,8.78537088815476,6.541917181697197,0.7867245413787479,7.416313022262105,fixture
H-MI-09,House,-28.503746904255625,6.541917181697197,0.7867245413787479,7.416313022262105,fixture
H-MI-10,House,-2.1098212690190135,6.541917181697197,0.7867245413787479,7.416313022262105,fixture
H-MI-11,House,23.894568068648613,6.541917181697197,0.7867245413787479,7.416313022262105,fixture
H-MI-12,House,51.26422946088164,6.541917181697197,0.7867245413787479,7.416313022262105,fixture
H-MI-13,House,53.09996541871938,6.541917181697197,0.7867245413787479,7.416313022262105,fixture
H-MN-01,House,-10.137300362335882,6.541917181697197,0.7867245413787479,7.416313022262105,fixture
H-MN-02,House,11.005438369857155,6.541917181697197,0.7867245413787479,7.416313022262105,fixture
H-MN-03,House,23.41776587292777,6.541917181697197,0.7867245413787479,7.416313022262105,fixture
H-MN-04,House,40.1071784879843,6.541917181697197,0.7867245413787479,7.416313022262105,fixture
H-MN-05,House,63.63786117386175,6.541917181697197,0.7867245413787479,7.416313022262105,fixture
H-MN-06,House,-18.523514150847795,6.541917181697197,0.7867245413787479,7.416313022262105,fixture
H-MN-07,House,-31.47564491550666,6.541917181697197,0.7867245413787479,7.416313022262105,fixture
H-MN-08,House,-11.072204046197847,6.541917181697197,0.7867245413787479,7.416313022262105,fixture
H-MS-01,House,-29.843048686131656,6.541917181697197,0.7867245413787479,7.416313022262105,fixture
H-MS-02,House,31.67609428943454,6.541917181697197,0.7867245413787479,7.416313022262105,fixture
H-MS-03,House,-23.46295612527207,6.541917181697197,0.7867245413787479,7.416313022262105,fixture
H-MS-04,House,-36.48227021665845,6.541917181697197,0.7867245413787479,7.416313022262105,fixture
H-MO-01,House,59.041165165923644,6.541917181697197,0.7867245413787479,7.416313022262105,fixture
H-MO-02,House,-11.144523482753607,6.541917181697197,0.7867245413787479,7.416313022262105,fixture
H-MO-03,House,-27.597129451627165,6.541917181697197,0.7867245413787479,7.416313022262105,fixture
H-MO-04,House,-39.208688517144765,6.541917181697197,0.7867245413787479,7.416313022262105,fixture
H-MO-05,House,28.534525924755282,6.541917181697197,0.7867245413787479,7.416313022262105,fixture
H-MO-06,House,-36.758002178719124,6.541917181697197,0.7867245413787479,7.416313022262105,fixture
H-MO-07,House,-41.35120826587651,6.541917181697197,0.7867245413787479,7.416313022262105,fixture
H-MO-08,House,-49.62317653449122,6.541917181697197,0.7867245413787479,7.416313022262105,fixture
H-MT-01,House,-6.42178395318466,6.541917181697197,0.7867245413787479,7.416313022262105,fixture
H-MT-02,House,-24.9530770442837,6.541917181697197,0.7867245413787479,7.416313022262105,fixture
H-NE-01,House,-13.009571012431596,6.541917181697197,0.7867245413787479,7.416313022262105,fixture
H-NE-02,House,0.5723371223962133,6.541917181697197,0.7867245413787479,7.416313022262105,fixture
H-NE-03,House,-50.23517318158815,6.541917181697197,0.7867245413787479,7.416313022262105,fixture
H-NV-01,House,13.687901541416034,6.541917181697197,0.7867245413787479,7.416313022262105,fixture
H-NV-02,House,-9.722996909653085,6.541917181697197,0.7867245413787479,7.416313022262105,fixture
H-NV-03,House,11.567798184114103,6.541917181697197,0.7867245413787479,7.416313022262105,fixture
H-NV-04,House,14.875728532575826,6.541917181697197,0.7867245413787479,7.416313022262105,fixture
H-NH-01,House,8.917011452547142,6.541917181697197,0.7867245413787479,7.416313022262105,fixture
H-NH-02,House,12.024797195933125,6.541917181697197,0.7867245413787479,7.416313022262105,fixture
H-NJ-01,House,28.08399690623271,6.541917181697197,0.7867245413787479,7.416313022262105,fixture
H-NJ-02,House,-6.310683124707927,6.541917181697197,0.7867245413787479,7.416313022262105,fixture
H-NJ-03,House,17.637408202459806,6.541917181697197,0.7867245413787479,7.416313022262105,fixture
H-NJ-04,House,-23.97353812024782,6.541917181697197,0.7867245413787479,7.416313022262105,fixture
H-NJ-05,House,15.630688702673641,6.541917181697197,0.7867245413787479,7.416313022262105,fixture
H-NJ-06,House,23.59641971515813,6.541917181697197,0.7867245413787479,7.416313022262105,fixture
H-NJ-07,House,-0.7801153582707836,6.541917181697197,0.7867245413787479,7.416313022262105,fixture
H-NJ-08,House,53.0053612858576,6.541917181697197,0.7867245413787479,7.416313022262105,fixture
H-NJ-09,House,25.193232498037535,6.541917181697197,0.7867245413787479,7.416313022262105,fixture
H-NJ-10,House,63.957654561628345,6.541917181697197,0.7867245413787479,7.416313022262105,fixture
H-NJ-11,House,19.472678523966973,6.541917181697197,0.7867245413787479,7.416313022262105,fixture
H-NJ-12,House,37.43626027538548,6.541917181697197,0.7867245413787479,7.416313022262105,fixture
H-NM-01,House,20.766884132735782,6.541917181697197,0.7867245413787479,7.416313022262105,fixture
H-NM-02,House,13.582726993510338,6.541917181697197,0.7867245413787479,7.416313022262105,fixture
H-NM-03,House,14.408267283850286,6.541917181697197,0.7867245413787479,7.416313022262105,fixture
H-NY-01,House,-2.1159037023796996,6.541917181697197,0.7867245413787479,7.416313022262105,fixture
H-NY-02,House,-2.6736946365202154,6.541917181697197,0.7867245413787479,7.416313022262105,fixture
H-NY-03,House,13.677031049625732,6.541917181697197,0.7867245413787479,7.416313022262105,fixture
H-NY-04,House,19.74664200865089,6.541917181697197,0.7867245413787479,7.416313022262105,fixture
H-NY-05,House,67.97627482364278,6.541917181697197,0.7867245413787479,7.416313022262105,fixture
H-NY-06,House,38.755892449842406,6.541917181697197,0.7867245413787479,7.416313022262105,fixture
H-NY-07,House,69.00265017777897,6.541917181697197,0.7867245413787479,7.416313022262105,fixture
H-NY-08,House,59.36398754153767,6.541917181697197,0.7867245413787479,7.416313022262105,fixture
H-NY-09,House,57.971584404386235,6.541917181697197,0.7867245413787479,7.416313022262105,fixture
H-NY-10,House,74.9374627114789,6.541917181697197,0.7867245413787479,7.416313022262105,fixture
H-NY-11,House,-7.085416376964977,6.541917181697197,0.7867245413787479,7.416313022262105,fixture
H-NY-12,House,73.70783474734527,6.541917181697197,0.7867245413787479,7.416313022262105,fixture
H-NY-13,House,82.45010511664181,6.541917181697197,0.7867245413787479,7.416313022262105,fixture
H-NY-14,House,63.368544645689084,6.541917181697197,0.7867245413787479,7.416313022262105,fixture
H-NY-15,House,76.4882950825627,6.541917181697197,0.7867245413787479,7.416313022262105,fixture
H-NY-16,House,47.96257626642793,6.541917181697197,0.7867245413787479,7.416313022262105,fixture
H-NY-17,House,9.212009464816258,6.541917181697197,0.7867245413787479,7.416313022262105,fixture
H-NY-18,House,12.546741658054517,6.541917181697197,0.7867245413787479,7.416313022262105,fixture
H-NY-19,House,8.97673773102534,6.541917181697197,0.7867245413787479,7.416313022262105,fixture
H-NY-20,House,22.809616604804734,6.541917181697197,0.7867245413787479,7.416313022262105,fixture
H-NY-21,House,-12.542711798557715,6.541917181697197,0.7867245413787479,7.416313022262105,fixture
H-NY-22,House,11.989765352322653,6.541917181697197,0.7867245413787479,7.416313022262105,fixture
H-NY-23,House,-18.543644691200207,6.541917181697197,0.7867245413787479,7.416313022262105,fixture
H-NY-24,House,-17.39276100430491,6.541917181697197,0.7867245413787479,7.416313022262105,fixture
H-NY-25,House,22.53067692580006,6.541917181697197,0.7867245413787479,7.416313022262105,fixture
H-NY-26,House,26.68443519842324,6.541917181697197,0.7867245413787479,7.416313022262105,fixture
H-NC-01,House,5.385631165494213,8.876749428263986,0.7867245413787479,9.539481057383282,fixture
H-NC-02,House,5.385631165494213,8.876749428263986,0.7867245413787479,9.539481057383282,fixture
H-NC-03,House,-1.555666060974855,8.876749428263986,0.7867245413787479,9.539481057383282,fixture
H-NC-04,House,5.385631165494213,8.876749428263986,0.7867245413787479,9.539481057383282,fixture
H-NC-05,House,-1.555666060974855,8.876749428263986,0.7867245413787479,9.539481057383282,fixture
H-NC-06,House,-1.555666060974855,8.876749428263986,0.7867245413787479,9.539481057383282,fixture
H-NC-07,House,-1.555666060974855,8.876749428263986,0.7867245413787479,9.539481057383282,fixture
H-NC-08,House,-1.555666060974855,8.876749428263986,0.7867245413787479,9.539481057383282,fixture
H-NC-09,House,-1.555666060974855,8.876749428263986,0.7867245413787479,9.539481057383282,fixture
H-NC-10,House,-1.555666060974855,8.876749428263986,0.7867245413787479,9.539481057383282,fixture
H-NC-11,House,-1.555666060974855,8.876749428263986,0.7867245413787479,9.539481057383282,fixture
H-NC-12,House,5.385631165494213,8.876749428263986,0.7867245413787479,9.539481057383282,fixture
H-NC-13,House,-1.555666060974855,8.876749428263986,0.7867245413787479,9.539481057383282,fixture
H-NC-14,House,-1.555666060974855,8.876749428263986,0.7867245413787479,9.539481057383282,fixture
H-ND-01,House,-31.896598971941398,6.541917181697197,0.7867245413787479,7.416313022262105,fixture
H-OH-01,House,-1.4728006613168585,8.876749428263986,0.7867245413787479,9.539481057383282,fixture
H-OH-02,House,-8.414097887785926,8.876749428263986,0.7867245413787479,9.539481057383282,fixture
H-OH-03,House,-1.4728006613168585,8.876749428263986,0.7867245413787479,9.539481057383282,fixture
H-OH-04,House,-8.414097887785926,8.876749428263986,0.7867245413787479,9.539481057383282,fixture
H-OH-05,House,-8.414097887785926,8.876749428263986,0.7867245413787479,9.539481057383282,fixture
H-OH-06,House,-8.414097887785926,8.876749428263986,0.7867245413787479,9.539481057383282,fixture
H-OH-07,House,-8.414097887785926,8.876749428263986,0.7867245413787479,9.539481057383282,fixture
H-OH-08,House,-8.414097887785926,8.876749428263986,0.7867245413787479,9.539481057383282,fixture
H-OH-09,House,-1.4728006613168585,8.876749428263986,0.7867245413787479,9.539481057383282,fixture
H-OH-10,House,-8.414097887785926,8.876749428263986,0.7867245413787479,9.539481057383282,fixture
H-OH-11,House,-1.4728006613168585,8.876749428263986,0.7867245413787479,9.539481057383282,fixture
H-OH-12,House,-8.414097887785926,8.876749428263986,0.7867245413787479,9.539481057383282,fixture
H-OH-13,House,-1.4728006613168585,8.876749428263986,0.7867245413787479,9.539481057383282,fixture
H-OH-14,House,-8.414097887785926,8.876749428263986,0.7867245413787479,9.539481057383282,fixture
H-OH-15,House,-8.414097887785926,8.876749428263986,0.7867245413787479,9.539481057383282,fixture
H-OK-01,House,-23.54317726925588,6.541917181697197,0.7867245413787479,7.416313022262105,fixture
H-OK-02,House,-48.60142932327717,6.541917181697197,0.7867245413787479,7.416313022262105,fixture
H-OK-03,House,-40.99744694296386,6.541917181697197,0.7867245413787479,7.416313022262105,fixture
H-OK-04,House,-30.17938862552438,6.541917181697197,0.7867245413787479,7.416313022262105,fixture
H-OK-05,House,-19.515338348575387,6.541917181697197,0.7867245413787479,7.416313022262105,fixture
H-OR-01,House,42.26017740585276,6.541917181697197,0.7867245413787479,7.416313022262105,fixture
H-OR-02,House,-23.126719660619482,6.541917181697197,0.7867245413787479,7.416313022262105,fixture
H-OR-03,House,50.379623907517015,6.541917181697197,0.7867245413787479,7.416313022262105,fixture
H-OR-04,House,18.30863285012724,6.541917181697197,0.7867245413787479,7.416313022262105,fixture
H-OR-05,House,13.050391786121063,6.541917181697197,0.7867245413787479,7.416313022262105,fixture
H-OR-06,House,16.68260538539154,6.541917181697197,0.7867245413787479,7.416313022262105,fixture
H-PA-01,House,2.748800913015831,6.541917181697197,0.7867245413787479,7.416313022262105,fixture
H-PA-02,House,48.694434289772715,6.541917181697197,0.7867245413787479,7.416313022262105,fixture
H-PA-03,House,82.75650322895895,6.541917181697197,0.7867245413787479,7.416313022262105,fixture
H-PA-04,House,22.66348205135862,6.541917181697197,0.7867245413787479,7.416313022262105,fixture
H-PA-05,House,35.955094624792295,6.541917181697197,0.7867245413787479,7.416313022262105,fixture
H-PA-06,House,18.59861422458316,6.541917181697197,0.7867245413787479,7.416313022262105,fixture
H-PA-07,House,-0.934367034740307,6.541917181697197,0.7867245413787479,7.416313022262105,fixture
H-PA-08,House,-4.667046140561144,6.541917181697197,0.7867245413787479,7.416313022262105,fixture
H-PA-09,House,-35.428615158306386,6.541917181697197,0.7867245413787479,7.416313022262105,fixture
H-PA-10,House,-5.881118088535526,6.541917181697197,0.7867245413787479,7.416313022262105,fixture
H-PA-11,House,-21.50614531468859,6.541917181697197,0.7867245413787479,7.416313022262105,fixture
H-PA-12,House,24.17092087915006,6.541917181697197,0.7867245413787479,7.416313022262105,fixture
H-PA-13,House,-43.07554896256789,6.541917181697197,0.7867245413787479,7.416313022262105,fixture
H-PA-14,House,-30.040055184543117,6.541917181697197,0.7867245413787479,7.416313022262105,fixture
H-PA-15,House,-34.76631097391754,6.541917181697197,0.7867245413787479,7.416313022262105,fixture
H-PA-16,House,-20.013230577693466,6.541917181697197,0.7867245413787479,7.416313022262105,fixture
H-PA-17,House,10.542447700244924,6.541917181697197,0.7867245413787479,7.416313022262105,fixture
H-RI-01,House,40.02120979252605,6.541917181697197,0.7867245413787479,7.416313022262105,fixture
H-RI-02,House,25.107837617047267,6.541917181697197,0.7867245413787479,7.416313022262105,fixture
H-SC-01,House,-13.228617630490573,6.541917181697197,0.7867245413787479,7.416313022262105,fixture
H-SC-02,House,-15.713017920609223,6.541917181697197,0.7867245413787479,7.416313022262105,fixture
H-SC-03,House,-38.574059122343215,6.541917181697197,0.7867245413787479,7.416313022262105,fixture
H-SC-04,House,-22.238163253540844,6.541917181697197,0.7867245413787479,7.416313022262105,fixture
H-SC-05,House,-21.257100428786696,6.541917181697197,0.7867245413787479,7.416313022262105,fixture
H-SC-06,House,33.09927645837713,6.541917181697197,0.7867245413787479,7.416313022262105,fixture
H-SC-07,House,-21.38092206554313,6.541917181697197,0.7867245413787479,7.416313022262105,fixture
H-SD-01,House,-27.130571255179117,6.541917181697197,0.7867245413787479,7.416313022262105,fixture
H-TN-01,House,-53.99171074044442,6.541917181697197,0.7867245413787479,7.416313022262105,fixture
H-TN-02,House,-30.933926430546567,6.541917181697197,0.7867245413787479,7.416313022262105,fixture
H-TN-03,House,-32.45635028206763,6.541917181697197,0.7867245413787479,7.416313022262105,fixture
H-TN-04,House,-40.00931961549725,6.541917181697197,0.7867245413787479,7.416313022262105,fixture
H-TN-05,House,-11.588571219826274,6.541917181697197,0.7867245413787479,7.416313022262105,fixture
H-TN-06,House,-30.09656179944822,6.541917181697197,0.7867245413787479,7.416313022262105,fixture
H-TN-07,House,-16.59743533808269,6.541917181697197,0.7867245413787479,7.416313022262105,fixture
H-TN-08,House,-37.887080915830836,6.541917181697197,0.7867245413787479,7.416313022262105,fixture
H-TN-09,House,50.00156483426312,6.541917181697197,0.7867245413787479,7.416313022262105,fixture
H-TX-01,House,-9.163198565554062,8.876749428263986,0.7867245413787479,9.539481057383282,fixture
H-TX-02,House,-9.163198565554062,8.876749428263986,0.7867245413787479,9.539481057383282,fixture
H-TX-03,House,-9.163198565554062,8.876749428263986,0.7867245413787479,9.539481057383282,fixture
H-TX-04,House,-9.163198565554062,8.876749428263986,0.7867245413787479,9.539481057383282,fixture
H-TX-05,House,-9.163198565554062,8.876749428263986,0.7867245413787479,9.539481057383282,fixture
H-TX-06,House,-9.163198565554062,8.876749428263986,0.7867245413787479,9.539481057383282,fixture
H-TX-07,House,-2.2219013390849938,8.876749428263986,0.7867245413787479,9.539481057383282,fixture
H-TX-08,House,-9.163198565554062,8.876749428263986,0.7867245413787479,9.539481057383282,fixture
H-TX-09,House,-2.2219013390849938,8.876749428263986,0.7867245413787479,9.539481057383282,fixture
H-TX-10,House,-9.163198565554062,8.876749428263986,0.7867245413787479,9.539481057383282,fixture
H-TX-11,House,-9.163198565554062,8.876749428263986,0.7867245413787479,9.539481057383282,fixture
H-TX-12,House,-9.163198565554062,8.876749428263986,0.7867245413787479,9.539481057383282,fixture
H-TX-13,House,-9.163198565554062,8.876749428263986,0.7867245413787479,9.539481057383282,fixture
H-TX-14,House,-9.163198565554062,8.876749428263986,0.7867245413787479,9.539481057383282,fixture
H-TX-15,House,-9.163198565554062,8.876749428263986,0.7867245413787479,9.539481057383282,fixture
H-TX-16,House,-2.2219013390849938,8.876749428263986,0.7867245413787479,9.539481057383282,fixture
H-TX-17,House,-9.163198565554062,8.876749428263986,0.7867245413787479,9.539481057383282,fixture
H-TX-18,House,-2.2219013390849938,8.876749428263986,0.7867245413787479,9.539481057383282,fixture
H-TX-19,House,-9.163198565554062,8.876749428263986,0.7867245413787479,9.539481057383282,fixture
H-TX-20,House,-2.2219013390849938,8.876749428263986,0.7867245413787479,9.539481057383282,fixture
H-TX-21,House,-9.163198565554062,8.876749428263986,0.7867245413787479,9.539481057383282,fixture
H-TX-22,House,-9.163198565554062,8.876749428263986,0.7867245413787479,9.539481057383282,fixture
H-TX-23,House,-5.692549952319528,8.876749428263986,0.7867245413787479,9.539481057383282,fixture
H-TX-24,House,-9.163198565554062,8.876749428263986,0.7867245413787479,9.539481057383282,fixture
H-TX-25,House,-9.163198565554062,8.876749428263986,0.7867245413787479,9.539481057383282,fixture
H-TX-26,House,-9.163198565554062,8.876749428263986,0.7867245413787479,9.539481057383282,fixture
H-TX-27,House,-9.163198565554062,8.876749428263986,0.7867245413787479,9.539481057383282,fixture
H-TX-28,House,-2.2219013390849938,8.876749428263986,0.7867245413787479,9.539481057383282,fixture
H-TX-29,House,-2.2219013390849938,8.876749428263986,0.7867245413787479,9.539481057383282,fixture
H-TX-30,House,-2.2219013390849938,8.876749428263986,0.7867245413787479,9.539481057383282,fixture
H-TX-31,House,-9.163198565554062,8.876749428263986,0.7867245413787479,9.539481057383282,fixture
H-TX-32,House,-2.2219013390849938,8.876749428263986,0.7867245413787479,9.539481057383282,fixture
H-TX-33,House,-2.2219013390849938,8.876749428263986,0.7867245413787479,9.539481057383282,fixture
H-TX-34,House,-2.2219013390849938,8.876749428263986,0.7867245413787479,9.539481057383282,fixture
H-TX-35,House,-2.2219013390849938,8.876749428263986,0.7867245413787479,9.539481057383282,fixture
H-TX-36,House,-9.163198565554062,8.876749428263986,0.7867245413787479,9.539481057383282,fixture
H-TX-37,House,-2.2219013390849938,8.876749428263986,0.7867245413787479,9.539481057383282,fixture
H-TX-38,House,-9.163198565554062,8.876749428263986,0.7867245413787479,9.539481057383282,fixture
H-UT-01,House,-21.749912988843892,8.876749428263986,0.7867245413787479,9.539481057383282,fixture
H-UT-02,House,-21.749912988843892,8.876749428263986,0.7867245413787479,9.539481057383282,fixture
H-UT-03,House,-21.749912988843892,8.876749428263986,0.7867245413787479,9.539481057383282,fixture
H-UT-04,House,-21.749912988843892,8.876749428263986,0.7867245413787479,9.539481057383282,fixture
H-VT-01,House,36.04730002504198,6.541917181697197,0.7867245413787479,7.416313022262105,fixture
H-VA-01,House,-10.81504109659309,6.541917181697197,0.7867245413787479,7.416313022262105,fixture
H-VA-02,House,-3.3218679341252306,6.541917181697197,0.7867245413787479,7.416313022262105,fixture
H-VA-03,House,39.43724539320958,6.541917181697197,0.7867245413787479,7.416313022262105,fixture
H-VA-04,House,37.33683045691586,6.541917181697197,0.7867245413787479,7.416313022262105,fixture
H-VA-05,House,-11.033871358377255,6.541917181697197,0.7867245413787479,7.416313022262105,fixture
H-VA-06,House,-24.15129831699524,6.541917181697197,0.7867245413787479,7.416313022262105,fixture
H-VA-07,House,11.199550397583362,6.541917181697197,0.7867245413787479,7.416313022262105,fixture
H-VA-08,House,55.54910904283764,6.541917181697197,0.7867245413787479,7.416313022262105,fixture
H-VA-09,House,-41.355384882659905,6.541917181697197,0.7867245413787479,7.416313022262105,fixture
H-VA-10,House,16.312738689517502,6.541917181697197,0.7867245413787479,7.416313022262105,fixture
H-VA-11,House,40.08173310870707,6.541917181697197,0.7867245413787479,7.416313022262105,fixture
H-WA-01,House,31.535848389381233,6.541917181697197,0.7867245413787479,7.416313022262105,fixture
H-WA-02,House,24.760604609557312,6.541917181697197,0.7867245413787479,7.416313022262105,fixture
H-WA-03,House,-0.6369223037585492,6.541917181697197,0.7867245413787479,7.416313022262105,fixture
H-WA-04,House,-20.12390151565894,6.541917181697197,0.7867245413787479,7.416313022262105,fixture
H-WA-05,House,-12.7115355404758,6.541917181697197,0.7867245413787479,7.416313022262105,fixture
H-WA-06,House,19.087339532405252,6.541917181697197,0.7867245413787479,7.416313022262105,fixture
H-WA-07,House,73.91769092712187,6.541917181697197,0.7867245413787479,7.416313022262105,fixture
H-WA-08,House,10.191082852313663,6.541917181697197,0.7867245413787479,7.416313022262105,fixture
H-WA-09,House,46.05389061679908,6.541917181697197,0.7867245413787479,7.416313022262105,fixture
H-WA-10,House,19.69294802531839,6.541917181697197,0.7867245413787479,7.416313022262105,fixture
H-WV-01,House,-29.647265071012637,6.541917181697197,0.7867245413787479,7.416313022262105,fixture
H-WV-02,House,-29.091981988301068,6.541917181697197,0.7867245413787479,7.416313022262105,fixture
H-WI-01,House,-2.8522704023557504,6.541917181697197,0.7867245413787479,7.416313022262105,fixture
H-WI-02,House,44.100729642503794,6.541917181697197,0.7867245413787479,7.416313022262105,fixture
H-WI-03,House,-4.915086380804327,6.541917181697197,0.7867245413787479,7.416313022262105,fixture
H-WI-04,House,54.93563552899522,6.541917181697197,0.7867245413787479,7.416313022262105,fixture
H-WI-05,House,-23.497892960257513,6.541917181697197,0.7867245413787479,7.416313022262105,fixture
H-WI-06,House,-15.85669730067591,6.541917181697197,0.7867245413787479,7.416313022262105,fixture
H-WI-07,House,-19.532364646723916,6.541917181697197,0.7867245413787479,7.416313022262105,fixture
H-WI-08,House,-15.761462912578809,6.541917181697197,0.7867245413787479,7.416313022262105,fixture
H-WY-01,House,-43.934219983338295,6.541917181697197,0.7867245413787479,7.416313022262105,fixture
S-AL,Senate,-19.0881875966344,7.899948350483812,0.5831995186674463,8.313613491575563,fixture
S-AK,Senate,-10.783862576347722,7.899948350483812,0.5831995186674463,8.313613491575563,fixture
S-AR,Senate,-25.305661711048973,7.899948350483812,0.5831995186674463,8.313613491575563,fixture
S-CO,Senate,16.02383281237608,7.899948350483812,0.5831995186674463,8.313613491575563,fixture
S-DE,Senate,22.190787555297167,7.899948350483812,0.5831995186674463,8.313613491575563,fixture
S-GA,Senate,3.8946211082773106,7.899948350483812,0.5831995186674463,8.313613491575563,fixture
S-ID,Senate,-29.85268149438788,7.899948350483812,0.5831995186674463,8.313613491575563,fixture
S-IL,Senate,17.355830990851928,7.899948350483812,0.5831995186674463,8.313613491575563,fixture
S-IA,Senate,-2.264138739998044,7.899948350483812,0.5831995186674463,8.313613491575563,fixture
S-KS,Senate,-16.340034883645927,7.899948350483812,0.5831995186674463,8.313613491575563,fixture
S-KY,Senate,-17.37639316520518,7.899948350483812,0.5831995186674463,8.313613491575563,fixture
S-LA,Senate,-15.758153911891966,7.899948350483812,0.5831995186674463,8.313613491575563,fixture
S-ME,Senate,5.543651290071417,7.899948350483812,0.5831995186674463,8.313613491575563,fixture
S-MA,Senate,38.31465081938129,7.899948350483812,0.5831995186674463,8.313613491575563,fixture
S-MI,Senate,4.9881400819273765,7.899948350483812,0.5831995186674463,8.313613491575563,fixture
S-MN,Senate,7.714619549214877,7.899948350483812,0.5831995186674463,8.313613491575563,fixture
S-MS,Senate,-15.230127881140763,7.899948350483812,0.5831995186674463,8.313613491575563,fixture
S-MT,Senate,-15.336728681506859,7.899948350483812,0.5831995186674463,8.313613491575563,fixture
S-NE,Senate,-19.50164834623375,7.899948350483812,0.5831995186674463,8.313613491575563,fixture
S-NH,Senate,6.486124465278493,7.899948350483812,0.5831995186674463,8.313613491575563,fixture
S-NJ,Senate,19.97524652373485,7.899948350483812,0.5831995186674463,8.313613491575563,fixture
S-NM,Senate,16.367655858376608,7.899948350483812,0.5831995186674463,8.313613491575563,fixture
S-NC,Senate,1.8590407661920816,7.899948350483812,0.5831995186674463,8.313613491575563,fixture
S-OK,Senate,-29.91977663480703,7.899948350483812,0.5831995186674463,8.313613491575563,fixture
S-OR,Senate,19.337584763790286,7.899948350483812,0.5831995186674463,8.313613491575563,fixture
S-RI,Senate,30.56851513848425,7.899948350483812,0.5831995186674463,8.313613491575563,fixture
S-SC,Senate,-13.926148786800454,7.899948350483812,0.5831995186674463,8.313613491575563,fixture
S-SD,Senate,-25.73677636009789,7.899948350483812,0.5831995186674463,8.313613491575563,fixture
S-TN,Senate,-23.33101493107611,7.899948350483812,0.5831995186674463,8.313613491575563,fixture
S-TX,Senate,-9.315128974594277,7.899948350483812,0.5831995186674463,8.313613491575563,fixture
S-VA,Senate,13.31679580415366,7.899948350483812,0.5831995186674463,8.313613491575563,fixture
S-WV,Senate,-28.809852437237687,7.899948350483812,0.5831995186674463,8.313613491575563,fixture
S-WY,Senate,-41.094814453393234,7.899948350483812,0.5831995186674463,8.313613491575563,fixture
S-OH-special,Senate,-8.630473104253628,7.899948350483812,0.5831995186674463,8.313613491575563,fixture
S-FL-special,Senate,-4.581412062445797,7.899948350483812,0.5831995186674463,8.313613491575563,fixture
G-AL,Governor,-15.115856918527953,14.127090026950597,0.686999043355715,14.452736011528522,fixture
G-AK,Governor,-6.647163585796629,14.127090026950597,0.686999043355715,14.452736011528522,fixture
G-AZ,Governor,3.797874966992059,14.127090026950597,0.686999043355715,14.452736011528522,fixture
G-AR,Governor,-22.585955247236306,14.127090026950597,0.686999043355715,14.452736011528522,fixture
G-CA,Governor,16.81183612538015,14.127090026950597,0.686999043355715,14.452736011528522,fixture
G-CO,Governor,5.770096146343568,14.127090026950597,0.686999043355715,14.452736011528522,fixture
G-CT,Governor,15.026904474148814,14.127090026950597,0.686999043355715,14.452736011528522,fixture
G-FL,Governor,-2.4535646120939614,14.127090026950597,0.686999043355715,14.452736011528522,fixture
G-GA,Governor,-2.430702818537185,14.127090026950597,0.686999043355715,14.452736011528522,fixture
G-HI,Governor,26.458958031737392,14.127090026950597,0.686999043355715,14.452736011528522,fixture
G-ID,Governor,-25.660284893893976,14.127090026950597,0.686999043355715,14.452736011528522,fixture
G-IL,Governor,15.644979157845661,14.127090026950597,0.686999043355715,14.452736011528522,fixture
G-IA,Governor,-3.7407860718394765,14.127090026950597,0.686999043355715,14.452736011528522,fixture
G-KS,Governor,-10.403801133065478,14.127090026950597,0.686999043355715,14.452736011528522,fixture
G-ME,Governor,4.392190172828791,14.127090026950597,0.686999043355715,14.452736011528522,fixture
G-MD,Governor,23.233630915164188,14.127090026950597,0.686999043355715,14.452736011528522,fixture
G-MA,Governor,26.961674508224746,14.127090026950597,0.686999043355715,14.452736011528522,fixture
G-MI,Governor,1.1626225013470761,14.127090026950597,0.686999043355715,14.452736011528522,fixture
G-MN,Governor,3.0060489777391224,14.127090026950597,0.686999043355715,14.452736011528522,fixture
G-NE,Governor,-18.66174747879194,14.127090026950597,0.686999043355715,14.452736011528522,fixture
G-NV,Governor,-5.7796915386909955,14.127090026950597,0.686999043355715,14.452736011528522,fixture
G-NH,Governor,-3.9448779519374524,14.127090026950597,0.686999043355715,14.452736011528522,fixture
G-NM,Governor,6.002561680669301,14.127090026950597,0.686999043355715,14.452736011528522,fixture
G-NY,Governor,19.535593825787952,14.127090026950597,0.686999043355715,14.452736011528522,fixture
G-OH,Governor,-5.191214544378979,14.127090026950597,0.686999043355715,14.452736011528522,fixture
G-OK,Governor,-19.58533203656491,14.127090026950597,0.686999043355715,14.452736011528522,fixture
G-OR,Governor,14.13090632132155,14.127090026950597,0.686999043355715,14.452736011528522,fixture
G-PA,Governor,6.241381525607649,14.127090026950597,0.686999043355715,14.452736011528522,fixture
G-RI,Governor,21.72435958426643,14.127090026950597,0.686999043355715,14.452736011528522,fixture
G-SC,Governor,-8.771725192164812,14.127090026950597,0.686999043355715,14.452736011528522,fixture
G-SD,Governor,-22.87744035392882,14.127090026950597,0.686999043355715,14.452736011528522,fixture
G-TN,Governor,-15.130540457525743,14.127090026950597,0.686999043355715,14.452736011528522,fixture
G-TX,Governor,-11.774441068726627,14.127090026950597,0.686999043355715,14.452736011528522,fixture
G-VT,Governor,11.874142546200744,14.127090026950597,0.686999043355715,14.452736011528522,fixture
G-WI,Governor,-0.38595142015712147,14.127090026950597,0.686999043355715,14.452736011528522,fixture
G-WY,Governor,-27.14099524130526,14.127090026950597,0.686999043355715,14.452736011528522,fixture
