race_id,office,state,district,special,new_map,redistricting_status,lean_vintage,incumbent_party,open_seat,note,lean,lean_source,lag_margin,lag_cycle,inc_status,incumbency,fund_dem,fund_rep,fund_share_dem,fund_logratio,provenance
H-AL-01,House,AL,1,False,False,census_map,2022,R,,,-31.6703,538_2022,-56.900931927458814,2024.0,incumbent_running,-1.0,,,,,mirror
H-AL-02,House,AL,2,False,False,census_map,2022,D,,,-33.47084,538_2022,9.192057278181672,2024.0,incumbent_running,1.0,,,,,mirror
H-AL-03,House,AL,3,False,False,census_map,2022,R,,,-39.00137,538_2022,,,incumbent_running,-1.0,,,,,mirror
H-AL-04,House,AL,4,False,False,census_map,2022,R,,,-64.80537,538_2022,,,incumbent_running,-1.0,,,,,mirror
H-AL-05,House,AL,5,False,False,census_map,2022,R,,,-32.03314,538_2022,,,incumbent_running,-1.0,,,,,mirror
H-AL-06,House,AL,6,False,False,census_map,2022,R,,,-35.87194,538_2022,-40.74633970429139,2024.0,incumbent_running,-1.0,,,,,mirror
H-AL-07,House,AL,7,False,False,census_map,2022,D,,,28.7539,538_2022,27.42343632767205,2024.0,incumbent_running,1.0,,,,,mirror
H-AK-01,House,AK,1,False,False,census_map,2022,R,,,-14.6111,538_2022,-2.072578173132662,2024.0,incumbent_running,-1.0,,,,,mirror
H-AZ-01,House,AZ,1,False,False,census_map,2022,R,,,-6.512875,538_2022,-3.8140040137720277,2024.0,incumbent_running,-1.0,,,,,mirror
H-AZ-02,House,AZ,2,False,False,census_map,2022,R,,,-15.10014,538_2022,-8.968311964392484,2024.0,incumbent_running,-1.0,,,,,mirror
H-AZ-03,House,AZ,3,False,False,census_map,2022,D,,,44.18386,538_2022,44.3575087224408,2024.0,incumbent_running,1.0,,,,,mirror
H-AZ-04,House,AZ,4,False,False,census_map,2022,D,,,1.464125,538_2022,7.286314247709576,2024.0,incumbent_running,1.0,,,,,mirror
H-AZ-05,House,AZ,5,False,False,census_map,2022,R,,,-23.90548,538_2022,-20.776361420053476,2024.0,incumbent_running,-1.0,,,,,mirror
H-AZ-06,House,AZ,6,False,False,census_map,2022,R,,,-6.932475,538_2022,-2.5096238578915546,2024.0,incumbent_running,-1.0,,,,,mirror
H-AZ-07,House,AZ,7,False,False,census_map,2022,D,,,27.01756,538_2022,26.89817018497405,2024.0,incumbent_running,1.0,,,,,mirror
H-AZ-08,House,AZ,8,False,False,census_map,2022,R,,,-21.53168,538_2022,-13.001440535195457,2024.0,incumbent_running,-1.0,,,,,mirror
H-AZ-09,House,AZ,9,False,False,census_map,2022,R,,,-33.10751,538_2022,-30.595490067316717,2024.0,incumbent_running,-1.0,,,,,mirror
H-AR-01,House,AR,1,False,False,census_map,2022,R,,,-43.32125,538_2022,-48.88070455166425,2024.0,incumbent_running,-1.0,,,,,mirror
H-AR-02,House,AR,2,False,False,census_map,2022,R,,,-16.87272,538_2022,-17.869572882861114,2024.0,incumbent_running,-1.0,,,,,mirror
H-AR-03,House,AR,3,False,False,census_map,2022,R,,,-28.57066,538_2022,-32.033917444965525,2024.0,incumbent_running,-1.0,,,,,mirror
H-AR-04,House,AR,4,False,False,census_map,2022,R,,,-38.83622,538_2022,-45.8233581125834,2024.0,incumbent_running,-1.0,,,,,mirror
H-CA-01,House,CA,1,False,True,new_map,manual,R,,,25.74527,state_fallback_new_map,,,incumbent_running,-1.0,,,,,mirror
H-CA-02,House,CA,2,False,True,new_map,manual,D,,,25.74527,state_fallback_new_map,,,incumbent_running,1.0,,,,,mirror
H-CA-03,House,CA,3,False,True,new_map,manual,I,,,25.74527,state_fallback_new_map,,,incumbent_running,0.0,,,,,mirror
H-CA-04,House,CA,4,False,True,new_map,manual,D,,,25.74527,state_fallback_new_map,,,incumbent_running,1.0,,,,,mirror
H-CA-05,House,CA,5,False,True,new_map,manual,R,,,25.74527,state_fallback_new_map,,,incumbent_running,-1.0,,,,,mirror
H-CA-06,House,CA,6,False,True,new_map,manual,D,,,25.74527,state_fallback_new_map,,,incumbent_running,1.0,,,,,mirror
H-CA-07,House,CA,7,False,True,new_map,manual,D,,,25.74527,state_fallback_new_map,,,incumbent_running,1.0,,,,,mirror
H-CA-08,House,CA,8,False,True,new_map,manual,D,,,25.74527,state_fallback_new_map,,,incumbent_running,1.0,,,,,mirror
H-CA-09,House,CA,9,False,True,new_map,manual,D,,,25.74527,state_fallback_new_map,,,incumbent_running,1.0,,,,,mirror
H-CA-10,House,CA,10,False,True,new_map,manual,D,,,25.74527,state_fallback_new_map,,,incumbent_running,1.0,,,,,mirror
H-CA-11,House,CA,11,False,True,new_map,manual,D,,,25.74527,state_fallback_new_map,,,incumbent_running,1.0,,,,,mirror
H-CA-12,House,CA,12,False,True,new_map,manual,D,,,25.74527,state_fallback_new_map,,,incumbent_running,1.0,,,,,mirror
H-CA-13,House,CA,13,False,True,new_map,manual,D,,,25.74527,state_fallback_new_map,,,incumbent_running,1.0,,,,,mirror
H-CA-14,House,CA,14,False,True,new_map,manual,D,,,25.74527,state_fallback_new_map,,,incumbent_running,1.0,,,,,mirror
H-CA-15,House,CA,15,False,True,new_map,manual,D,,,25.74527,state_fallback_new_map,,,incumbent_running,1.0,,,,,mirror
H-CA-16,House,CA,16,False,True,new_map,manual,D,,,25.74527,state_fallback_new_map,,,incumbent_running,1.0,,,,,mirror
H-CA-17,House,CA,17,False,True,new_map,manual,D,,,25.74527,state_fallback_new_map,,,incumbent_running,1.0,,,,,mirror
H-CA-18,House,CA,18,False,True,new_map,manual,D,,,25.74527,state_fallback_new_map,,,incumbent_running,1.0,,,,,mirror
H-CA-19,House,CA,19,False,True,new_map,manual,D,,,25.74527,state_fallback_new_map,,,incumbent_running,1.0,,,,,mirror
H-CA-20,House,CA,20,False,True,new_map,manual,R,,,25.74527,state_fallback_new_map,,,incumbent_running,-1.0,,,,,mirror
H-CA-21,House,CA,21,False,True,new_map,manual,D,,,25.74527,state_fallback_new_map,,,incumbent_running,1.0,,,,,mirror
H-CA-22,House,CA,22,False,True,new_map,manual,R,,,25.74527,state_fallback_new_map,,,incumbent_running,-1.0,,,,,mirror
H-CA-23,House,CA,23,False,True,new_map,manual,R,,,25.74527,state_fallback_new_map,,,incumbent_running,-1.0,,,,,mirror
H-CA-24,House,CA,24,False,True,new_map,manual,D,,,25.74527,state_fallback_new_map,,,incumbent_running,1.0,,,,,mirror
H-CA-25,House,CA,25,False,True,new_map,manual,D,,,25.74527,state_fallback_new_map,,,incumbent_running,1.0,,,,,mirror
H-CA-26,House,CA,26,False,True,new_map,manual,D,,,25.74527,state_fallback_new_map,,,incumbent_running,1.0,,,,,mirror
H-CA-27,House,CA,27,False,True,new_map,manual,D,,,25.74527,state_fallback_new_map,,,incumbent_running,1.0,,,,,mirror
H-CA-28,House,CA,28,False,True,new_map,manual,D,,,25.74527,state_fallback_new_map,,,incumbent_running,1.0,,,,,mirror
H-CA-29,House,CA,29,False,True,new_map,manual,D,,,25.74527,state_fallback_new_map,,,incumbent_running,1.0,,,,,mirror
H-CA-30,House,CA,30,False,True,new_map,manual,D,,,25.74527,state_fallback_new_map,,,incumbent_running,1.0,,,,,mirror
H-CA-31,House,CA,31,False,True,new_map,manual,D,,,25.74527,state_fallback_new_map,,,incumbent_running,1.0,,,,,mirror
H-CA-32,House,CA,32,False,True,new_map,manual,D,,,25.74527,state_fallback_new_map,,,incumbent_running,1.0,,,,,mirror
H-CA-33,House,CA,33,False,True,new_map,manual,D,,,25.74527,state_fallback_new_map,,,incumbent_running,1.0,,,,,mirror
H-CA-34,House,CA,34,False,True,new_map,manual,D,,,25.74527,state_fallback_new_map,,,incumbent_running,1.0,,,,,mirror
H-CA-35,House,CA,35,False,True,new_map,manual,D,,,25.74527,state_fallback_new_map,,,incumbent_running,1.0,,,,,mirror
H-CA-36,House,CA,36,False,True,new_map,manual,D,,,25.74527,state_fallback_new_map,,,incumbent_running,1.0,,,,,mirror
H-CA-37,House,CA,37,False,True,new_map,manual,D,,,25.74527,state_fallback_new_map,,,incumbent_running,1.0,,,,,mirror
H-CA-38,House,CA,38,False,True,new_map,manual,D,,,25.74527,state_fallback_new_map,,,incumbent_running,1.0,,,,,mirror
H-CA-39,House,CA,39,False,True,new_map,manual,D,,,25.74527,state_fallback_new_map,,,incumbent_running,1.0,,,,,mirror
H-CA-40,House,CA,40,False,True,new_map,manual,R,,,25.74527,state_fallback_new_map,,,incumbent_running,-1.0,,,,,mirror
H-CA-41,House,CA,41,False,True,new_map,manual,R,,,25.74527,state_fallback_new_map,,,incumbent_running,-1.0,,,,,mirror
H-CA-42,House,CA,42,False,True,new_map,manual,D,,,25.74527,state_fallback_new_map,,,incumbent_running,1.0,,,,,mirror
H-CA-43,House,CA,43,False,True,new_map,manual,D,,,25.74527,state_fallback_new_map,,,incumbent_running,1.0,,,,,mirror
H-CA-44,House,CA,44,False,True,new_map,manual,D,,,25.74527,state_fallback_new_map,,,incumbent_running,1.0,,,,,mirror
H-CA-45,House,CA,45,False,True,new_map,manual,D,,,25.74527,state_fallback_new_map,,,incumbent_running,1.0,,,,,mirror
H-CA-46,House,CA,46,False,True,new_map,manual,D,,,25.74527,state_fallback_new_map,,,incumbent_running,1.0,,,,,mirror
H-CA-47,House,CA,47,False,True,new_map,manual,D,,,25.74527,state_fallback_new_map,,,incumbent_running,1.0,,,,,mirror
H-CA-48,House,CA,48,False,True,new_map,manual,R,,,25.74527,state_fallback_new_map,,,incumbent_running,-1.0,,,,,mirror
H-CA-49,House,CA,49,False,True,new_map,manual,D,,,25.74527,state_fallback_new_map,,,incumbent_running,1.0,,,,,mirror
H-CA-50,House,CA,50,False,True,new_map,manual,D,,,25.74527,state_fallback_new_map,,,incumbent_running,1.0,,,,,mirror
H-CA-51,House,CA,51,False,True,new_map,manual,D,,,25.74527,state_fallback_new_map,,,incumbent_running,1.0,,,,,mirror
H-CA-52,House,CA,52,False,True,new_map,manual,D,,,25.74527,state_fallback_new_map,,,incumbent_running,1.0,,,,,mirror
H-CO-01,House,CO,1,False,False,census_map,2022,D,,,55.20527,538_2022,54.957698815566836,2024.0,incumbent_running,1.0,,,,,mirror
H-CO-02,House,CO,2,False,False,census_map,2022,D,,,32.81107,538_2022,39.423805731720186,2024.0,incumbent_running,1.0,,,,,mirror
H-CO-03,House,CO,3,False,False,census_map,2022,R,,,-14.34963,538_2022,-4.981474168224111,2024.0,incumbent_running,-1.0,,,,,mirror
H-CO-04,House,CO,4,False,False,census_map,2022,R,,,-25.3082,538_2022,-11.604106233265682,2024.0,incumbent_running,-1.0,,,,,mirror
H-CO-05,House,CO,5,False,False,census_map,2022,R,,,-17.88243,538_2022,-13.795655716199235,2024.0,incumbent_running,-1.0,,,,,mirror
H-CO-06,House,CO,6,False,False,census_map,2022,D,,,16.72773,538_2022,20.514312480180145,2024.0,incumbent_running,1.0,,,,,mirror
H-CO-07,House,CO,7,False,False,census_map,2022,D,,,5.924933,538_2022,14.183056863693345,2024.0,incumbent_running,1.0,,,,,mirror
H-CO-08,House,CO,8,False,False,census_map,2022,R,,,-2.542467,538_2022,-0.734077502278069,2024.0,incumbent_running,-1.0,,,,,mirror
H-CT-01,House,CT,1,False,False,census_map,2022,D,,,20.56025,538_2022,28.317427272892324,2024.0,incumbent_running,1.0,,,,,mirror
H-CT-02,House,CT,2,False,False,census_map,2022,D,,,2.942917,538_2022,16.030974851547825,2024.0,incumbent_running,1.0,,,,,mirror
H-CT-03,House,CT,3,False,False,census_map,2022,D,,,11.91095,538_2022,17.806903135384275,2024.0,incumbent_running,1.0,,,,,mirror
H-CT-04,House,CT,4,False,False,census_map,2022,D,,,23.32058,538_2022,23.717907783626316,2024.0,incumbent_running,1.0,,,,,mirror
H-CT-05,House,CT,5,False,False,census_map,2022,D,,,2.564117,538_2022,6.815657351046333,2024.0,incumbent_running,1.0,,,,,mirror
H-DE-01,House,DE,1,False,False,census_map,2022,D,,,13.92317,538_2022,15.725440056610296,2024.0,incumbent_running,1.0,,,,,mirror
H-FL-01,House,FL,1,False,False,litigation,2022,R,,,-37.97575,538_2022,-32.07223528504799,2024.0,incumbent_running,-1.0,,,,,mirror
H-FL-02,House,FL,2,False,False,litigation,2022,R,,,-16.45658,538_2022,-23.27582778164463,2024.0,incumbent_running,-1.0,,,,,mirror
H-FL-03,House,FL,3,False,False,litigation,2022,R,,,-18.11241,538_2022,-23.218642149712487,2024.0,incumbent_running,-1.0,,,,,mirror
H-FL-04,House,FL,4,False,False,litigation,2022,R,,,-15.25688,538_2022,-14.536409260742268,2024.0,incumbent_running,-1.0,,,,,mirror
H-FL-05,House,FL,5,False,False,litigation,2022,R,,,-23.23915,538_2022,-26.151948762450957,2024.0,incumbent_running,-1.0,,,,,mirror
H-FL-06,House,FL,6,False,False,litigation,2022,R,,,-27.74971,538_2022,-33.06961359053416,2024.0,incumbent_running,-1.0,,,,,mirror
H-FL-07,House,FL,7,False,False,litigation,2022,R,,,-13.93371,538_2022,-13.052912379728127,2024.0,incumbent_running,-1.0,,,,,mirror
H-FL-08,House,FL,8,False,False,litigation,2022,R,,,-22.96675,538_2022,-24.476965154690447,2024.0,incumbent_running,-1.0,,,,,mirror
H-FL-09,House,FL,9,False,False,litigation,2022,D,,,15.97086,538_2022,12.553928325824216,2024.0,incumbent_running,1.0,,,,,mirror
H-FL-10,House,FL,10,False,False,litigation,2022,D,,,29.01435,538_2022,24.74777856074799,2024.0,incumbent_running,1.0,,,,,mirror
H-FL-11,House,FL,11,False,False,litigation,2022,R,,,-19.28234,538_2022,-20.75120570937863,2024.0,incumbent_running,-1.0,,,,,mirror
H-FL-12,House,FL,12,False,False,litigation,2022,R,,,-33.99388,538_2022,-42.07761985555216,2024.0,incumbent_running,-1.0,,,,,mirror
H-FL-13,House,FL,13,False,False,litigation,2022,R,,,-12.16665,538_2022,-9.646908475119844,2024.0,incumbent_running,-1.0,,,,,mirror
H-FL-14,House,FL,14,False,False,litigation,2022,D,,,13.98686,538_2022,15.357596698887725,2024.0,incumbent_running,1.0,,,,,mirror
H-FL-15,House,FL,15,False,False,litigation,2022,R,,,-7.097845,538_2022,-12.359395447159145,2024.0,incumbent_running,-1.0,,,,,mirror
H-FL-16,House,FL,16,False,False,litigation,2022,R,,,-12.77148,538_2022,-18.957757106365392,2024.0,incumbent_running,-1.0,,,,,mirror
H-FL-17,House,FL,17,False,False,litigation,2022,R,,,-22.32818,538_2022,-27.807668433785693,2024.0,incumbent_running,-1.0,,,,,mirror
H-FL-18,House,FL,18,False,False,litigation,2022,R,,,-29.25595,538_2022,-30.606397201912955,2024.0,incumbent_running,-1.0,,,,,mirror
H-FL-19,House,FL,19,False,False,litigation,2022,R,,,-26.32021,538_2022,-32.632905668364806,2024.0,incumbent_running,-1.0,,,,,mirror
H-FL-20,House,FL,20,False,False,litigation,2022,,,,49.15519,538_2022,,,open,0.0,,,,,mirror
H-FL-21,House,FL,21,False,False,litigation,2022,R,,,-13.59898,538_2022,-23.64773623670243,2024.0,incumbent_running,-1.0,,,,,mirror
H-FL-22,House,FL,22,False,False,litigation,2022,D,,,13.69462,538_2022,9.911245829426264,2024.0,incumbent_running,1.0,,,,,mirror
H-FL-23,House,FL,23,False,False,litigation,2022,D,,,8.813388,538_2022,4.890240090618377,2024.0,incumbent_running,1.0,,,,,mirror
H-FL-24,House,FL,24,False,False,litigation,2022,D,,,50.99162,538_2022,36.47982408224435,2024.0,incumbent_running,1.0,,,,,mirror
H-FL-25,House,FL,25,False,False,litigation,2022,D,,,17.96772,538_2022,8.955363048564791,2024.0,incumbent_running,1.0,,,,,mirror
H-FL-26,House,FL,26,False,False,litigation,2022,R,,,-13.60448,538_2022,-41.83451910236359,2024.0,incumbent_running,-1.0,,,,,mirror
H-FL-27,House,FL,27,False,False,litigation,2022,R,,,0.8268887,538_2022,-20.751090591056396,2024.0,incumbent_running,-1.0,,,,,mirror
H-FL-28,House,FL,28,False,False,litigation,2022,R,,,-3.899812,538_2022,-29.131946258802422,2024.0,incumbent_running,-1.0,,,,,mirror
H-GA-01,House,GA,1,False,False,census_map,2022,R,,,-19.51325,538_2022,-23.968897618987413,2024.0,incumbent_running,-1.0,,,,,mirror
H-GA-02,House,GA,2,False,False,census_map,2022,D,,,4.303485,538_2022,12.657559495809608,2024.0,incumbent_running,1.0,,,,,mirror
H-GA-03,House,GA,3,False,False,census_map,2022,R,,,-37.72735,538_2022,-32.610949888898325,2024.0,incumbent_running,-1.0,,,,,mirror
H-GA-04,House,GA,4,False,False,census_map,2022,D,,,50.03138,538_2022,51.16643207267908,2024.0,incumbent_running,1.0,,,,,mirror
H-GA-05,House,GA,5,False,False,census_map,2022,D,,,59.93855,538_2022,71.35741116293414,2024.0,incumbent_running,1.0,,,,,mirror
H-GA-06,House,GA,6,False,False,census_map,2022,D,,,-24.23505,538_2022,49.36047937765006,2024.0,incumbent_running,1.0,,,,,mirror
H-GA-07,House,GA,7,False,False,census_map,2022,R,,,16.06375,538_2022,-29.70369639104743,2024.0,incumbent_running,-1.0,,,,,mirror
H-GA-08,House,GA,8,False,False,census_map,2022,R,,,-34.56982,538_2022,-37.83338938809041,2024.0,incumbent_running,-1.0,,,,,mirror
H-GA-09,House,GA,9,False,False,census_map,2022,R,,,-46.10865,538_2022,-38.00965337460795,2024.0,incumbent_running,-1.0,,,,,mirror
H-GA-10,House,GA,10,False,False,census_map,2022,R,,,-31.15672,538_2022,-26.103718565288794,2024.0,incumbent_running,-1.0,,,,,mirror
H-GA-11,House,GA,11,False,False,census_map,2022,R,,,-24.05728,538_2022,-33.756223564293336,2024.0,incumbent_running,-1.0,,,,,mirror
H-GA-12,House,GA,12,False,False,census_map,2022,R,,,-16.87351,538_2022,-20.638446255999717,2024.0,incumbent_running,-1.0,,,,,mirror
H-GA-13,House,GA,13,False,False,census_map,2022,D,,,52.45722,538_2022,43.66835182534001,2024.0,incumbent_running,1.0,,,,,mirror
H-GA-14,House,GA,14,False,False,census_map,2022,R,,,-45.16958,538_2022,-28.737589402572674,2024.0,incumbent_running,-1.0,,,,,mirror
H-HI-01,House,HI,1,False,False,census_map,2022,D,,,31.94248,538_2022,43.68312847207034,2024.0,incumbent_running,1.0,,,,,mirror
H-HI-02,House,HI,2,False,False,census_map,2022,D,,,31.68955,538_2022,36.28935544220406,2024.0,incumbent_running,1.0,,,,,mirror
H-ID-01,House,ID,1,False,False,census_map,2022,R,,,-45.50601,538_2022,-45.55424007275192,2024.0,incumbent_running,-1.0,,,,,mirror
H-ID-02,House,ID,2,False,False,census_map,2022,R,,,-26.67605,538_2022,-30.405289327593735,2024.0,incumbent_running,-1.0,,,,,mirror
H-IL-01,House,IL,1,False,False,census_map,2022,D,,,40.62955,538_2022,31.700404730385124,2024.0,incumbent_running,1.0,,,,,mirror
H-IL-02,House,IL,2,False,False,census_map,2022,D,,,36.84659,538_2022,35.113147462591826,2024.0,incumbent_running,1.0,,,,,mirror
H-IL-03,House,IL,3,False,False,census_map,2022,D,,,38.57446,538_2022,34.56530772427165,2024.0,incumbent_running,1.0,,,,,mirror
H-IL-04,House,IL,4,False,False,census_map,2022,D,,,43.97005,538_2022,40.22364774511135,2024.0,incumbent_running,1.0,,,,,mirror
H-IL-05,House,IL,5,False,False,census_map,2022,D,,,35.36106,538_2022,37.94156031486544,2024.0,incumbent_running,1.0,,,,,mirror
H-IL-06,House,IL,6,False,False,census_map,2022,D,,,6.162658,538_2022,8.414243941694764,2024.0,incumbent_running,1.0,,,,,mirror
H-IL-07,House,IL,7,False,False,census_map,2022,D,,,70.00192,538_2022,66.5576151404444,2024.0,incumbent_running,1.0,,,,,mirror
H-IL-08,House,IL,8,False,False,census_map,2022,D,,,11.67969,538_2022,14.111121742946423,2024.0,incumbent_running,1.0,,,,,mirror
H-IL-09,House,IL,9,False,False,census_map,2022,D,,,37.83539,538_2022,36.77854250534193,2024.0,incumbent_running,1.0,,,,,mirror
H-IL-10,House,IL,10,False,False,census_map,2022,D,,,20.95613,538_2022,19.9416398826693,2024.0,incumbent_running,1.0,,,,,mirror
H-IL-11,House,IL,11,False,False,census_map,2022,D,,,9.961191,538_2022,11.175087020829388,2024.0,incumbent_running,1.0,,,,,mirror
H-IL-12,House,IL,12,False,False,census_map,2022,R,,,-46.41387,538_2022,-48.38546469402578,2024.0,incumbent_running,-1.0,,,,,mirror
H-IL-13,House,IL,13,False,False,census_map,2022,D,,,6.505558,538_2022,16.21305007587253,2024.0,incumbent_running,1.0,,,,,mirror
H-IL-14,House,IL,14,False,False,census_map,2022,D,,,6.49219,538_2022,10.206981068035525,2024.0,incumbent_running,1.0,,,,,mirror
H-IL-15,House,IL,15,False,False,census_map,2022,R,,,-42.4285,538_2022,,,incumbent_running,-1.0,,,,,mirror
H-IL-16,House,IL,16,False,False,census_map,2022,R,,,-25.93611,538_2022,,,incumbent_running,-1.0,,,,,mirror
H-IL-17,House,IL,17,False,False,census_map,2022,D,,,3.546824,538_2022,8.85278811359597,2024.0,incumbent_running,1.0,,,,,mirror
H-IN-01,House,IN,1,False,False,census_map,2022,D,,,6.346558,538_2022,8.493661747071016,2024.0,incumbent_running,1.0,,,,,mirror
H-IN-02,House,IN,2,False,False,census_map,2022,R,,,-26.09934,538_2022,-28.133379494803442,2024.0,incumbent_running,-1.0,,,,,mirror
H-IN-03,House,IN,3,False,False,census_map,2022,R,,,-34.17117,538_2022,-33.633670262792144,2024.0,incumbent_running,-1.0,,,,,mirror
H-IN-04,House,IN,4,False,False,census_map,2022,R,,,-33.35265,538_2022,-33.90132727637941,2024.0,incumbent_running,-1.0,,,,,mirror
H-IN-05,House,IN,5,False,False,census_map,2022,R,,,-21.72354,538_2022,-18.579692876471306,2024.0,incumbent_running,-1.0,,,,,mirror
H-IN-06,House,IN,6,False,False,census_map,2022,R,,,-36.74424,538_2022,-32.2366143870134,2024.0,incumbent_running,-1.0,,,,,mirror
H-IN-07,House,IN,7,False,False,census_map,2022,D,,,36.96736,538_2022,39.38849449564208,2024.0,incumbent_running,1.0,,,,,mirror
H-IN-08,House,IN,8,False,False,census_map,2022,R,,,-35.82268,538_2022,-38.509669903872606,2024.0,incumbent_running,-1.0,,,,,mirror
H-IN-09,House,IN,9,False,False,census_map,2022,R,,,-30.11917,538_2022,-31.666753437574116,2024.0,incumbent_running,-1.0,,,,,mirror
H-IA-01,House,IA,1,False,False,census_map,2022,R,,,-3.941143,538_2022,-0.19295881452286778,2024.0,incumbent_running,-1.0,,,,,mirror
H-IA-02,House,IA,2,False,False,census_map,2022,R,,,-5.458609,538_2022,-15.557653827525307,2024.0,incumbent_running,-1.0,,,,,mirror
H-IA-03,House,IA,3,False,False,census_map,2022,R,,,-2.251076,538_2022,-3.8226710744602244,2024.0,incumbent_running,-1.0,,,,,mirror
H-IA-04,House,IA,4,False,False,census_map,2022,R,,,-27.31831,538_2022,-34.333536637562055,2024.0,incumbent_running,-1.0,,,,,mirror
H-KS-01,House,KS,1,False,False,census_map,2022,R,,,-34.44489,538_2022,-38.27391627088136,2024.0,incumbent_running,-1.0,,,,,mirror
H-KS-02,House,KS,2,False,False,census_map,2022,R,,,-20.91362,538_2022,-18.880238868282248,2024.0,incumbent_running,-1.0,,,,,mirror
H-KS-03,House,KS,3,False,False,census_map,2022,D,,,-3.199989,538_2022,10.754500639407311,2024.0,incumbent_running,1.0,,,,,mirror
H-KS-04,House,KS,4,False,False,census_map,2022,R,,,-27.53099,538_2022,-30.099607665758754,2024.0,incumbent_running,-1.0,,,,,mirror
H-KY-01,House,KY,1,False,False,census_map,2022,R,,,-43.40771,538_2022,-49.431934084841814,2024.0,incumbent_running,-1.0,,,,,mirror
H-KY-02,House,KY,2,False,False,census_map,2022,R,,,-37.63331,538_2022,-46.203466770756535,2024.0,incumbent_running,-1.0,,,,,mirror
H-KY-03,House,KY,3,False,False,census_map,2022,D,,,20.47426,538_2022,23.908388844154892,2024.0,incumbent_running,1.0,,,,,mirror
H-KY-04,House,KY,4,False,False,census_map,2022,R,,,-33.69741,538_2022,,,incumbent_running,-1.0,,,,,mirror
H-KY-05,House,KY,5,False,False,census_map,2022,R,,,-59.78954,538_2022,,,incumbent_running,-1.0,,,,,mirror
H-KY-06,House,KY,6,False,False,census_map,2022,R,,,-13.11894,538_2022,-26.074331183820235,2024.0,incumbent_running,-1.0,,,,,mirror
H-LA-01,House,LA,1,False,False,litigation,2022,R,,,-40.22432,538_2022,,,incumbent_running,-1.0,,,,,mirror
H-LA-02,House,LA,2,False,False,litigation,2022,D,,,55.67659,538_2022,,,incumbent_running,1.0,,,,,mirror
H-LA-03,House,LA,3,False,False,litigation,2022,R,,,-42.79865,538_2022,,,incumbent_running,-1.0,,,,,mirror
H-LA-04,House,LA,4,False,False,litigation,2022,R,,,-33.83772,538_2022,,,incumbent_running,-1.0,,,,,mirror
H-LA-05,House,LA,5,False,False,litigation,2022,R,,,-34.14235,538_2022,,,incumbent_running,-1.0,,,,,mirror
H-LA-06,House,LA,6,False,False,litigation,2022,D,,,-22.77275,538_2022,,,incumbent_running,1.0,,,,,mirror
H-ME-01,House,ME,1,False,False,census_map,2022,D,,,16.01526,538_2022,22.313115409019346,2024.0,incumbent_running,1.0,,,,,mirror
H-ME-02,House,ME,2,False,False,census_map,2022,D,,,-10.29927,538_2022,0.18751259123803976,2024.0,incumbent_running,1.0,,,,,mirror
H-MD-01,House,MD,1,False,False,census_map,2022,R,,,-25.06874,538_2022,-22.034098582039164,2024.0,incumbent_running,-1.0,,,,,mirror
H-MD-02,House,MD,2,False,False,census_map,2022,D,,,10.99566,538_2022,18.638024501421548,2024.0,incumbent_running,1.0,,,,,mirror
H-MD-03,House,MD,3,False,False,census_map,2022,D,,,14.18876,538_2022,21.416583166332657,2024.0,incumbent_running,1.0,,,,,mirror
H-MD-04,House,MD,4,False,False,census_map,2022,D,,,74.8873,538_2022,77.1827139535742,2024.0,incumbent_running,1.0,,,,,mirror
H-MD-05,House,MD,5,False,False,census_map,2022,D,,,27.6208,538_2022,35.746040998272825,2024.0,incumbent_running,1.0,,,,,mirror
H-MD-06,House,MD,6,False,False,census_map,2022,D,,,-0.9533374,538_2022,6.323017120523389,2024.0,incumbent_running,1.0,,,,,mirror
H-MD-07,House,MD,7,False,False,census_map,2022,D,,,54.88766,538_2022,63.09088465104416,2024.0,incumbent_running,1.0,,,,,mirror
H-MD-08,House,MD,8,False,False,census_map,2022,D,,,52.80023,538_2022,56.34202776609172,2024.0,incumbent_running,1.0,,,,,mirror
H-MA-01,House,MA,1,False,False,census_map,2022,D,,,21.63849,538_2022,,,incumbent_running,1.0,,,,,mirror
H-MA-02,House,MA,2,False,False,census_map,2022,D,,,29.77662,538_2022,,,incumbent_running,1.0,,,,,mirror
H-MA-03,House,MA,3,False,False,census_map,2022,D,,,26.28056,538_2022,,,incumbent_running,1.0,,,,,mirror
H-MA-04,House,MA,4,False,False,census_map,2022,D,,,27.75373,538_2022,,,incumbent_running,1.0,,,,,mirror
H-MA-05,House,MA,5,False,False,census_map,2022,D,,,49.79446,538_2022,,,incumbent_running,1.0,,,,,mirror
H-MA-06,House,MA,6,False,False,census_map,2022,D,,,26.04362,538_2022,,,incumbent_running,1.0,,,,,mirror
H-MA-07,House,MA,7,False,False,census_map,2022,D,,,73.41786,538_2022,,,incumbent_running,1.0,,,,,mirror
H-MA-08,House,MA,8,False,False,census_map,2022,D,,,34.05433,538_2022,41.0779396544861,2024.0,incumbent_running,1.0,,,,,mirror
H-MA-09,House,MA,9,False,False,census_map,2022,D,,,16.72963,538_2022,13.017394908097096,2024.0,incumbent_running,1.0,,,,,mirror
H-MI-01,House,MI,1,False,False,census_map,2022,R,,,-23.75547,538_2022,-21.234366617489265,2024.0,incumbent_running,-1.0,,,,,mirror
H-MI-02,House,MI,2,False,False,census_map,2022,R,,,-31.02191,538_2022,-33.448372418620934,2024.0,incumbent_running,-1.0,,,,,mirror
H-MI-03,House,MI,3,False,False,census_map,2022,D,,,2.744693,538_2022,9.887958047914651,2024.0,incumbent_running,1.0,,,,,mirror
H-MI-04,House,MI,4,False,False,census_map,2022,R,,,-8.712607,538_2022,-11.70643727234939,2024.0,incumbent_running,-1.0,,,,,mirror
H-MI-05,House,MI,5,False,False,census_map,2022,R,,,-27.44294,538_2022,-32.92044423191404,2024.0,incumbent_running,-1.0,,,,,mirror
H-MI-06,House,MI,6,False,False,census_map,2022,D,,,21.13806,538_2022,27.02457059910965,2024.0,incumbent_running,1.0,,,,,mirror
H-MI-07,House,MI,7,False,False,census_map,2022,R,,,-3.487974,538_2022,-3.7175768220850145,2024.0,incumbent_running,-1.0,,,,,mirror
H-MI-08,House,MI,8,False,False,census_map,2022,D,,,-1.201374,538_2022,6.639095086603042,2024.0,incumbent_running,1.0,,,,,mirror
H-MI-09,House,MI,9,False,False,census_map,2022,R,,,-33.46297,538_2022,-37.25776207825935,2024.0,incumbent_running,-1.0,,,,,mirror
H-MI-10,House,MI,10,False,False,census_map,2022,R,,,-5.404607,538_2022,-6.1307168334897,2024.0,incumbent_running,-1.0,,,,,mirror
H-MI-11,House,MI,11,False,False,census_map,2022,D,,,14.86063,538_2022,18.607579393871738,2024.0,incumbent_running,1.0,,,,,mirror
H-MI-12,House,MI,12,False,False,census_map,2022,D,,,43.95626,538_2022,44.25431706827254,2024.0,incumbent_running,1.0,,,,,mirror
H-MI-13,House,MI,13,False,False,census_map,2022,D,,,45.90776,538_2022,44.107396572039704,2024.0,incumbent_running,1.0,,,,,mirror
H-MN-01,House,MN,1,False,False,census_map,2022,R,,,-13.93831,538_2022,-17.09582336911184,2024.0,incumbent_running,-1.0,,,,,mirror
H-MN-02,House,MN,2,False,False,census_map,2022,D,,,1.158694,538_2022,13.45014245696936,2024.0,incumbent_running,1.0,,,,,mirror
H-MN-03,House,MN,3,False,False,census_map,2022,D,,,14.35376,538_2022,16.97280731624265,2024.0,incumbent_running,1.0,,,,,mirror
H-MN-04,House,MN,4,False,False,census_map,2022,D,,,32.09563,538_2022,34.672878299814705,2024.0,incumbent_running,1.0,,,,,mirror
H-MN-05,House,MN,5,False,False,census_map,2022,D,,,57.11019,538_2022,49.80899993448171,2024.0,incumbent_running,1.0,,,,,mirror
H-MN-06,House,MN,6,False,False,census_map,2022,R,,,-22.85337,538_2022,-25.032413276478046,2024.0,incumbent_running,-1.0,,,,,mirror
H-MN-07,House,MN,7,False,False,census_map,2022,R,,,-36.62228,538_2022,-41.002535146347086,2024.0,incumbent_running,-1.0,,,,,mirror
H-MN-08,House,MN,8,False,False,census_map,2022,R,,,-14.93217,538_2022,-16.075198170804015,2024.0,incumbent_running,-1.0,,,,,mirror
H-MS-01,House,MS,1,False,False,census_map,2022,R,,,-34.88673,538_2022,-39.61834110763505,2024.0,incumbent_running,-1.0,,,,,mirror
H-MS-02,House,MS,2,False,False,census_map,2022,D,,,23.13287,538_2022,24.030386172130207,2024.0,incumbent_running,1.0,,,,,mirror
H-MS-03,House,MS,3,False,False,census_map,2022,R,,,-28.1043,538_2022,,,incumbent_running,-1.0,,,,,mirror
H-MS-04,House,MS,4,False,False,census_map,2022,R,,,-41.94463,538_2022,-47.89972014604663,2024.0,incumbent_running,-1.0,,,,,mirror
H-MO-01,House,MO,1,False,False,census_map,2022,D,,,52.22362,538_2022,57.559110214310124,2024.0,incumbent_running,1.0,,,,,mirror
H-MO-02,House,MO,2,False,False,census_map,2022,R,,,-15.00905,538_2022,-11.99555547255784,2024.0,incumbent_running,-1.0,,,,,mirror
H-MO-03,House,MO,3,False,False,census_map,2022,R,,,-32.49918,538_2022,-26.012133627883387,2024.0,incumbent_running,-1.0,,,,,mirror
H-MO-04,House,MO,4,False,False,census_map,2022,R,,,-44.84298,538_2022,-44.65949859993,2024.0,incumbent_running,-1.0,,,,,mirror
H-MO-05,House,MO,5,False,False,census_map,2022,D,,,19.79319,538_2022,23.78309819268579,2024.0,incumbent_running,1.0,,,,,mirror
H-MO-06,House,MO,6,False,False,census_map,2022,R,,,-42.23775,538_2022,-43.7678911260015,2024.0,incumbent_running,-1.0,,,,,mirror
H-MO-07,House,MO,7,False,False,census_map,2022,R,,,-47.12061,538_2022,-45.281459654006326,2024.0,incumbent_running,-1.0,,,,,mirror
H-MO-08,House,MO,8,False,False,census_map,2022,R,,,-55.91422,538_2022,-54.372247685809285,2024.0,incumbent_running,-1.0,,,,,mirror
H-MT-01,House,MT,1,False,False,census_map,2022,R,,,-9.988488,538_2022,-7.678749852606238,2024.0,incumbent_running,-1.0,,,,,mirror
H-MT-02,House,MT,2,False,False,census_map,2022,R,,,-29.68839,538_2022,-31.9798943911158,2024.0,incumbent_running,-1.0,,,,,mirror
H-NE-01,House,NE,1,False,False,census_map,2022,R,,,-16.99171,538_2022,-20.208167097677666,2024.0,incumbent_running,-1.0,,,,,mirror
H-NE-02,House,NE,2,False,False,census_map,2022,R,,,-2.553308,538_2022,-1.8530233622725873,2024.0,incumbent_running,-1.0,,,,,mirror
H-NE-03,House,NE,3,False,False,census_map,2022,R,,,-56.56481,538_2022,-60.83668023040744,2024.0,incumbent_running,-1.0,,,,,mirror
H-NV-01,House,NV,1,False,False,census_map,2022,D,,,4.010317,538_2022,7.505442878423295,2024.0,incumbent_running,1.0,,,,,mirror
H-NV-02,House,NV,2,False,False,census_map,2022,R,,,-13.49788,538_2022,,,incumbent_running,-1.0,,,,,mirror
H-NV-03,House,NV,3,False,False,census_map,2022,D,,,1.756517,538_2022,2.744449337787472,2024.0,incumbent_running,1.0,,,,,mirror
H-NV-04,House,NV,4,False,False,census_map,2022,D,,,5.27305,538_2022,8.086849725772574,2024.0,incumbent_running,1.0,,,,,mirror
H-NH-01,House,NH,1,False,False,census_map,2022,D,,,-1.061432,538_2022,8.063129603920771,2024.0,incumbent_running,1.0,,,,,mirror
H-NH-02,House,NH,2,False,False,census_map,2022,D,,,2.242335,538_2022,5.960137360782149,2024.0,incumbent_running,1.0,,,,,mirror
H-NJ-01,House,NJ,1,False,False,census_map,2022,D,,,19.31425,538_2022,17.841356007311802,2024.0,incumbent_running,1.0,,,,,mirror
H-NJ-02,House,NJ,2,False,False,census_map,2022,R,,,-9.870381,538_2022,-16.9067865023411,2024.0,incumbent_running,-1.0,,,,,mirror
H-NJ-03,House,NJ,3,False,False,census_map,2022,D,,,8.208885,538_2022,8.585342201515736,2024.0,incumbent_running,1.0,,,,,mirror
H-NJ-04,House,NJ,4,False,False,census_map,2022,R,,,-28.64708,538_2022,-35.72780218553731,2024.0,incumbent_running,-1.0,,,,,mirror
H-NJ-05,House,NJ,5,False,False,census_map,2022,D,,,6.075619,538_2022,11.278669980020368,2024.0,incumbent_running,1.0,,,,,mirror
H-NJ-06,House,NJ,6,False,False,census_map,2022,D,,,14.54368,538_2022,15.725712178239661,2024.0,incumbent_running,1.0,,,,,mirror
H-NJ-07,House,NJ,7,False,False,census_map,2022,R,,,-3.991048,538_2022,-5.402435801742243,2024.0,incumbent_running,-1.0,,,,,mirror
H-NJ-08,House,NJ,8,False,False,census_map,2022,D,,,45.80719,538_2022,24.5379005412548,2024.0,incumbent_running,1.0,,,,,mirror
H-NJ-09,House,NJ,9,False,False,census_map,2022,D,,,16.24119,538_2022,4.892748615828765,2024.0,incumbent_running,1.0,,,,,mirror
H-NJ-10,House,NJ,10,False,False,census_map,2022,D,,,57.45015,538_2022,52.17784174309112,2024.0,incumbent_running,1.0,,,,,mirror
H-NJ-11,House,NJ,11,False,False,census_map,2022,D,,,10.15989,538_2022,14.736978445769026,2024.0,incumbent_running,1.0,,,,,mirror
H-NJ-12,House,NJ,12,False,False,census_map,2022,D,,,29.25628,538_2022,24.761860349437285,2024.0,incumbent_running,1.0,,,,,mirror
H-NM-01,House,NM,1,False,False,census_map,2022,D,,,11.53571,538_2022,12.737309226285127,2024.0,incumbent_running,1.0,,,,,mirror
H-NM-02,House,NM,2,False,False,census_map,2022,D,,,3.89851,538_2022,4.157966546309773,2024.0,incumbent_running,1.0,,,,,mirror
H-NM-03,House,NM,3,False,False,census_map,2022,D,,,4.77611,538_2022,12.5705984529881,2024.0,incumbent_running,1.0,,,,,mirror
H-NY-01,House,NY,1,False,False,census_map,2022,R,,,-5.411073,538_2022,-10.423067544501336,2024.0,incumbent_running,-1.0,,,,,mirror
H-NY-02,House,NY,2,False,False,census_map,2022,R,,,-6.004039,538_2022,-19.526649899604017,2024.0,incumbent_running,-1.0,,,,,mirror
H-NY-03,House,NY,3,False,False,census_map,2022,D,,,3.998761,538_2022,3.568477985481543,2024.0,incumbent_running,1.0,,,,,mirror
H-NY-04,House,NY,4,False,False,census_map,2022,D,,,10.45113,538_2022,2.290968741844594,2024.0,incumbent_running,1.0,,,,,mirror
H-NY-05,House,NY,5,False,False,census_map,2022,D,,,61.72219,538_2022,45.69682742431041,2024.0,incumbent_running,1.0,,,,,mirror
H-NY-06,House,NY,6,False,False,census_map,2022,D,,,30.65913,538_2022,22.97347626956565,2024.0,incumbent_running,1.0,,,,,mirror
H-NY-07,House,NY,7,False,False,census_map,2022,D,,,62.81329,538_2022,39.44588646879585,2024.0,incumbent_running,1.0,,,,,mirror
H-NY-08,House,NY,8,False,False,census_map,2022,D,,,52.5668,538_2022,50.567907633465,2024.0,incumbent_running,1.0,,,,,mirror
H-NY-09,House,NY,9,False,False,census_map,2022,D,,,51.08659,538_2022,47.988310740885275,2024.0,incumbent_running,1.0,,,,,mirror
H-NY-10,House,NY,10,False,False,census_map,2022,D,,,69.12236,538_2022,66.25300523264036,2024.0,incumbent_running,1.0,,,,,mirror
H-NY-11,House,NY,11,False,False,census_map,2022,R,,,-10.69397,538_2022,-28.08755654725516,2024.0,incumbent_running,-1.0,,,,,mirror
H-NY-12,House,NY,12,False,False,census_map,2022,D,,,67.81519,538_2022,60.853033763347945,2024.0,incumbent_running,1.0,,,,,mirror
H-NY-13,House,NY,13,False,False,census_map,2022,D,,,77.10876,538_2022,66.66483995743768,2024.0,incumbent_running,1.0,,,,,mirror
H-NY-14,House,NY,14,False,False,census_map,2022,D,,,56.82389,538_2022,38.24233579674995,2024.0,incumbent_running,1.0,,,,,mirror
H-NY-15,House,NY,15,False,False,census_map,2022,D,,,70.77099,538_2022,55.16350565475321,2024.0,incumbent_running,1.0,,,,,mirror
H-NY-16,House,NY,16,False,False,census_map,2022,D,,,40.4464,538_2022,43.02492141379774,2024.0,incumbent_running,1.0,,,,,mirror
H-NY-17,House,NY,17,False,False,census_map,2022,R,,,6.631194,538_2022,-6.309748411100692,2024.0,incumbent_running,-1.0,,,,,mirror
H-NY-18,House,NY,18,False,False,census_map,2022,D,,,2.797194,538_2022,14.33812677754208,2024.0,incumbent_running,1.0,,,,,mirror
H-NY-19,House,NY,19,False,False,census_map,2022,D,,,-0.9979393,538_2022,2.214695913267242,2024.0,incumbent_running,1.0,,,,,mirror
H-NY-20,House,NY,20,False,False,census_map,2022,D,,,13.70726,538_2022,20.2505547999141,2024.0,incumbent_running,1.0,,,,,mirror
H-NY-21,House,NY,21,False,False,census_map,2022,R,,,-16.49541,538_2022,-23.964261128958235,2024.0,incumbent_running,-1.0,,,,,mirror
H-NY-22,House,NY,22,False,False,census_map,2022,D,,,2.205094,538_2022,9.112031659902684,2024.0,incumbent_running,1.0,,,,,mirror
H-NY-23,House,NY,23,False,False,census_map,2022,R,,,-22.87477,538_2022,-31.569194396076618,2024.0,incumbent_running,-1.0,,,,,mirror
H-NY-24,House,NY,24,False,False,census_map,2022,R,,,-21.65131,538_2022,-31.315472430976584,2024.0,incumbent_running,-1.0,,,,,mirror
H-NY-25,House,NY,25,False,False,census_map,2022,D,,,13.41073,538_2022,21.62309051029718,2024.0,incumbent_running,1.0,,,,,mirror
H-NY-26,House,NY,26,False,False,census_map,2022,D,,,17.82643,538_2022,30.30121006896895,2024.0,incumbent_running,1.0,,,,,mirror
H-NC-01,House,NC,1,False,True,new_map,manual,D,,,-4.815506,state_fallback_new_map,,,incumbent_running,1.0,,,,,mirror
H-NC-02,House,NC,2,False,True,new_map,manual,D,,,-4.815506,state_fallback_new_map,,,incumbent_running,1.0,,,,,mirror
H-NC-03,House,NC,3,False,True,new_map,manual,R,,,-4.815506,state_fallback_new_map,,,incumbent_running,-1.0,,,,,mirror
H-NC-04,House,NC,4,False,True,new_map,manual,D,,,-4.815506,state_fallback_new_map,,,incumbent_running,1.0,,,,,mirror
H-NC-05,House,NC,5,False,True,new_map,manual,R,,,-4.815506,state_fallback_new_map,,,incumbent_running,-1.0,,,,,mirror
H-NC-06,House,NC,6,False,True,new_map,manual,R,,,-4.815506,state_fallback_new_map,,,incumbent_running,-1.0,,,,,mirror
H-NC-07,House,NC,7,False,True,new_map,manual,R,,,-4.815506,state_fallback_new_map,,,incumbent_running,-1.0,,,,,mirror
H-NC-08,House,NC,8,False,True,new_map,manual,R,,,-4.815506,state_fallback_new_map,,,incumbent_running,-1.0,,,,,mirror
H-NC-09,House,NC,9,False,True,new_map,manual,R,,,-4.815506,state_fallback_new_map,,,incumbent_running,-1.0,,,,,mirror
H-NC-10,House,NC,10,False,True,new_map,manual,R,,,-4.815506,state_fallback_new_map,,,incumbent_running,-1.0,,,,,mirror
H-NC-11,House,NC,11,False,True,new_map,manual,R,,,-4.815506,state_fallback_new_map,,,incumbent_running,-1.0,,,,,mirror
H-NC-12,House,NC,12,False,True,new_map,manual,D,,,-4.815506,state_fallback_new_map,,,incumbent_running,1.0,,,,,mirror
H-NC-13,House,NC,13,False,True,new_map,manual,R,,,-4.815506,state_fallback_new_map,,,incumbent_running,-1.0,,,,,mirror
H-NC-14,House,NC,14,False,True,new_map,manual,R,,,-4.815506,state_fallback_new_map,,,incumbent_running,-1.0,,,,,mirror
H-ND-01,House,ND,1,False,False,census_map,2022,R,,,-37.06978,538_2022,-38.87577928051874,2024.0,incumbent_running,-1.0,,,,,mirror
H-OH-01,House,OH,1,False,True,new_map,manual,D,,,-12.10644,state_fallback_new_map,,,incumbent_running,1.0,,,,,mirror
H-OH-02,House,OH,2,False,True,new_map,manual,R,,,-12.10644,state_fallback_new_map,,,incumbent_running,-1.0,,,,,mirror
H-OH-03,House,OH,3,False,True,new_map,manual,D,,,-12.10644,state_fallback_new_map,,,incumbent_running,1.0,,,,,mirror
H-OH-04,House,OH,4,False,True,new_map,manual,R,,,-12.10644,state_fallback_new_map,,,incumbent_running,-1.0,,,,,mirror
H-OH-05,House,OH,5,False,True,new_map,manual,R,,,-12.10644,state_fallback_new_map,,,incumbent_running,-1.0,,,,,mirror
H-OH-06,House,OH,6,False,True,new_map,manual,R,,,-12.10644,state_fallback_new_map,,,incumbent_running,-1.0,,,,,mirror
H-OH-07,House,OH,7,False,True,new_map,manual,R,,,-12.10644,state_fallback_new_map,,,incumbent_running,-1.0,,,,,mirror
H-OH-08,House,OH,8,False,True,new_map,manual,R,,,-12.10644,state_fallback_new_map,,,incumbent_running,-1.0,,,,,mirror
H-OH-09,House,OH,9,False,True,new_map,manual,D,,,-12.10644,state_fallback_new_map,,,incumbent_running,1.0,,,,,mirror
H-OH-10,House,OH,10,False,True,new_map,manual,R,,,-12.10644,state_fallback_new_map,,,incumbent_running,-1.0,,,,,mirror
H-OH-11,House,OH,11,False,True,new_map,manual,D,,,-12.10644,state_fallback_new_map,,,incumbent_running,1.0,,,,,mirror
H-OH-12,House,OH,12,False,True,new_map,manual,R,,,-12.10644,state_fallback_new_map,,,incumbent_running,-1.0,,,,,mirror
H-OH-13,House,OH,13,False,True,new_map,manual,D,,,-12.10644,state_fallback_new_map,,,incumbent_running,1.0,,,,,mirror
H-OH-14,House,OH,14,False,True,new_map,manual,R,,,-12.10644,state_fallback_new_map,,,incumbent_running,-1.0,,,,,mirror
H-OH-15,House,OH,15,False,True,new_map,manual,R,,,-12.10644,state_fallback_new_map,,,incumbent_running,-1.0,,,,,mirror
H-OK-01,House,OK,1,False,False,census_map,2022,R,,,-28.18958,538_2022,-25.89719712896919,2024.0,incumbent_running,-1.0,,,,,mirror
H-OK-02,House,OK,2,False,False,census_map,2022,R,,,-54.82804,538_2022,-52.73171871349583,2024.0,incumbent_running,-1.0,,,,,mirror
H-OK-03,House,OK,3,False,False,census_map,2022,R,,,-46.74454,538_2022,,,incumbent_running,-1.0,,,,,mirror
H-OK-04,House,OK,4,False,False,census_map,2022,R,,,-35.24428,538_2022,-36.97585105376331,2024.0,incumbent_running,-1.0,,,,,mirror
H-OK-05,House,OK,5,False,False,census_map,2022,R,,,-23.90774,538_2022,-21.386583729651846,2024.0,incumbent_running,-1.0,,,,,mirror
H-OR-01,House,OR,1,False,False,census_map,2022,D,,,34.3844,538_2022,40.526036177061336,2024.0,incumbent_running,1.0,,,,,mirror
H-OR-02,House,OR,2,False,False,census_map,2022,R,,,-27.74686,538_2022,-31.08603683187809,2024.0,incumbent_running,-1.0,,,,,mirror
H-OR-03,House,OR,3,False,False,census_map,2022,D,,,43.01587,538_2022,42.48629508118277,2024.0,incumbent_running,1.0,,,,,mirror
H-OR-04,House,OR,4,False,False,census_map,2022,D,,,8.922438,538_2022,7.7705173392472915,2024.0,incumbent_running,1.0,,,,,mirror
H-OR-05,House,OR,5,False,False,census_map,2022,D,,,3.332605,538_2022,2.727433570981802,2024.0,incumbent_running,1.0,,,,,mirror
H-OR-06,House,OR,6,False,False,census_map,2022,D,,,7.193871,538_2022,6.852668367422169,2024.0,incumbent_running,1.0,,,,,mirror
H-PA-01,House,PA,1,False,False,census_map,2022,R,,,-0.2395934,538_2022,-12.806193788948534,2024.0,incumbent_running,-1.0,,,,,mirror
H-PA-02,House,PA,2,False,False,census_map,2022,D,,,41.22441,538_2022,42.92112777904857,2024.0,incumbent_running,1.0,,,,,mirror
H-PA-03,House,PA,3,False,False,census_map,2022,D,,,77.43448,538_2022,,,incumbent_running,1.0,,,,,mirror
H-PA-04,House,PA,4,False,False,census_map,2022,D,,,13.55191,538_2022,18.134978914346817,2024.0,incumbent_running,1.0,,,,,mirror
H-PA-05,House,PA,5,False,False,census_map,2022,D,,,27.68171,538_2022,30.576992945777825,2024.0,incumbent_running,1.0,,,,,mirror
H-PA-06,House,PA,6,False,False,census_map,2022,D,,,9.230706,538_2022,12.399615515797962,2024.0,incumbent_running,1.0,,,,,mirror
H-PA-07,House,PA,7,False,False,census_map,2022,R,,,-4.155027,538_2022,-1.0071557149020407,2024.0,incumbent_running,-1.0,,,,,mirror
H-PA-08,House,PA,8,False,False,census_map,2022,R,,,-8.123094,538_2022,-1.6235840383926217,2024.0,incumbent_running,-1.0,,,,,mirror
H-PA-09,House,PA,9,False,False,census_map,2022,R,,,-40.82453,538_2022,-41.01982207359566,2024.0,incumbent_running,-1.0,,,,,mirror
H-PA-10,House,PA,10,False,False,census_map,2022,R,,,-9.413727,538_2022,-1.2642826002891638,2024.0,incumbent_running,-1.0,,,,,mirror
H-PA-11,House,PA,11,False,False,census_map,2022,R,,,-26.02409,538_2022,-25.794110281592708,2024.0,incumbent_running,-1.0,,,,,mirror
H-PA-12,House,PA,12,False,False,census_map,2022,D,,,15.15441,538_2022,12.823740834350403,2024.0,incumbent_running,1.0,,,,,mirror
H-PA-13,House,PA,13,False,False,census_map,2022,R,,,-48.95369,538_2022,-48.399022356337824,2024.0,incumbent_running,-1.0,,,,,mirror
H-PA-14,House,PA,14,False,False,census_map,2022,R,,,-35.09616,538_2022,-33.14646458382428,2024.0,incumbent_running,-1.0,,,,,mirror
H-PA-15,House,PA,15,False,False,census_map,2022,R,,,-40.12046,538_2022,-42.93134580660033,2024.0,incumbent_running,-1.0,,,,,mirror
H-PA-16,House,PA,16,False,False,census_map,2022,R,,,-24.43703,538_2022,-27.30556546557259,2024.0,incumbent_running,-1.0,,,,,mirror
H-PA-17,House,PA,17,False,False,census_map,2022,D,,,0.6665065,538_2022,7.751287887863896,2024.0,incumbent_running,1.0,,,,,mirror
H-RI-01,House,RI,1,False,False,census_map,2022,D,,,32.00424,538_2022,31.028681518465252,2024.0,incumbent_running,1.0,,,,,mirror
H-RI-02,House,RI,2,False,False,census_map,2022,D,,,16.15041,538_2022,16.721572794899046,2024.0,incumbent_running,1.0,,,,,mirror
H-SC-01,House,SC,1,False,False,census_map,2022,R,,,-17.22457,538_2022,-16.613055527833012,2024.0,incumbent_running,-1.0,,,,,mirror
H-SC-02,House,SC,2,False,False,census_map,2022,R,,,-19.86564,538_2022,-19.288458561436585,2024.0,incumbent_running,-1.0,,,,,mirror
H-SC-03,House,SC,3,False,False,census_map,2022,R,,,-44.16833,538_2022,-46.35418919971273,2024.0,incumbent_running,-1.0,,,,,mirror
H-SC-04,House,SC,4,False,False,census_map,2022,R,,,-26.80227,538_2022,-22.49909068340194,2024.0,incumbent_running,-1.0,,,,,mirror
H-SC-05,House,SC,5,False,False,census_map,2022,R,,,-25.75934,538_2022,-27.1746116541322,2024.0,incumbent_running,-1.0,,,,,mirror
H-SC-06,House,SC,6,False,False,census_map,2022,D,,,24.6458,538_2022,22.77818267386111,2024.0,incumbent_running,1.0,,,,,mirror
H-SC-07,House,SC,7,False,False,census_map,2022,R,,,-25.89097,538_2022,-29.92042211114982,2024.0,incumbent_running,-1.0,,,,,mirror
H-SD-01,House,SD,1,False,False,census_map,2022,R,,,-32.0032,538_2022,-44.0889504755035,2024.0,incumbent_running,-1.0,,,,,mirror
H-TN-01,House,TN,1,False,False,census_map,2022,R,,,-60.55824,538_2022,-58.69309113595135,2024.0,incumbent_running,-1.0,,,,,mirror
H-TN-02,House,TN,2,False,False,census_map,2022,R,,,-36.0464,538_2022,-38.51609232859613,2024.0,incumbent_running,-1.0,,,,,mirror
H-TN-03,House,TN,3,False,False,census_map,2022,R,,,-37.66483,538_2022,-38.15795483090133,2024.0,incumbent_running,-1.0,,,,,mirror
H-TN-04,House,TN,4,False,False,census_map,2022,R,,,-45.6941,538_2022,-43.19196820481716,2024.0,incumbent_running,-1.0,,,,,mirror
H-TN-05,House,TN,5,False,False,census_map,2022,R,,,-15.4811,538_2022,-17.37886525058633,2024.0,incumbent_running,-1.0,,,,,mirror
H-TN-06,House,TN,6,False,False,census_map,2022,R,,,-35.15623,538_2022,-35.99749161106706,2024.0,incumbent_running,-1.0,,,,,mirror
H-TN-07,House,TN,7,False,False,census_map,2022,R,,,-20.80583,538_2022,-21.455667955965488,2024.0,incumbent_running,-1.0,,,,,mirror
H-TN-08,House,TN,8,False,False,census_map,2022,R,,,-43.43803,538_2022,-46.75323112107488,2024.0,incumbent_running,-1.0,,,,,mirror
H-TN-09,House,TN,9,False,False,census_map,2022,D,,,42.61397,538_2022,45.64578928311198,2024.0,incumbent_running,1.0,,,,,mirror
H-TX-01,House,TX,1,False,True,new_map,manual,R,,,-12.90278,state_fallback_new_map,,,incumbent_running,-1.0,,,,,mirror
H-TX-02,House,TX,2,False,True,new_map,manual,R,,,-12.90278,state_fallback_new_map,,,incumbent_running,-1.0,,,,,mirror
H-TX-03,House,TX,3,False,True,new_map,manual,R,,,-12.90278,state_fallback_new_map,,,incumbent_running,-1.0,,,,,mirror
H-TX-04,House,TX,4,False,True,new_map,manual,R,,,-12.90278,state_fallback_new_map,,,incumbent_running,-1.0,,,,,mirror
H-TX-05,House,TX,5,False,True,new_map,manual,R,,,-12.90278,state_fallback_new_map,,,incumbent_running,-1.0,,,,,mirror
H-TX-06,House,TX,6,False,True,new_map,manual,R,,,-12.90278,state_fallback_new_map,,,incumbent_running,-1.0,,,,,mirror
H-TX-07,House,TX,7,False,True,new_map,manual,D,,,-12.90278,state_fallback_new_map,,,incumbent_running,1.0,,,,,mirror
H-TX-08,House,TX,8,False,True,new_map,manual,R,,,-12.90278,state_fallback_new_map,,,incumbent_running,-1.0,,,,,mirror
H-TX-09,House,TX,9,False,True,new_map,manual,D,,,-12.90278,state_fallback_new_map,,,incumbent_running,1.0,,,,,mirror
H-TX-10,House,TX,10,False,True,new_map,manual,R,,,-12.90278,state_fallback_new_map,,,incumbent_running,-1.0,,,,,mirror
H-TX-11,House,TX,11,False,True,new_map,manual,R,,,-12.90278,state_fallback_new_map,,,incumbent_running,-1.0,,,,,mirror
H-TX-12,House,TX,12,False,True,new_map,manual,R,,,-12.90278,state_fallback_new_map,,,incumbent_running,-1.0,,,,,mirror
H-TX-13,House,TX,13,False,True,new_map,manual,R,,,-12.90278,state_fallback_new_map,,,incumbent_running,-1.0,,,,,mirror
H-TX-14,House,TX,14,False,True,new_map,manual,R,,,-12.90278,state_fallback_new_map,,,incumbent_running,-1.0,,,,,mirror
H-TX-15,House,TX,15,False,True,new_map,manual,R,,,-12.90278,state_fallback_new_map,,,incumbent_running,-1.0,,,,,mirror
H-TX-16,House,TX,16,False,True,new_map,manual,D,,,-12.90278,state_fallback_new_map,,,incumbent_running,1.0,,,,,mirror
H-TX-17,House,TX,17,False,True,new_map,manual,R,,,-12.90278,state_fallback_new_map,,,incumbent_running,-1.0,,,,,mirror
H-TX-18,House,TX,18,False,True,new_map,manual,D,,,-12.90278,state_fallback_new_map,,,incumbent_running,1.0,,,,,mirror
H-TX-19,House,TX,19,False,True,new_map,manual,R,,,-12.90278,state_fallback_new_map,,,incumbent_running,-1.0,,,,,mirror
H-TX-20,House,TX,20,False,True,new_map,manual,D,,,-12.90278,state_fallback_new_map,,,incumbent_running,1.0,,,,,mirror
H-TX-21,House,TX,21,False,True,new_map,manual,R,,,-12.90278,state_fallback_new_map,,,incumbent_running,-1.0,,,,,mirror
H-TX-22,House,TX,22,False,True,new_map,manual,R,,,-12.90278,state_fallback_new_map,,,incumbent_running,-1.0,,,,,mirror
H-TX-23,House,TX,23,False,True,new_map,manual,,,,-12.90278,state_fallback_new_map,,,open,0.0,,,,,mirror
H-TX-24,House,TX,24,False,True,new_map,manual,R,,,-12.90278,state_fallback_new_map,,,incumbent_running,-1.0,,,,,mirror
H-TX-25,House,TX,25,False,True,new_map,manual,R,,,-12.90278,state_fallback_new_map,,,incumbent_running,-1.0,,,,,mirror
H-TX-26,House,TX,26,False,True,new_map,manual,R,,,-12.90278,state_fallback_new_map,,,incumbent_running,-1.0,,,,,mirror
H-TX-27,House,TX,27,False,True,new_map,manual,R,,,-12.90278,state_fallback_new_map,,,incumbent_running,-1.0,,,,,mirror
H-TX-28,House,TX,28,False,True,new_map,manual,D,,,-12.90278,state_fallback_new_map,,,incumbent_running,1.0,,,,,mirror
H-TX-29,House,TX,29,False,True,new_map,manual,D,,,-12.90278,state_fallback_new_map,,,incumbent_running,1.0,,,,,mirror
H-TX-30,House,TX,30,False,True,new_map,manual,D,,,-12.90278,state_fallback_new_map,,,incumbent_running,1.0,,,,,mirror
H-TX-31,House,TX,31,False,True,new_map,manual,R,,,-12.90278,state_fallback_new_map,,,incumbent_running,-1.0,,,,,mirror
H-TX-32,House,TX,32,False,True,new_map,manual,D,,,-12.90278,state_fallback_new_map,,,incumbent_running,1.0,,,,,mirror
H-TX-33,House,TX,33,False,True,new_map,manual,D,,,-12.90278,state_fallback_new_map,,,incumbent_running,1.0,,,,,mirror
H-TX-34,House,TX,34,False,True,new_map,manual,D,,,-12.90278,state_fallback_new_map,,,incumbent_running,1.0,,,,,mirror
H-TX-35,House,TX,35,False,True,new_map,manual,D,,,-12.90278,state_fallback_new_map,,,incumbent_running,1.0,,,,,mirror
H-TX-36,House,TX,36,False,True,new_map,manual,R,,,-12.90278,state_fallback_new_map,,,incumbent_running,-1.0,,,,,mirror
H-TX-37,House,TX,37,False,True,new_map,manual,D,,,-12.90278,state_fallback_new_map,,,incumbent_running,1.0,,,,,mirror
H-TX-38,House,TX,38,False,True,new_map,manual,R,,,-12.90278,state_fallback_new_map,,,incumbent_running,-1.0,,,,,mirror
H-UT-01,House,UT,1,False,True,new_map,manual,R,,,-26.28323,state_fallback_new_map,,,incumbent_running,-1.0,,,,,mirror
H-UT-02,House,UT,2,False,True,new_map,manual,R,,,-26.28323,state_fallback_new_map,,,incumbent_running,-1.0,,,,,mirror
H-UT-03,House,UT,3,False,True,new_map,manual,R,,,-26.28323,state_fallback_new_map,,,incumbent_running,-1.0,,,,,mirror
H-UT-04,House,UT,4,False,True,new_map,manual,R,,,-26.28323,state_fallback_new_map,,,incumbent_running,-1.0,,,,,mirror
H-VT-01,House,VT,1,False,False,census_map,2022,D,,,27.77973,538_2022,32.49908732060145,2024.0,incumbent_running,1.0,,,,,mirror
H-VA-01,House,VA,1,False,False,litigation,2022,R,,,-14.65879,538_2022,-12.781631468388362,2024.0,incumbent_running,-1.0,,,,,mirror
H-VA-02,House,VA,2,False,False,litigation,2022,R,,,-6.693087,538_2022,-3.8419190510445205,2024.0,incumbent_running,-1.0,,,,,mirror
H-VA-03,House,VA,3,False,False,litigation,2022,D,,,31.38345,538_2022,40.11647693839318,2024.0,incumbent_running,1.0,,,,,mirror
H-VA-04,House,VA,4,False,False,litigation,2022,D,,,29.15058,538_2022,34.9049820509816,2024.0,incumbent_running,1.0,,,,,mirror
H-VA-05,House,VA,5,False,False,litigation,2022,R,,,-14.89142,538_2022,-14.990627272914999,2024.0,incumbent_running,-1.0,,,,,mirror
H-VA-06,House,VA,6,False,False,litigation,2022,R,,,-28.83605,538_2022,-28.6215892091045,2024.0,incumbent_running,-1.0,,,,,mirror
H-VA-07,House,VA,7,False,False,litigation,2022,D,,,1.365047,538_2022,2.6400771207579226,2024.0,incumbent_running,1.0,,,,,mirror
H-VA-08,House,VA,8,False,False,litigation,2022,D,,,48.51135,538_2022,46.86375890496595,2024.0,incumbent_running,1.0,,,,,mirror
H-VA-09,House,VA,9,False,False,litigation,2022,R,,,-47.12505,538_2022,-45.1600272344331,2024.0,incumbent_running,-1.0,,,,,mirror
H-VA-10,House,VA,10,False,False,litigation,2022,D,,,6.80068,538_2022,4.549020367446964,2024.0,incumbent_running,1.0,,,,,mirror
H-VA-11,House,VA,11,False,False,litigation,2022,D,,,32.06858,538_2022,33.82051069514805,2024.0,incumbent_running,1.0,,,,,mirror
H-WA-01,House,WA,1,False,False,census_map,2022,D,,,22.98378,538_2022,26.25063079149775,2024.0,incumbent_running,1.0,,,,,mirror
H-WA-02,House,WA,2,False,False,census_map,2022,D,,,15.78128,538_2022,27.97129858186922,2024.0,incumbent_running,1.0,,,,,mirror
H-WA-03,House,WA,3,False,False,census_map,2022,D,,,-11.21785,538_2022,3.8766157574824973,2024.0,incumbent_running,1.0,,,,,mirror
H-WA-04,House,WA,4,False,False,census_map,2022,R,,,-24.55468,538_2022,,,incumbent_running,-1.0,,,,,mirror
H-WA-05,House,WA,5,False,False,census_map,2022,R,,,-16.67488,538_2022,-21.28063913654143,2024.0,incumbent_running,-1.0,,,,,mirror
H-WA-06,House,WA,6,False,False,census_map,2022,D,,,9.750251,538_2022,13.606721845999495,2024.0,incumbent_running,1.0,,,,,mirror
H-WA-07,House,WA,7,False,False,census_map,2022,D,,,68.03828,538_2022,68.14031761306659,2024.0,incumbent_running,1.0,,,,,mirror
H-WA-08,House,WA,8,False,False,census_map,2022,D,,,0.2929841,538_2022,8.151303098657849,2024.0,incumbent_running,1.0,,,,,mirror
H-WA-09,House,WA,9,False,False,census_map,2022,D,,,38.41735,538_2022,33.00381671189912,2024.0,incumbent_running,1.0,,,,,mirror
H-WA-10,House,WA,10,False,False,census_map,2022,D,,,10.39405,538_2022,17.30815643999035,2024.0,incumbent_running,1.0,,,,,mirror
H-WV-01,House,WV,1,False,False,census_map,2022,R,,,-34.6786,538_2022,-40.2106767271048,2024.0,incumbent_running,-1.0,,,,,mirror
H-WV-02,House,WV,2,False,False,census_map,2022,R,,,-34.0883,538_2022,-41.538136767247636,2024.0,incumbent_running,-1.0,,,,,mirror
H-WI-01,House,WI,1,False,False,census_map,2022,R,,,-6.193876,538_2022,-10.194082232720788,2024.0,incumbent_running,-1.0,,,,,mirror
H-WI-02,House,WI,2,False,False,census_map,2022,D,,,36.34102,538_2022,40.23120477105872,2024.0,incumbent_running,1.0,,,,,mirror
H-WI-03,House,WI,3,False,False,census_map,2022,R,,,-8.386776,538_2022,-2.7242298169567363,2024.0,incumbent_running,-1.0,,,,,mirror
H-WI-04,House,WI,4,False,False,census_map,2022,D,,,47.85919,538_2022,52.35609455489676,2024.0,incumbent_running,1.0,,,,,mirror
H-WI-05,House,WI,5,False,False,census_map,2022,R,,,-28.14144,538_2022,-28.89933616466888,2024.0,incumbent_running,-1.0,,,,,mirror
H-WI-06,House,WI,6,False,False,census_map,2022,R,,,-20.01838,538_2022,-22.57134452739644,2024.0,incumbent_running,-1.0,,,,,mirror
H-WI-07,House,WI,7,False,False,census_map,2022,R,,,-23.92584,538_2022,-27.19176363433585,2024.0,incumbent_running,-1.0,,,,,mirror
H-WI-08,House,WI,8,False,False,census_map,2022,R,,,-19.91714,538_2022,-14.648501830645046,2024.0,incumbent_running,-1.0,,,,,mirror
H-WY-01,House,WY,1,False,False,census_map,2022,R,,,-49.86651,538_2022,-47.3725664122838,2024.0,incumbent_running,-1.0,,,,,mirror
S-AL,Senate,AL,0,False,False,n/a,2022,R,True,Tuberville running for governor,-29.17974,538_2022,-20.35869619179389,2020.0,open,0.0,,,,,mirror
S-AK,Senate,AK,0,False,False,n/a,2022,R,False,Sullivan,-14.6111,538_2022,-12.70322939081241,2020.0,incumbent_running,-1.0,,,,,mirror
S-AR,Senate,AR,0,False,False,n/a,2022,R,False,Cotton,-31.50176,538_2022,,,incumbent_running,-1.0,,,,,mirror
S-CO,Senate,CO,0,False,False,n/a,2022,D,False,Hickenlooper,6.750234,538_2022,9.321433096708994,2020.0,incumbent_running,1.0,,,,,mirror
S-DE,Senate,DE,0,False,False,n/a,2022,D,False,Coons,13.92317,538_2022,21.540529805371392,2020.0,incumbent_running,1.0,,,,,mirror
S-GA,Senate,GA,0,False,False,n/a,2022,D,False,Ossoff,-7.357549,538_2022,-1.7789759045267957,2020.0,incumbent_running,1.0,,,,,mirror
S-ID,Senate,ID,0,False,False,n/a,2022,R,False,Risch,-36.79051,538_2022,-29.375909339902094,2020.0,incumbent_running,-1.0,,,,,mirror
S-IL,Senate,IL,0,False,False,n/a,2022,D,True,Durbin retiring,13.20919,538_2022,16.0676144569997,2020.0,open,0.0,,,,,mirror
S-IA,Senate,IA,0,False,False,n/a,2022,R,True,Ernst retiring (verify),-9.611277,538_2022,-6.587878657373857,2020.0,open,0.0,,,,,mirror
S-KS,Senate,KS,0,False,False,n/a,2022,R,False,Marshall,-21.07362,538_2022,-11.437136036790214,2020.0,incumbent_running,-1.0,,,,,mirror
S-KY,Senate,KY,0,False,False,n/a,2022,R,True,McConnell retiring,-27.18871,538_2022,-19.53381104111039,2020.0,open,0.0,,,,,mirror
S-LA,Senate,LA,0,False,False,n/a,2022,R,False,Cassidy (verify primary outcome),-20.39682,538_2022,,,incumbent_running,-1.0,,,,,mirror
S-ME,Senate,ME,0,False,False,n/a,2022,R,False,Collins,4.379831,538_2022,-8.596613943404584,2020.0,incumbent_running,-1.0,,,,,mirror
S-MA,Senate,MA,0,False,False,n/a,2022,D,False,Markey (verify primary outcome),32.67723,538_2022,33.108837597667424,2020.0,incumbent_running,1.0,,,,,mirror
S-MI,Senate,MI,0,False,False,n/a,2022,D,True,Peters retiring,-1.175974,538_2022,1.6850313519668916,2020.0,open,0.0,,,,,mirror
S-MN,Senate,MN,0,False,False,n/a,2022,D,True,Smith retiring,1.995261,538_2022,5.23844398205992,2020.0,open,0.0,,,,,mirror
S-MS,Senate,MS,0,False,False,n/a,2022,R,False,Hyde-Smith,-19.78266,538_2022,-9.975948523434553,2020.0,incumbent_running,-1.0,,,,,mirror
S-MT,Senate,MT,0,False,False,n/a,2022,R,False,Daines,-19.90665,538_2022,-10.024321499512084,2020.0,incumbent_running,-1.0,,,,,mirror
S-NE,Senate,NE,0,False,False,n/a,2022,R,False,Ricketts,-24.75097,538_2022,-38.31305402510936,2020.0,incumbent_running,-1.0,,,,,mirror
S-NH,Senate,NH,0,False,False,n/a,2022,D,True,Shaheen retiring,0.5663683,538_2022,15.648549968966499,2020.0,open,0.0,,,,,mirror
S-NJ,Senate,NJ,0,False,False,n/a,2022,D,False,Booker,11.34622,538_2022,16.307528082802605,2020.0,incumbent_running,1.0,,,,,mirror
S-NM,Senate,NM,0,False,False,n/a,2022,D,False,Lujan,7.150143,538_2022,6.105292307222669,2020.0,incumbent_running,1.0,,,,,mirror
S-NC,Senate,NC,0,False,False,n/a,2022,R,True,Tillis retiring,-4.815506,538_2022,-1.7467367750438783,2020.0,open,0.0,,,,,mirror
S-OK,Senate,OK,0,False,False,n/a,2022,R,False,Mullin,-36.86855,538_2022,-30.158620011681094,2020.0,incumbent_running,-1.0,,,,,mirror
S-OR,Senate,OR,0,False,False,n/a,2022,D,False,Merkley,10.60454,538_2022,17.586781943686347,2020.0,incumbent_running,1.0,,,,,mirror
S-RI,Senate,RI,0,False,False,n/a,2022,D,False,Reed,23.66751,538_2022,33.12393022324192,2020.0,incumbent_running,1.0,,,,,mirror
S-SC,Senate,SC,0,False,False,n/a,2022,R,False,Graham,-18.26597,538_2022,-10.27031088972862,2020.0,incumbent_running,-1.0,,,,,mirror
S-SD,Senate,SD,0,False,False,n/a,2022,R,False,Rounds,-32.0032,538_2022,-31.470495146578344,2020.0,incumbent_running,-1.0,,,,,mirror
S-TN,Senate,TN,0,False,False,n/a,2022,R,False,Hagerty,-29.205,538_2022,-27.037149283337406,2020.0,incumbent_running,-1.0,,,,,mirror
S-TX,Senate,TX,0,False,False,n/a,2022,R,False,Cornyn (verify primary/runoff outcome),-12.90278,538_2022,-9.639403663303426,2020.0,incumbent_running,-1.0,,,,,mirror
S-VA,Senate,VA,0,False,False,n/a,2022,D,False,Warner,3.601613,538_2022,12.083779503106285,2020.0,incumbent_running,1.0,,,,,mirror
S-WV,Senate,WV,0,False,False,n/a,2022,R,False,Capito,-35.57757,538_2022,-43.28376029312456,2020.0,incumbent_running,-1.0,,,,,mirror
S-WY,Senate,WY,0,False,False,n/a,2022,R,False,Lummis,-49.86651,538_2022,-46.08935157775514,2020.0,incumbent_running,-1.0,,,,,mirror
S-OH-special,Senate,OH,0,True,False,n/a,2022,R,False,special: Husted (appointed),-12.10644,538_2022,-6.11188234605315,2022.0,incumbent_running,-1.0,,,,,mirror
S-FL-special,Senate,FL,0,True,False,n/a,2022,R,False,special: Moody (appointed),-7.396878,538_2022,-16.41302787027712,2022.0,incumbent_running,-1.0,,,,,mirror
G-AL,Governor,AL,0,False,False,n/a,2022,R,True,Ivey term-limited,-29.17974,538_2022,-37.72892064696602,2022.0,open,0.0,,,,,mirror
G-AK,Governor,AK,0,False,False,n/a,2022,R,True,Dunleavy term-limited,-14.6111,538_2022,-26.07790651824441,2022.0,open,0.0,,,,,mirror
G-AZ,Governor,AZ,0,False,False,n/a,2022,D,False,Hobbs,-7.171309,538_2022,0.6687673496816728,2022.0,incumbent_running,1.0,,,,,mirror
G-AR,Governor,AR,0,False,False,n/a,2022,R,False,Sanders,-31.50176,538_2022,-27.767665486633945,2022.0,incumbent_running,-1.0,,,,,mirror
G-CA,Governor,CA,0,False,False,n/a,2022,D,True,Newsom term-limited,25.74527,538_2022,18.358980588052205,2022.0,open,0.0,,,,,mirror
G-CO,Governor,CO,0,False,False,n/a,2022,D,True,Polis term-limited,6.750234,538_2022,19.349761038277727,2022.0,open,0.0,,,,,mirror
G-CT,Governor,CT,0,False,False,n/a,2022,D,False,Lamont (verify),12.14592,538_2022,12.85147974451317,2022.0,incumbent_running,1.0,,,,,mirror
G-FL,Governor,FL,0,False,False,n/a,2022,R,True,DeSantis term-limited,-7.396878,538_2022,-19.403160228936898,2022.0,open,0.0,,,,,mirror
G-GA,Governor,GA,0,False,False,n/a,2022,R,True,Kemp term-limited,-7.357549,538_2022,-7.535245540050518,2022.0,open,0.0,,,,,mirror
G-HI,Governor,HI,0,False,False,n/a,2022,D,False,Green,31.81241,538_2022,26.32422047030697,2022.0,incumbent_running,1.0,,,,,mirror
G-ID,Governor,ID,0,False,False,n/a,2022,R,False,Little (verify),-36.79051,538_2022,-40.23882934468752,2022.0,incumbent_running,-1.0,,,,,mirror
G-IL,Governor,IL,0,False,False,n/a,2022,D,False,Pritzker,13.20919,538_2022,12.538334702516856,2022.0,incumbent_running,1.0,,,,,mirror
G-IA,Governor,IA,0,False,False,n/a,2022,R,True,Reynolds retiring,-9.611277,538_2022,-18.516627055056873,2022.0,open,0.0,,,,,mirror
G-KS,Governor,KS,0,False,False,n/a,2022,D,True,Kelly term-limited,-21.07362,538_2022,2.205950854213789,2022.0,open,0.0,,,,,mirror
G-ME,Governor,ME,0,False,False,n/a,2022,D,True,Mills term-limited,4.379831,538_2022,13.24283153989471,2022.0,open,0.0,,,,,mirror
G-MD,Governor,MD,0,False,False,n/a,2022,D,False,Moore,26.2639,538_2022,32.41255461362651,2022.0,incumbent_running,1.0,,,,,mirror
G-MA,Governor,MA,0,False,False,n/a,2022,D,False,Healey,32.67723,538_2022,29.073053508232746,2022.0,incumbent_running,1.0,,,,,mirror
G-MI,Governor,MI,0,False,False,n/a,2022,D,True,Whitmer term-limited,-1.175974,538_2022,10.530545686974278,2022.0,open,0.0,,,,,mirror
G-MN,Governor,MN,0,False,False,n/a,2022,D,True,Walz not seeking re-election (verify),1.995261,538_2022,7.663639177093209,2022.0,open,0.0,,,,,mirror
G-NE,Governor,NE,0,False,False,n/a,2022,R,False,Pillen,-24.75097,538_2022,-23.242585040284396,2022.0,incumbent_running,-1.0,,,,,mirror
G-NV,Governor,NV,0,False,False,n/a,2022,R,False,Lombardo,-2.59005,538_2022,-1.5098064806083116,2022.0,incumbent_running,-1.0,,,,,mirror
G-NH,Governor,NH,0,False,False,n/a,2022,R,False,Ayotte,0.5663683,538_2022,-15.513094882376222,2022.0,incumbent_running,-1.0,,,,,mirror
G-NM,Governor,NM,0,False,False,n/a,2022,D,True,Lujan Grisham term-limited,7.150143,538_2022,6.383519408751894,2022.0,open,0.0,,,,,mirror
G-NY,Governor,NY,0,False,False,n/a,2022,D,False,Hochul,19.90219,538_2022,6.390658368015345,2022.0,incumbent_running,1.0,,,,,mirror
G-OH,Governor,OH,0,False,False,n/a,2022,R,True,DeWine term-limited,-12.10644,538_2022,-25.02940232563145,2022.0,open,0.0,,,,,mirror
G-OK,Governor,OK,0,False,False,n/a,2022,R,True,Stitt term-limited,-36.86855,538_2022,-13.66359023449558,2022.0,open,0.0,,,,,mirror
G-OR,Governor,OR,0,False,False,n/a,2022,D,False,Kotek,10.60454,538_2022,3.41684576085715,2022.0,incumbent_running,1.0,,,,,mirror
G-PA,Governor,PA,0,False,False,n/a,2022,D,False,Shapiro,-2.96776,538_2022,14.771404382895163,2022.0,incumbent_running,1.0,,,,,mirror
G-RI,Governor,RI,0,False,False,n/a,2022,D,False,McKee (verify primary),23.66751,538_2022,19.05807028825454,2022.0,incumbent_running,1.0,,,,,mirror
G-SC,Governor,SC,0,False,False,n/a,2022,R,True,McMaster term-limited,-18.26597,538_2022,-17.367977303791946,2022.0,open,0.0,,,,,mirror
G-SD,Governor,SD,0,False,False,n/a,2022,R,False,Rhoden (appointed; verify primary),-32.0032,538_2022,-26.812140527635464,2022.0,incumbent_running,-1.0,,,,,mirror
G-TN,Governor,TN,0,False,False,n/a,2022,R,True,Lee term-limited,-29.205,538_2022,-31.989065925160446,2022.0,open,0.0,,,,,mirror
G-TX,Governor,TX,0,False,False,n/a,2022,R,False,Abbott,-12.90278,538_2022,-10.902789467682467,2022.0,incumbent_running,-1.0,,,,,mirror
G-VT,Governor,VT,0,False,False,n/a,2022,R,False,Scott (verify),27.77973,538_2022,-47.01493323408275,2022.0,incumbent_running,-1.0,,,,,mirror
G-WI,Governor,WI,0,False,False,n/a,2022,D,True,Evers retiring,-3.839976,538_2022,3.396926018919693,2022.0,open,0.0,,,,,mirror
G-WY,Governor,WY,0,False,False,n/a,2022,R,True,Gordon term-limited,-49.86651,538_2022,-58.25257731958762,2022.0,open,0.0,,,,,mirror
