race_id,office,state,polled,n_polls,weak_lean,hier_margin,hier_sd,hier_sd_idio,poll_weight_in_hier,nat_dev_mean,provenance
H-AL-01,House,AL,False,,False,-27.97982613279642,6.900653368060201,6.666128459161813,0.0,-1.5009219858533234,fixture
H-AL-02,House,AL,False,,False,-22.81937518441747,7.134780252053549,6.845484427590446,0.0,-1.5009219858533234,fixture
H-AL-03,House,AL,False,,False,-34.69302016219142,7.212506234813647,6.9237858964275105,0.0,-1.5009219858533234,fixture
H-AL-04,House,AL,False,,False,-59.133903783224895,7.059453332572256,6.718573439377398,0.0,-1.5009219858533234,fixture
H-AL-05,House,AL,False,,False,-28.34338482064944,7.159319326487215,6.82007607737095,0.0,-1.5009219858533234,fixture
H-AL-06,House,AL,False,,False,-31.825599878907944,6.964292951793395,6.719711963467811,0.0,-1.5009219858533234,fixture
H-AL-07,House,AL,False,,False,35.905451141499015,7.05649986439969,6.729981517337917,0.0,-1.5009219858533234,fixture
H-AK-01,House,AK,True,1.0,False,-7.05840950551304,4.911471602738284,4.469566441294738,0.4363452241713405,-1.5009219858533234,fixture
H-AZ-01,House,AZ,True,2.0,False,-9.300546837121626,4.068284276308966,3.4704607491973056,0.6132658703182108,-1.5009219858533234,fixture
H-AZ-02,House,AZ,True,1.0,False,-11.880399430326637,5.18749932704796,4.757607178039305,0.3712094253966379,-1.5009219858533234,fixture
H-AZ-03,House,AZ,False,,False,49.68058771703855,7.081218525867233,6.776635708266129,0.0,-1.5009219858533234,fixture
H-AZ-04,House,AZ,True,5.0,False,4.324494092428497,3.296803505811408,2.5473684648206087,0.7460337285276488,-1.5009219858533234,fixture
H-AZ-05,House,AZ,False,,False,-21.419859588895957,7.1617437143208535,6.8104358355066985,0.0,-1.5009219858533234,fixture
H-AZ-06,House,AZ,True,2.0,False,-7.783137588634373,4.476697087908421,3.9824413229698705,0.531720296448192,-1.5009219858533234,fixture
H-AZ-07,House,AZ,False,,False,33.60817304483566,6.91901427094122,6.668318559820266,0.0,-1.5009219858533234,fixture
H-AZ-08,House,AZ,True,1.0,False,-19.93696417821831,5.0243723831940095,4.570321139090917,0.4101337393162561,-1.5009219858533234,fixture
H-AZ-09,House,AZ,False,,False,-30.0049385522234,6.998176738260451,6.683481336432338,0.0,-1.5009219858533234,fixture
H-AR-01,House,AR,False,,False,-38.51620077167704,6.936467543585824,6.705654867709151,0.0,-1.5009219858533234,fixture
H-AR-02,House,AR,True,1.0,False,-7.194075794183061,4.998030843980058,4.5565300157209085,0.41630257122279113,-1.5009219858533234,fixture
H-AR-03,House,AR,False,,False,-24.646619623708414,7.113747332694875,6.812676430779049,0.0,-1.5009219858533234,fixture
H-AR-04,House,AR,False,,False,-34.14981862821215,7.279938995702684,6.961236962851555,0.0,-1.5009219858533234,fixture
H-CA-01,House,CA,True,1.0,True,-5.588165770073391,6.225988604266892,5.8806040112932605,0.8393677939480497,-1.5009219858533234,fixture
H-CA-02,House,CA,False,,True,31.32340075852805,15.757612510736307,15.638173054445211,0.0,-1.5009219858533234,fixture
H-CA-03,House,CA,True,1.0,True,5.855533180118882,5.07456257122009,4.594215528625798,0.8932880134733665,-1.5009219858533234,fixture
H-CA-04,House,CA,False,,True,31.37021472048275,15.660232928007321,15.5143981904396,0.0,-1.5009219858533234,fixture
H-CA-05,House,CA,False,,True,24.26936511396235,15.40116098888491,15.335016883759938,0.0,-1.5009219858533234,fixture
H-CA-06,House,CA,False,,True,31.219453510013825,15.759881014480301,15.644187274806914,0.0,-1.5009219858533234,fixture
H-CA-07,House,CA,False,,True,31.208150761896015,15.633214248849775,15.540668234454708,0.0,-1.5009219858533234,fixture
H-CA-08,House,CA,False,,True,30.864303608782844,15.509286545579064,15.436283344341463,0.0,-1.5009219858533234,fixture
H-CA-09,House,CA,False,,True,31.031409238570042,15.939342173286033,15.8775233249056,0.0,-1.5009219858533234,fixture
H-CA-10,House,CA,False,,True,31.304886278635117,16.200843242490368,16.03538472228773,0.0,-1.5009219858533234,fixture
H-CA-11,House,CA,False,,True,31.080488993270755,15.678664408039204,15.616410749863068,0.0,-1.5009219858533234,fixture
H-CA-12,House,CA,False,,True,31.133119086655917,16.005716203104956,15.901280732762782,0.0,-1.5009219858533234,fixture
H-CA-13,House,CA,True,3.0,True,11.481205701806172,3.8561175464862414,3.238139817083197,0.9383807356538085,-1.5009219858533234,fixture
H-CA-14,House,CA,False,,True,31.359323939563165,16.41652861729673,16.31067559963726,0.0,-1.5009219858533234,fixture
H-CA-15,House,CA,False,,True,30.968210128767506,15.928898851291216,15.857930225778304,0.0,-1.5009219858533234,fixture
H-CA-16,House,CA,False,,True,30.663156365735748,15.371182595976686,15.206817962495652,0.0,-1.5009219858533234,fixture
H-CA-17,House,CA,False,,True,31.200335705257906,15.95833763113992,15.84143496589198,0.0,-1.5009219858533234,fixture
H-CA-18,House,CA,False,,True,31.531066364142784,15.9737921215028,15.886984827638152,0.0,-1.5009219858533234,fixture
H-CA-19,House,CA,False,,True,30.993376522302857,15.956190998692694,15.85010313177195,0.0,-1.5009219858533234,fixture
H-CA-20,House,CA,False,,True,24.239178628352512,15.198455232067321,15.16607071446205,0.0,-1.5009219858533234,fixture
H-CA-21,House,CA,False,,True,30.946930840099924,15.776996468346308,15.592372485515382,0.0,-1.5009219858533234,fixture
H-CA-22,House,CA,False,,True,23.76506784902364,15.759342036169691,15.691373323794648,0.0,-1.5009219858533234,fixture
H-CA-23,House,CA,True,2.0,True,-3.8874194082701674,4.314499895270754,3.701668933698526,0.9228604845545924,-1.5009219858533234,fixture
H-CA-24,House,CA,False,,True,31.31471721072883,15.36668337343281,15.253687317812375,0.0,-1.5009219858533234,fixture
H-CA-25,House,CA,False,,True,31.40796055230367,16.003625570058393,15.882543122012047,0.0,-1.5009219858533234,fixture
H-CA-26,House,CA,False,,True,31.028962694159514,15.86856930146539,15.746600225264455,0.0,-1.5009219858533234,fixture
H-CA-27,House,CA,True,1.0,True,18.83893308227685,6.6679381554463975,6.413724002168199,0.8157535591514197,-1.5009219858533234,fixture
H-CA-28,House,CA,False,,True,30.922093357822092,16.24585585977527,16.115677289240164,0.0,-1.5009219858533234,fixture
H-CA-29,House,CA,False,,True,30.981417249315854,15.944124041223299,15.861486129524868,0.0,-1.5009219858533234,fixture
H-CA-30,House,CA,False,,True,31.191603752971357,15.964684659192756,15.84626743972497,0.0,-1.5009219858533234,fixture
H-CA-31,House,CA,False,,True,31.055599025390272,15.708391624490105,15.59523817697312,0.0,-1.5009219858533234,fixture
H-CA-32,House,CA,False,,True,31.331210292331296,15.739183666805706,15.594849928325761,0.0,-1.5009219858533234,fixture
H-CA-33,House,CA,False,,True,30.96998213250765,15.639101745908752,15.497141503929562,0.0,-1.5009219858533234,fixture
H-CA-34,House,CA,False,,True,30.51803196249042,15.491932969853547,15.45108720129689,0.0,-1.5009219858533234,fixture
H-CA-35,House,CA,False,,True,30.946070346583472,16.319098276132138,16.207212907298047,0.0,-1.5009219858533234,fixture
H-CA-36,House,CA,False,,True,30.791391878850607,15.774403050494298,15.692906492512924,0.0,-1.5009219858533234,fixture
H-CA-37,House,CA,False,,True,30.590288643442406,15.897206306179196,15.764124706775753,0.0,-1.5009219858533234,fixture
H-CA-38,House,CA,False,,True,30.730499664270777,16.16964333554506,15.985305452394527,0.0,-1.5009219858533234,fixture
H-CA-39,House,CA,False,,True,31.123332054580676,15.72602852764538,15.613935669825413,0.0,-1.5009219858533234,fixture
H-CA-40,House,CA,True,7.0,True,6.16195927432796,3.4687769542967133,2.713747246044725,0.9501381105710995,-1.5009219858533234,fixture
H-CA-41,House,CA,True,3.0,True,0.35912964179429097,4.405903076188627,3.8920526025765585,0.9195574444635765,-1.5009219858533234,fixture
H-CA-42,House,CA,False,,True,31.027748425406546,15.83663609794825,15.66276420933507,0.0,-1.5009219858533234,fixture
H-CA-43,House,CA,False,,True,31.33359928984528,16.074674570621443,16.00047260809861,0.0,-1.5009219858533234,fixture
H-CA-44,House,CA,False,,True,30.960283002954824,15.535226634513961,15.384950069299988,0.0,-1.5009219858533234,fixture
H-CA-45,House,CA,True,2.0,True,8.799093133669565,4.674793805262962,4.151855239296185,0.9094390643918756,-1.5009219858533234,fixture
H-CA-46,House,CA,False,,True,31.216146637231997,15.762264984469141,15.633208163260532,0.0,-1.5009219858533234,fixture
H-CA-47,House,CA,True,3.0,True,19.09638139028729,4.157009861905807,3.5901925844275273,0.9283892717140994,-1.5009219858533234,fixture
H-CA-48,House,CA,False,,True,24.217115148196047,15.932417090583472,15.82267513212629,0.0,-1.5009219858533234,fixture
H-CA-49,House,CA,False,,True,31.40996485302314,16.13017713917835,15.99090575382139,0.0,-1.5009219858533234,fixture
H-CA-50,House,CA,False,,True,30.55818918198601,15.621618680209473,15.49310328832144,0.0,-1.5009219858533234,fixture
H-CA-51,House,CA,False,,True,30.96884043474146,16.00920755617991,15.878548225821145,0.0,-1.5009219858533234,fixture
H-CA-52,House,CA,False,,True,31.476719640535087,15.970384075107768,15.855915037815397,0.0,-1.5009219858533234,fixture
H-CO-01,House,CO,False,,False,60.59181177703569,6.672806621734217,6.444748202742642,0.0,-1.5009219858533234,fixture
H-CO-02,House,CO,False,,False,39.65388720451652,6.778698831977783,6.504569607468862,0.0,-1.5009219858533234,fixture
H-CO-03,House,CO,True,1.0,False,-10.589562091148595,5.070954606327392,4.563977899329069,0.3991454390581486,-1.5009219858533234,fixture
H-CO-04,House,CO,True,1.0,False,-22.10384881249911,4.440489914577102,3.97979753875282,0.5392644828736256,-1.5009219858533234,fixture
H-CO-05,House,CO,False,,False,-15.039004920013172,7.088372441255878,6.82006004607238,0.0,-1.5009219858533234,fixture
H-CO-06,House,CO,True,1.0,False,20.901901606122294,4.960832859958364,4.526522710777884,0.4249586083115744,-1.5009219858533234,fixture
H-CO-07,House,CO,False,,False,14.45413733930727,7.078642980936662,6.8082206327582515,0.0,-1.5009219858533234,fixture
H-CO-08,House,CO,True,9.0,False,4.684261474864897,3.3241838549893656,2.5405740311970666,0.7417977704091374,-1.5009219858533234,fixture
H-CT-01,House,CT,False,,False,27.721235282697215,7.001693981900346,6.752672633866774,0.0,-1.5009219858533234,fixture
H-CT-02,House,CT,False,,False,10.868937016781501,7.057065731769661,6.7562046932833635,0.0,-1.5009219858533234,fixture
H-CT-03,House,CT,True,1.0,False,15.937796438999978,4.627458703551296,4.18292462638874,0.4996487146588239,-1.5009219858533234,fixture
H-CT-04,House,CT,False,,False,30.052664673618498,7.268648607906517,6.965548909528875,0.0,-1.5009219858533234,fixture
H-CT-05,House,CT,True,1.0,False,7.574715750956334,4.854047842073035,4.333612028816726,0.4494484098847332,-1.5009219858533234,fixture
H-DE-01,House,DE,False,,False,21.694478191058966,7.059389007017162,6.777757615803209,0.0,-1.5009219858533234,fixture
H-FL-01,House,FL,False,,False,-33.3527473777043,6.879080555461938,6.57066282869388,0.0,-1.5009219858533234,fixture
H-FL-02,House,FL,False,,False,-13.203328134986624,7.063996042478926,6.736463936301685,0.0,-1.5009219858533234,fixture
H-FL-03,House,FL,False,,False,-14.735514891846199,7.024600589643975,6.706147597064709,0.0,-1.5009219858533234,fixture
H-FL-04,House,FL,False,,False,-12.111010990769527,7.048861962740641,6.752191623646191,0.0,-1.5009219858533234,fixture
H-FL-05,House,FL,False,,False,-19.63945070341306,6.936463434568671,6.638464957741882,0.0,-1.5009219858533234,fixture
H-FL-06,House,FL,False,,False,-24.023377412800837,7.057358081228802,6.74848127174749,0.0,-1.5009219858533234,fixture
H-FL-07,House,FL,True,2.0,False,-6.433968727637593,4.42481915869552,3.7830334744208436,0.542510671432195,-1.5009219858533234,fixture
H-FL-08,House,FL,True,1.0,False,-16.5610040992003,4.632393657825598,4.091882338231248,0.49858094614152315,-1.5009219858533234,fixture
H-FL-09,House,FL,True,1.0,False,21.962469061603713,4.970925360907602,4.469805203675521,0.4226164575114668,-1.5009219858533234,fixture
H-FL-10,House,FL,False,,False,36.405877540670105,6.943309579427842,6.590845671018618,0.0,-1.5009219858533234,fixture
H-FL-11,House,FL,True,1.0,False,-11.580787334142146,4.632102507496682,4.142418230554601,0.4986439734856941,-1.5009219858533234,fixture
H-FL-12,House,FL,False,,False,-29.709398414095652,6.954331581190819,6.666012910968403,0.0,-1.5009219858533234,fixture
H-FL-13,House,FL,False,,False,-9.34474600776299,7.020920101377807,6.693990155539607,0.0,-1.5009219858533234,fixture
H-FL-14,House,FL,True,1.0,False,11.235138916653785,4.801959955527562,4.358199003898956,0.4612007475377412,-1.5009219858533234,fixture
H-FL-15,House,FL,True,2.0,False,-9.302992683989874,4.307250649642976,3.7382656408844634,0.5664988971169331,-1.5009219858533234,fixture
H-FL-16,House,FL,True,1.0,False,-10.571239083303798,5.173000397733828,4.732168958862654,0.37471942083830345,-1.5009219858533234,fixture
H-FL-17,House,FL,True,2.0,False,-14.845510821594068,4.121013225339407,3.590489746240749,0.6031759977769167,-1.5009219858533234,fixture
H-FL-18,House,FL,False,,False,-25.29041394494039,6.9246409471535,6.662482645978057,0.0,-1.5009219858533234,fixture
H-FL-19,House,FL,False,,False,-22.52008504161056,7.053394956603894,6.756077231446512,0.0,-1.5009219858533234,fixture
H-FL-20,House,FL,False,,False,51.69678719754648,6.958545252175758,6.679126649240778,0.0,-1.5009219858533234,fixture
H-FL-21,House,FL,True,1.0,False,-13.655382718489987,4.8397625155266475,4.39921764250003,0.4526841572628032,-1.5009219858533234,fixture
H-FL-22,House,FL,False,,False,21.989294324294516,6.899733594564913,6.564236567743236,0.0,-1.5009219858533234,fixture
H-FL-23,House,FL,False,,False,17.195285045194456,6.998487732521023,6.674670866608337,0.0,-1.5009219858533234,fixture
H-FL-24,House,FL,False,,False,57.160693260962866,6.863239110044226,6.573727095250597,0.0,-1.5009219858533234,fixture
H-FL-25,House,FL,False,,False,26.061452907362145,6.875777484803594,6.581519645325052,0.0,-1.5009219858533234,fixture
H-FL-26,House,FL,True,2.0,False,-6.1063686638423595,4.427572915499222,3.903035571337876,0.5419410633535311,-1.5009219858533234,fixture
H-FL-27,House,FL,True,2.0,False,5.505388345785199,4.629843774299394,4.0074524128211175,0.4991328026503914,-1.5009219858533234,fixture
H-FL-28,House,FL,True,5.0,False,3.0827534195766124,3.470682635819785,2.814692050158822,0.7185380304667299,-1.5009219858533234,fixture
H-GA-01,House,GA,False,,False,-16.108419915935492,7.184732619433191,6.861922186104516,0.0,-1.5009219858533234,fixture
H-GA-02,House,GA,True,6.0,False,9.927571800631693,3.403369512705702,2.6473649319530765,0.7293499419070333,-1.5009219858533234,fixture
H-GA-03,House,GA,False,,False,-33.42628852832309,6.889532675090958,6.608814571760309,0.0,-1.5009219858533234,fixture
H-GA-04,House,GA,False,,False,55.89125392081192,7.020285898814732,6.661299675020734,0.0,-1.5009219858533234,fixture
H-GA-05,House,GA,False,,False,65.52619252557523,6.901326941036715,6.642167879091912,0.0,-1.5009219858533234,fixture
H-GA-06,House,GA,False,,False,-13.504964283826132,7.04154371961151,6.767898626721399,0.0,-1.5009219858533234,fixture
H-GA-07,House,GA,True,1.0,False,19.848224920556873,4.865990327580831,4.40633222367475,0.4467360169174377,-1.5009219858533234,fixture
H-GA-08,House,GA,False,,False,-30.437925881743283,6.894604093707204,6.666470108609615,0.0,-1.5009219858533234,fixture
H-GA-09,House,GA,False,,False,-41.10968214897865,7.100160833734573,6.823563124303142,0.0,-1.5009219858533234,fixture
H-GA-10,House,GA,False,,False,-26.869745838262723,6.846663060943293,6.537036235845429,0.0,-1.5009219858533234,fixture
H-GA-11,House,GA,False,,False,-20.57535238728089,6.937014654073483,6.630516435314015,0.0,-1.5009219858533234,fixture
H-GA-12,House,GA,True,1.0,False,-7.511456008403004,4.639258788822852,4.137062048044679,0.4970936553518468,-1.5009219858533234,fixture
H-GA-13,House,GA,False,,False,58.42025667831544,6.974827221563341,6.653461185320855,0.0,-1.5009219858533234,fixture
H-GA-14,House,GA,False,,False,-40.28978543028316,6.862950348892382,6.621797677726629,0.0,-1.5009219858533234,fixture
H-HI-01,House,HI,False,,False,38.74216865716648,6.7690039082251054,6.5127424705965895,0.0,-1.5009219858533234,fixture
H-HI-02,House,HI,False,,False,38.585799411807216,7.005860777688946,6.724531446723655,0.0,-1.5009219858533234,fixture
H-ID-01,House,ID,False,,False,-40.88753090369044,6.879915507512819,6.596345882782685,0.0,-1.5009219858533234,fixture
H-ID-02,House,ID,False,,False,-23.396883591521853,7.021803487920333,6.735078195215311,0.0,-1.5009219858533234,fixture
H-IL-01,House,IL,False,,False,46.17896939307058,6.91426782676582,6.626320509689415,0.0,-1.5009219858533234,fixture
H-IL-02,House,IL,False,,False,42.70522024841071,6.722856214780456,6.413576777081435,0.0,-1.5009219858533234,fixture
H-IL-03,House,IL,False,,False,44.35559492052251,7.233522027146568,6.978703097874752,0.0,-1.5009219858533234,fixture
H-IL-04,House,IL,False,,False,49.41232994930486,7.042107705359669,6.721594936833212,0.0,-1.5009219858533234,fixture
H-IL-05,House,IL,False,,False,41.29229786966869,6.912108691441763,6.660916628669453,0.0,-1.5009219858533234,fixture
H-IL-06,House,IL,True,2.0,False,7.941280361985267,4.021341017013776,3.4727913905269174,0.622139301016083,-1.5009219858533234,fixture
H-IL-07,House,IL,False,,False,74.01835639014084,6.8569937060331805,6.5947158983996985,0.0,-1.5009219858533234,fixture
H-IL-08,House,IL,True,2.0,False,13.090175345318526,4.1255489255015325,3.6041212923798494,0.6023020063148822,-1.5009219858533234,fixture
H-IL-09,House,IL,False,,False,43.584862512016564,7.030619276425069,6.7669075689412015,0.0,-1.5009219858533234,fixture
H-IL-10,House,IL,False,,False,27.74069385892158,7.118963789568583,6.908495306953713,0.0,-1.5009219858533234,fixture
H-IL-11,House,IL,False,,False,17.488853142502975,6.925964391163211,6.702343342664179,0.0,-1.5009219858533234,fixture
H-IL-12,House,IL,False,,False,-42.34564824585473,6.846140910148003,6.648397622458865,0.0,-1.5009219858533234,fixture
H-IL-13,House,IL,True,1.0,False,14.291828859270137,4.4350145539098635,3.972241222665041,0.5404000052459095,-1.5009219858533234,fixture
H-IL-14,House,IL,True,1.0,False,13.39349354101382,4.674819094423353,4.255364371907293,0.4893544696786267,-1.5009219858533234,fixture
H-IL-15,House,IL,False,,False,-38.481279136486336,7.032309943701716,6.7544645770992835,0.0,-1.5009219858533234,fixture
H-IL-16,House,IL,False,,False,-23.39611751810982,7.234056431611372,6.978371519494606,0.0,-1.5009219858533234,fixture
H-IL-17,House,IL,True,3.0,False,8.25597598847132,3.9237778025317427,3.387759861034633,0.6402517182408018,-1.5009219858533234,fixture
H-IN-01,House,IN,True,1.0,False,11.853726196923015,5.155720317144928,4.766037911588555,0.37888986407385783,-1.5009219858533234,fixture
H-IN-02,House,IN,False,,False,-22.921158610723957,7.021707266167049,6.754297082565947,0.0,-1.5009219858533234,fixture
H-IN-03,House,IN,False,,False,-30.5531276939148,6.934195542973328,6.70885831648784,0.0,-1.5009219858533234,fixture
H-IN-04,House,IN,False,,False,-29.607180576633393,7.18262464704578,6.890037773211924,0.0,-1.5009219858533234,fixture
H-IN-05,House,IN,True,2.0,False,-17.884264149881744,4.070906471583267,3.527508479703724,0.612767173986867,-1.5009219858533234,fixture
H-IN-06,House,IN,False,,False,-32.89112834956924,7.041611818353629,6.817111015875628,0.0,-1.5009219858533234,fixture
H-IN-07,House,IN,False,,False,43.24990263143284,6.835288831780185,6.60012325029501,0.0,-1.5009219858533234,fixture
H-IN-08,House,IN,False,,False,-32.262291480039,7.0798430996926145,6.775580981847779,0.0,-1.5009219858533234,fixture
H-IN-09,House,IN,False,,False,-26.538704791118775,7.076738892258556,6.7988093457669025,0.0,-1.5009219858533234,fixture
H-IA-01,House,IA,True,2.0,False,-1.2701655278182196,4.175055618779738,3.589962525952215,0.5926999652399672,-1.5009219858533234,fixture
H-IA-02,House,IA,True,3.0,False,3.7963945603867812,3.9487379166943124,3.387565932754975,0.6356602665393757,-1.5009219858533234,fixture
H-IA-03,House,IA,True,5.0,False,4.57656847723752,3.4599559365800885,2.7941424470781597,0.7202751482709012,-1.5009219858533234,fixture
H-IA-04,House,IA,False,,False,-23.446550358160316,6.902140264151159,6.5896136385063215,0.0,-1.5009219858533234,fixture
H-KS-01,House,KS,False,,False,-30.366567363697403,7.126584786698479,6.792593834165485,0.0,-1.5009219858533234,fixture
H-KS-02,House,KS,False,,False,-17.807110621763556,7.035255760690415,6.729957620743987,0.0,-1.5009219858533234,fixture
H-KS-03,House,KS,True,4.0,False,1.7944120267716452,3.726367457065587,3.0359284876512085,0.6755399182596544,-1.5009219858533234,fixture
H-KS-04,House,KS,False,,False,-24.132586696341974,7.191316999042217,6.98347178404916,0.0,-1.5009219858533234,fixture
H-KY-01,House,KY,False,,False,-39.08387636640699,6.877237611015874,6.657970064888584,0.0,-1.5009219858533234,fixture
H-KY-02,House,KY,False,,False,-33.60708770929052,7.025375705910688,6.768303656972786,0.0,-1.5009219858533234,fixture
H-KY-03,House,KY,True,1.0,False,25.245277516664462,4.585265537953584,4.183197565964764,0.5087315219180552,-1.5009219858533234,fixture
H-KY-04,House,KY,False,,False,-29.858772975204687,6.93126894711642,6.619412150024684,0.0,-1.5009219858533234,fixture
H-KY-05,House,KY,False,,False,-54.37380933460925,6.732724454461616,6.481732731888508,0.0,-1.5009219858533234,fixture
H-KY-06,House,KY,False,,False,-10.521718805193862,7.140044387972741,6.805885689259277,0.0,-1.5009219858533234,fixture
H-LA-01,House,LA,False,,False,-36.11908023314256,6.846229602095934,6.567761508683141,0.0,-1.5009219858533234,fixture
H-LA-02,House,LA,False,,False,60.8207979729959,6.9772259628336935,6.744630850956779,0.0,-1.5009219858533234,fixture
H-LA-03,House,LA,False,,False,-38.584001639269,7.299937565968439,7.010417820552918,0.0,-1.5009219858533234,fixture
H-LA-04,House,LA,False,,False,-30.048617793431767,6.878003469626928,6.592225879244147,0.0,-1.5009219858533234,fixture
H-LA-05,House,LA,False,,False,-30.417217959198414,7.036610640869454,6.79672697684135,0.0,-1.5009219858533234,fixture
H-LA-06,House,LA,False,,False,-12.841774728369472,6.885604686368743,6.659721007380087,0.0,-1.5009219858533234,fixture
H-ME-01,House,ME,False,,False,23.8598243480841,7.150708285330512,6.912892984911368,0.0,-1.5009219858533234,fixture
H-ME-02,House,ME,True,2.0,False,-3.199381600058687,4.178836267238351,3.6028838924879687,0.5919619844391815,-1.5009219858533234,fixture
H-MD-01,House,MD,False,,False,-22.191176240444545,7.245917977840984,6.972369342745459,0.0,-1.5009219858533234,fixture
H-MD-02,House,MD,True,1.0,False,17.857821958708453,4.889371381199824,4.441937685485542,0.44140638310043245,-1.5009219858533234,fixture
H-MD-03,House,MD,True,1.0,False,16.650580062928725,4.736838096013055,4.237459164648872,0.4757155244001612,-1.5009219858533234,fixture
H-MD-04,House,MD,False,,False,78.77681924276825,7.10161772708605,6.810180657852647,0.0,-1.5009219858533234,fixture
H-MD-05,House,MD,False,,False,34.630145118675635,6.940456366084158,6.666866396842252,0.0,-1.5009219858533234,fixture
H-MD-06,House,MD,True,2.0,False,9.195528044765021,4.319326987590952,3.7497756092607095,0.5640646553515463,-1.5009219858533234,fixture
H-MD-07,House,MD,False,,False,59.927026632037546,6.9739791031788,6.692079436639848,0.0,-1.5009219858533234,fixture
H-MD-08,House,MD,False,,False,57.99326307356747,7.17962669014497,6.8989753171156805,0.0,-1.5009219858533234,fixture
H-MA-01,House,MA,False,,False,28.84347788242783,6.856815318609442,6.579458060053693,0.0,-1.5009219858533234,fixture
H-MA-02,House,MA,False,,False,36.643567851797734,7.105725759077255,6.792395736859931,0.0,-1.5009219858533234,fixture
H-MA-03,House,MA,False,,False,33.26644729396133,6.990045767973333,6.675701283883655,0.0,-1.5009219858533234,fixture
H-MA-04,House,MA,True,1.0,False,32.27973872806135,4.835960545016373,4.414841834957113,0.45354372892552564,-1.5009219858533234,fixture
H-MA-05,House,MA,False,,False,55.4654128685882,6.988799661640031,6.8064437979485115,0.0,-1.5009219858533234,fixture
H-MA-06,House,MA,False,,False,33.03604036142278,6.902475340373984,6.624856351218959,0.0,-1.5009219858533234,fixture
H-MA-07,House,MA,False,,False,77.39619515986737,6.8354658779509165,6.547502115523334,0.0,-1.5009219858533234,fixture
H-MA-08,House,MA,False,,False,40.64611489823184,6.897453364605307,6.5860716067882,0.0,-1.5009219858533234,fixture
H-MA-09,House,MA,True,1.0,False,25.714397819927235,4.8266228220367235,4.3632732460414,0.4556519888624697,-1.5009219858533234,fixture
H-MI-01,House,MI,False,,False,-20.152665880423104,6.911363690411877,6.660474582257558,0.0,-1.5009219858533234,fixture
H-MI-02,House,MI,True,1.0,False,-25.085400256964146,4.609124689845292,4.175526975834068,0.5036056488157782,-1.5009219858533234,fixture
H-MI-03,House,MI,True,3.0,False,8.846766084867465,3.971923942935994,3.3274782002218983,0.6313690768499928,-1.5009219858533234,fixture
H-MI-04,House,MI,True,1.0,False,-2.019385450303669,5.116110743181673,4.681493364541486,0.3883967428362751,-1.5009219858533234,fixture
H-MI-05,House,MI,False,,False,-23.8144200947076,6.961796548119183,6.700716858150775,0.0,-1.5009219858533234,fixture
H-MI-06,House,MI,False,,False,28.841859122512705,7.1385250423100794,6.881529145242324,0.0,-1.5009219858533234,fixture
H-MI-07,House,MI,True,4.0,False,1.246536779421915,3.69191138044166,2.983054882647523,0.6815124558858217,-1.5009219858533234,fixture
H-MI-08,House,MI,True,5.0,False,8.56087811853607,3.552382696308406,2.863961155687814,0.7051308022212037,-1.5009219858533234,fixture
H-MI-09,House,MI,False,,False,-29.3993319707861,6.765507243323525,6.514657684377868,0.0,-1.5009219858533234,fixture
H-MI-10,House,MI,False,,False,-3.180097739259816,6.9221019801269685,6.685358180741606,0.0,-1.5009219858533234,fixture
H-MI-11,House,MI,True,1.0,False,20.36852034120925,5.003045359261442,4.54575347051771,0.4151307385253189,-1.5009219858533234,fixture
H-MI-12,House,MI,False,,False,50.55078297796234,7.091226928374676,6.775950147183065,0.0,-1.5009219858533234,fixture
H-MI-13,House,MI,False,,False,52.221750096429126,6.961528652433276,6.715739383048161,0.0,-1.5009219858533234,fixture
H-MN-01,House,MN,True,1.0,False,-8.352208216825963,4.974216505169142,4.583251156166648,0.42185165761888777,-1.5009219858533234,fixture
H-MN-02,House,MN,True,3.0,False,8.436611133587757,3.932494447069764,3.347207599529153,0.6386515863629891,-1.5009219858533234,fixture
H-MN-03,House,MN,True,2.0,False,18.02194850077056,3.984247510967167,3.44010741550518,0.6290780482180234,-1.5009219858533234,fixture
H-MN-04,House,MN,False,,False,38.44059315680351,7.169496026559721,6.856789722717202,0.0,-1.5009219858533234,fixture
H-MN-05,House,MN,False,,False,61.997063632299614,7.039604531908767,6.73205149110026,0.0,-1.5009219858533234,fixture
H-MN-06,House,MN,True,1.0,False,-24.817249328016885,4.751576423641693,4.246344257170771,0.47244790269406456,-1.5009219858533234,fixture
H-MN-07,House,MN,False,,False,-32.89870151319181,6.817159209272659,6.556108169558458,0.0,-1.5009219858533234,fixture
H-MN-08,House,MN,True,2.0,False,-12.811392832256145,4.472597930070812,3.8976446267180695,0.5325774791189003,-1.5009219858533234,fixture
H-MS-01,House,MS,False,,False,-31.261984528725847,7.176937130829977,6.87871159665732,0.0,-1.5009219858533234,fixture
H-MS-02,House,MS,False,,False,30.385250829803535,7.127437186810828,6.89371896547952,0.0,-1.5009219858533234,fixture
H-MS-03,House,MS,True,1.0,False,-28.70465751154992,5.37165835338645,4.883569814558627,0.32577215833271167,-1.5009219858533234,fixture
H-MS-04,House,MS,False,,False,-37.54245568885515,7.078510597084199,6.761604447728832,0.0,-1.5009219858533234,fixture
H-MO-01,House,MO,False,,False,57.973815918802025,7.121712346608255,6.843961264493574,0.0,-1.5009219858533234,fixture
H-MO-02,House,MO,False,,False,-12.260775227162926,6.993480188443365,6.69725995625945,0.0,-1.5009219858533234,fixture
H-MO-03,House,MO,False,,False,-28.822154159246594,7.161278362840634,6.901943702347873,0.0,-1.5009219858533234,fixture
H-MO-04,House,MO,False,,False,-40.28972107996383,7.259066125018204,7.000862310776379,0.0,-1.5009219858533234,fixture
H-MO-05,House,MO,False,,False,27.62352480919092,7.171799406735033,6.879004574846355,0.0,-1.5009219858533234,fixture
H-MO-06,House,MO,False,,False,-38.07746486072502,7.014501351671978,6.772076824658767,0.0,-1.5009219858533234,fixture
H-MO-07,House,MO,False,,False,-42.44793274846502,7.097443427331775,6.786107822776882,0.0,-1.5009219858533234,fixture
H-MO-08,House,MO,False,,False,-50.842579574715,7.084238864245133,6.818072002722043,0.0,-1.5009219858533234,fixture
H-MT-01,House,MT,True,1.0,False,-8.613347504170852,4.650373134206014,4.201455691906164,0.4946811276352535,-1.5009219858533234,fixture
H-MT-02,House,MT,False,,False,-26.24571735712212,7.047947427914213,6.813275698162962,0.0,-1.5009219858533234,fixture
H-NE-01,House,NE,False,,False,-13.577946705479915,7.178177561251816,6.863537169304385,0.0,-1.5009219858533234,fixture
H-NE-02,House,NE,True,8.0,False,6.877527001017261,3.1874788397652996,2.469827355608885,0.7625979104953804,-1.5009219858533234,fixture
H-NE-03,House,NE,False,,False,-51.08937590769875,6.96823429855453,6.688075921025085,0.0,-1.5009219858533234,fixture
H-NV-01,House,NV,True,6.0,False,8.028459978196148,3.302721355440513,2.5583629689601395,0.7451211578475081,-1.5009219858533234,fixture
H-NV-02,House,NV,True,3.0,False,-11.506568991975902,3.8815660105284304,3.2645359990001137,0.6479503889407314,-1.5009219858533234,fixture
H-NV-03,House,NV,True,5.0,False,9.60265832068749,3.5671470226464463,2.936831961565674,0.7026746523719822,-1.5009219858533234,fixture
H-NV-04,House,NV,True,1.0,False,15.594495945658352,5.265065116158336,4.835343583920453,0.3522649324724958,-1.5009219858533234,fixture
H-NH-01,House,NH,True,5.0,False,4.8786221357652275,3.7094596321908067,2.9963210816910317,0.6784776148522518,-1.5009219858533234,fixture
H-NH-02,House,NH,True,2.0,False,9.219460848763555,4.139313836865862,3.5260288129430744,0.5996437369756722,-1.5009219858533234,fixture
H-NJ-01,House,NJ,False,,False,26.479853706310482,6.957488951664194,6.6632852688823325,0.0,-1.5009219858533234,fixture
H-NJ-02,House,NJ,True,1.0,False,-1.693088284639964,4.652209082609416,4.103633575767505,0.49428205320229324,-1.5009219858533234,fixture
H-NJ-03,House,NJ,True,1.0,False,9.162269675288718,4.6799254907504535,4.221457523766986,0.4882382841957924,-1.5009219858533234,fixture
H-NJ-04,House,NJ,False,,False,-25.68196457563829,7.071259492816111,6.754324883702102,0.0,-1.5009219858533234,fixture
H-NJ-05,House,NJ,True,2.0,False,14.604667765705043,4.241119619813484,3.713600678269874,0.5797081582985271,-1.5009219858533234,fixture
H-NJ-06,House,NJ,False,,False,21.997043433426903,6.727700087344451,6.47251922059668,0.0,-1.5009219858533234,fixture
H-NJ-07,House,NJ,True,2.0,False,-3.7612114487057835,4.028170098457869,3.5029490963485412,0.6208548376777594,-1.5009219858533234,fixture
H-NJ-08,House,NJ,False,,False,51.3670870470039,6.849993147629275,6.578144844603357,0.0,-1.5009219858533234,fixture
H-NJ-09,House,NJ,True,1.0,False,20.270171381420305,5.014135419715228,4.546524919362941,0.4125349498019222,-1.5009219858533234,fixture
H-NJ-10,House,NJ,False,,False,62.28145364751318,6.90495715282513,6.610014902679604,0.0,-1.5009219858533234,fixture
H-NJ-11,House,NJ,True,1.0,False,12.997161320407528,5.105530803877254,4.6698540582117545,0.39092367590947874,-1.5009219858533234,fixture
H-NJ-12,House,NJ,False,,False,35.79029998849341,6.996354331947339,6.714972019196003,0.0,-1.5009219858533234,fixture
H-NM-01,House,NM,True,1.0,False,17.057887614686788,4.908757350258306,4.466183320894171,0.4369680430566437,-1.5009219858533234,fixture
H-NM-02,House,NM,False,,False,12.050558322601646,7.1247673950338255,6.757486458598649,0.0,-1.5009219858533234,fixture
H-NM-03,House,NM,True,1.0,False,15.626406861960215,5.173018604962076,4.736730284161742,0.37471501927426576,-1.5009219858533234,fixture
H-NY-01,House,NY,True,2.0,False,-1.5676809766364264,4.073385898429266,3.5045256888326186,0.6122953341864684,-1.5009219858533234,fixture
H-NY-02,House,NY,True,4.0,False,-0.47702013548808875,3.669734348335546,3.084609650179385,0.6853272249778336,-1.5009219858533234,fixture
H-NY-03,House,NY,True,3.0,False,15.475389033937123,4.016488974846751,3.4587042441606424,0.6230505840799879,-1.5009219858533234,fixture
H-NY-04,House,NY,False,,False,18.606730525576037,6.793411879564891,6.476676112564738,0.0,-1.5009219858533234,fixture
H-NY-05,House,NY,False,,False,66.74385337269453,7.099111888369546,6.772972050278841,0.0,-1.5009219858533234,fixture
H-NY-06,House,NY,False,,False,37.54230560759762,6.902203959037258,6.6741244897918595,0.0,-1.5009219858533234,fixture
H-NY-07,House,NY,False,,False,67.9526058936192,6.816694436424624,6.565205499488423,0.0,-1.5009219858533234,fixture
H-NY-08,House,NY,False,,False,58.02754269802961,6.871494968392334,6.6519419990152375,0.0,-1.5009219858533234,fixture
H-NY-09,House,NY,False,,False,56.65434738613435,6.94242898211659,6.679891313544033,0.0,-1.5009219858533234,fixture
H-NY-10,House,NY,False,,False,73.90040991421866,7.012835007097822,6.79294078976762,0.0,-1.5009219858533234,fixture
H-NY-11,House,NY,True,3.0,False,-1.4589455552590445,3.646591683213734,3.013748298650878,0.6892835898555632,-1.5009219858533234,fixture
H-NY-12,House,NY,False,,False,72.64190756870441,6.927342845049732,6.692320380629404,0.0,-1.5009219858533234,fixture
H-NY-13,House,NY,False,,False,81.21020274410678,6.898317982584316,6.5911645102174665,0.0,-1.5009219858533234,fixture
H-NY-14,House,NY,False,,False,62.09808010768143,6.963046700184375,6.665802226994068,0.0,-1.5009219858533234,fixture
H-NY-15,House,NY,False,,False,75.300752753937,6.980893857117585,6.739719544972374,0.0,-1.5009219858533234,fixture
H-NY-16,House,NY,False,,False,46.751176275044436,7.0478593050269,6.81825088298094,0.0,-1.5009219858533234,fixture
H-NY-17,House,NY,True,1.0,False,7.829255616842392,4.971910042210584,4.562986038214902,0.42238768920454317,-1.5009219858533234,fixture
H-NY-18,House,NY,True,2.0,False,13.571947875626751,4.101984406433044,3.5441848222192815,0.6068322143640855,-1.5009219858533234,fixture
H-NY-19,House,NY,True,2.0,False,8.784607354865283,4.29405680632043,3.801566134002457,0.5691506051897878,-1.5009219858533234,fixture
H-NY-20,House,NY,False,,False,21.484558912663136,7.012927060630806,6.730919107649571,0.0,-1.5009219858533234,fixture
H-NY-21,House,NY,False,,False,-13.879320514978811,6.8828384727835585,6.555623410057125,0.0,-1.5009219858533234,fixture
H-NY-22,House,NY,True,6.0,False,7.389816556363966,3.421789370293651,2.6701880799981312,0.7264123669964044,-1.5009219858533234,fixture
H-NY-23,House,NY,False,,False,-19.684332544412946,6.7776094922551415,6.569711066932834,0.0,-1.5009219858533234,fixture
H-NY-24,House,NY,False,,False,-18.523730553205056,7.075452402682985,6.794136003238395,0.0,-1.5009219858533234,fixture
H-NY-25,House,NY,True,2.0,False,19.807128980096962,3.9530865017590937,3.4012625440986852,0.6348573595073614,-1.5009219858533234,fixture
H-NY-26,House,NY,True,1.0,False,11.712615231685751,5.215774676521697,4.7539376643730265,0.36433608369625337,-1.5009219858533234,fixture
H-NC-01,House,NC,True,1.0,True,14.173331412216891,5.681640043753879,5.275210238217794,0.8662285567639448,-1.5009219858533234,fixture
H-NC-02,House,NC,False,,True,4.467221781544748,15.736596757094127,15.635948073183945,0.0,-1.5009219858533234,fixture
H-NC-03,House,NC,False,,True,-2.7869732198950183,16.00926371567733,15.819510382391487,0.0,-1.5009219858533234,fixture
H-NC-04,House,NC,False,,True,4.1800086547283195,15.661977924913128,15.5615828515939,0.0,-1.5009219858533234,fixture
H-NC-05,House,NC,False,,True,-2.590352763092769,15.911768379664364,15.814834490350812,0.0,-1.5009219858533234,fixture
H-NC-06,House,NC,True,2.0,True,15.226165976322688,4.879082056691235,4.388438616332817,0.901351104925133,-1.5009219858533234,fixture
H-NC-07,House,NC,True,1.0,True,-9.813003026571035,5.210441660135559,4.773383320072712,0.8874967532236172,-1.5009219858533234,fixture
H-NC-08,House,NC,False,,True,-2.6821884516289183,16.521537513621976,16.40278058081035,0.0,-1.5009219858533234,fixture
H-NC-09,House,NC,False,,True,-2.4960779850880224,16.247554079041798,16.209624107650605,0.0,-1.5009219858533234,fixture
H-NC-10,House,NC,False,,True,-2.7578153837804367,15.777697772387556,15.654657102699083,0.0,-1.5009219858533234,fixture
H-NC-11,House,NC,False,,True,-3.0812966750372395,16.20011584654002,16.077890149530425,0.0,-1.5009219858533234,fixture
H-NC-12,House,NC,False,,True,4.14434482000293,16.070054968799706,15.966451465929403,0.0,-1.5009219858533234,fixture
H-NC-13,House,NC,True,3.0,True,0.6188158301704221,4.500930169087121,4.094545043596248,0.9160500327681133,-1.5009219858533234,fixture
H-NC-14,House,NC,False,,True,-2.4394729334534357,15.233138039679766,15.10997608452238,0.0,-1.5009219858533234,fixture
H-ND-01,House,ND,False,,False,-32.98518749135202,7.059586369674766,6.742824823653272,0.0,-1.5009219858533234,fixture
H-OH-01,House,OH,False,,True,-2.685117025890077,15.73893367274111,15.62604858959929,0.0,-1.5009219858533234,fixture
H-OH-02,House,OH,False,,True,-9.563450259927508,15.62916728765731,15.453933773696969,0.0,-1.5009219858533234,fixture
H-OH-03,House,OH,False,,True,-1.9463275499287915,15.862977314676042,15.736718289428216,0.0,-1.5009219858533234,fixture
H-OH-04,House,OH,False,,True,-9.557694214727729,15.651940646141318,15.506186192280778,0.0,-1.5009219858533234,fixture
H-OH-05,House,OH,False,,True,-9.312099653969465,15.890519057773309,15.776071681408917,0.0,-1.5009219858533234,fixture
H-OH-06,House,OH,False,,True,-9.588718912482594,15.883254635667397,15.712613308892355,0.0,-1.5009219858533234,fixture
H-OH-07,House,OH,True,1.0,True,-3.1689932783261887,6.378358145406759,6.013362408617343,0.8314092341667674,-1.5009219858533234,fixture
H-OH-08,House,OH,False,,True,-9.328259703486937,16.25580237939285,16.14822050397167,0.0,-1.5009219858533234,fixture
H-OH-09,House,OH,True,3.0,True,6.756937696839897,4.332771499594724,3.764438585011237,0.9222057402152372,-1.5009219858533234,fixture
H-OH-10,House,OH,True,3.0,True,-10.213127393430408,4.349442045812916,3.829183777174562,0.9216059542844357,-1.5009219858533234,fixture
H-OH-11,House,OH,False,,True,-2.563383383626032,15.655275329496858,15.587932847427913,0.0,-1.5009219858533234,fixture
H-OH-12,House,OH,False,,True,-9.643744496162824,15.961627655203525,15.811510928412572,0.0,-1.5009219858533234,fixture
H-OH-13,House,OH,True,3.0,True,-0.2958679931303989,4.156200128201106,3.535072865665432,0.9284171667515418,-1.5009219858533234,fixture
H-OH-14,House,OH,False,,True,-9.606528849459288,15.342155417586419,15.187200696661327,0.0,-1.5009219858533234,fixture
H-OH-15,House,OH,True,3.0,True,-5.684620794674924,4.3120683500358625,3.766438555557204,0.9229474078928025,-1.5009219858533234,fixture
H-OK-01,House,OK,False,,False,-24.697258337539253,6.986481094854391,6.695756674445147,0.0,-1.5009219858533234,fixture
H-OK-02,House,OK,False,,False,-49.735724237607826,6.955828483896256,6.680250572843526,0.0,-1.5009219858533234,fixture
H-OK-03,House,OK,False,,False,-42.06932689110227,6.950753421626461,6.596044779547268,0.0,-1.5009219858533234,fixture
H-OK-04,House,OK,False,,False,-31.391165394040524,6.835234355547026,6.560237622822447,0.0,-1.5009219858533234,fixture
H-OK-05,House,OK,False,,False,-20.730626370514532,6.906494688193061,6.624777325264653,0.0,-1.5009219858533234,fixture
H-OR-01,House,OR,False,,False,41.50100854808009,7.006065891924472,6.632409308092504,0.0,-1.5009219858533234,fixture
H-OR-02,House,OR,True,1.0,False,-16.52138491101371,4.702850430545801,4.198925463540628,0.4832122034102675,-1.5009219858533234,fixture
H-OR-03,House,OR,False,,False,49.6782620014704,7.00107261984062,6.768962794921874,0.0,-1.5009219858533234,fixture
H-OR-04,House,OR,True,1.0,False,20.728744345624047,5.076127101033848,4.64378582795841,0.39791904191915173,-1.5009219858533234,fixture
H-OR-05,House,OR,True,2.0,False,8.794858475197294,4.126650760286832,3.591433327011115,0.602089546830145,-1.5009219858533234,fixture
H-OR-06,House,OR,False,,False,15.80812818012408,7.040636941945375,6.785763716513617,0.0,-1.5009219858533234,fixture
H-PA-01,House,PA,True,3.0,False,2.355625907401259,3.8648333287187615,3.273104735997798,0.6509790826165689,-1.5009219858533234,fixture
H-PA-02,House,PA,False,,False,47.605469768043505,7.07286266066075,6.832648767757141,0.0,-1.5009219858533234,fixture
H-PA-03,House,PA,False,,False,81.72458445106666,6.898860532181087,6.615600972542881,0.0,-1.5009219858533234,fixture
H-PA-04,House,PA,True,1.0,False,22.000129318511025,4.943090292455447,4.530857100059629,0.42906455819784795,-1.5009219858533234,fixture
H-PA-05,House,PA,False,,False,34.97321688611543,6.986940361030311,6.675952550507777,0.0,-1.5009219858533234,fixture
H-PA-06,House,PA,False,,False,17.807798621898375,7.095558173760795,6.7420216334776715,0.0,-1.5009219858533234,fixture
H-PA-07,House,PA,True,3.0,False,1.7838143014279717,3.948474468569488,3.3417899241738516,0.6357088802583406,-1.5009219858533234,fixture
H-PA-08,House,PA,True,7.0,False,-0.44449557574157567,3.346416181914068,2.535645333604028,0.738332479190927,-1.5009219858533234,fixture
H-PA-09,House,PA,False,,False,-36.47042425377596,6.743921944504673,6.460841737294619,0.0,-1.5009219858533234,fixture
H-PA-10,House,PA,False,,False,-6.662090419954355,6.949130083747034,6.645660720644346,0.0,-1.5009219858533234,fixture
H-PA-11,House,PA,False,,False,-22.596899695246986,7.10942149491486,6.744898649747703,0.0,-1.5009219858533234,fixture
H-PA-12,House,PA,True,2.0,False,23.109225163495626,4.243263840472863,3.680504936181957,0.5792830694803759,-1.5009219858533234,fixture
H-PA-13,House,PA,False,,False,-44.17646423928387,6.886492033168048,6.670955169553214,0.0,-1.5009219858533234,fixture
H-PA-14,House,PA,False,,False,-31.13120156386437,6.9193389954817714,6.635830666514574,0.0,-1.5009219858533234,fixture
H-PA-15,House,PA,False,,False,-35.96779733855892,6.854248723674753,6.58293466174791,0.0,-1.5009219858533234,fixture
H-PA-16,House,PA,False,,False,-21.096170770560676,6.849164177434366,6.6004620460131775,0.0,-1.5009219858533234,fixture
H-PA-17,House,PA,True,10.0,False,2.740161500349221,3.055334259198546,2.2380116383854642,0.781874029824137,-1.5009219858533234,fixture
H-RI-01,House,RI,False,,False,38.92908997989216,6.989437621815064,6.736732816714045,0.0,-1.5009219858533234,fixture
H-RI-02,House,RI,False,,False,23.85666353876885,6.90872158741373,6.61839280371264,0.0,-1.5009219858533234,fixture
H-SC-01,House,SC,True,1.0,False,-10.188297385754625,5.050115602647798,4.558155735335744,0.4040736955792148,-1.5009219858533234,fixture
H-SC-02,House,SC,False,,False,-16.699151151134544,7.0317716299551565,6.740977872763448,0.0,-1.5009219858533234,fixture
H-SC-03,House,SC,False,,False,-39.442612516778745,7.0860381894531494,6.785875272856121,0.0,-1.5009219858533234,fixture
H-SC-04,House,SC,False,,False,-23.166633389269567,7.006360571231784,6.678043001412399,0.0,-1.5009219858533234,fixture
H-SC-05,House,SC,False,,False,-22.18136459421872,7.056098433434004,6.7895836330813335,0.0,-1.5009219858533234,fixture
H-SC-06,House,SC,False,,False,32.25477673603556,6.924624814688093,6.65474042065636,0.0,-1.5009219858533234,fixture
H-SC-07,House,SC,False,,False,-22.301570827540328,6.790876990336874,6.5693945904527355,0.0,-1.5009219858533234,fixture
H-SD-01,House,SD,False,,False,-28.328774520905093,7.28166424126775,7.002671784067997,0.0,-1.5009219858533234,fixture
H-TN-01,House,TN,False,,False,-54.508263629077916,7.143513656928366,6.83993801092133,0.0,-1.5009219858533234,fixture
H-TN-02,House,TN,False,,False,-31.848828634636774,6.786061791748417,6.494091544636578,0.0,-1.5009219858533234,fixture
H-TN-03,House,TN,False,,False,-33.21954901530996,7.014569922218095,6.704807958420958,0.0,-1.5009219858533234,fixture
H-TN-04,House,TN,False,,False,-40.81777653814869,7.071961062738595,6.7439413828287735,0.0,-1.5009219858533234,fixture
H-TN-05,House,TN,True,1.0,False,-7.3172704063794125,4.861275417390689,4.465436283933816,0.44780766976388264,-1.5009219858533234,fixture
H-TN-06,House,TN,False,,False,-31.061496022976073,6.949732869576595,6.7033895151638445,0.0,-1.5009219858533234,fixture
H-TN-07,House,TN,False,,False,-17.558364632808267,7.068744788987624,6.804765438580608,0.0,-1.5009219858533234,fixture
H-TN-08,House,TN,False,,False,-38.62872850246216,6.89770834037392,6.624152010005451,0.0,-1.5009219858533234,fixture
H-TN-09,House,TN,False,,False,49.15156064760343,7.073326737079562,6.78504110132826,0.0,-1.5009219858533234,fixture
H-TX-01,House,TX,False,,True,-10.349593107650607,15.343368933116837,15.170246222930858,0.0,-1.5009219858533234,fixture
H-TX-02,House,TX,False,,True,-10.60928842872378,15.95852875811194,15.829517983672797,0.0,-1.5009219858533234,fixture
H-TX-03,House,TX,False,,True,-10.655206311125454,15.855007760405204,15.713167622307317,0.0,-1.5009219858533234,fixture
H-TX-04,House,TX,False,,True,-10.40023786637069,16.297490085311676,16.177290804240332,0.0,-1.5009219858533234,fixture
H-TX-05,House,TX,False,,True,-10.004802893065037,15.569256613862688,15.487379280298757,0.0,-1.5009219858533234,fixture
H-TX-06,House,TX,False,,True,-10.399546998444842,15.737358389244916,15.626890286485269,0.0,-1.5009219858533234,fixture
H-TX-07,House,TX,False,,True,-3.569906046721998,15.953486011694599,15.754814116699887,0.0,-1.5009219858533234,fixture
H-TX-08,House,TX,False,,True,-10.562379559162627,15.63630748169568,15.54635583019006,0.0,-1.5009219858533234,fixture
H-TX-09,House,TX,False,,True,-3.8359829338944906,15.846411420622292,15.73361034480614,0.0,-1.5009219858533234,fixture
H-TX-10,House,TX,False,,True,-10.822773808292423,15.656983919980537,15.539751629396129,0.0,-1.5009219858533234,fixture
H-TX-11,House,TX,False,,True,-10.800883377996886,15.606129141744479,15.508634083220908,0.0,-1.5009219858533234,fixture
H-TX-12,House,TX,False,,True,-10.246212752148674,15.83389416312851,15.683957407565211,0.0,-1.5009219858533234,fixture
H-TX-13,House,TX,False,,True,-10.398509832497817,16.377578928907653,16.288107447304878,0.0,-1.5009219858533234,fixture
H-TX-14,House,TX,False,,True,-10.45538675701063,15.432721056918451,15.324697956930935,0.0,-1.5009219858533234,fixture
H-TX-15,House,TX,True,5.0,True,0.3977376482928466,3.6587492583884322,3.021408238135807,0.9445270482257737,-1.5009219858533234,fixture
H-TX-16,House,TX,False,,True,-3.283957463498491,16.076590405632988,15.980429584173363,0.0,-1.5009219858533234,fixture
H-TX-17,House,TX,False,,True,-10.915299581036157,15.766399963962295,15.6667820087511,0.0,-1.5009219858533234,fixture
H-TX-18,House,TX,False,,True,-3.0848687220959436,15.482043873554376,15.313980221877513,0.0,-1.5009219858533234,fixture
H-TX-19,House,TX,False,,True,-10.075857865234275,15.70730491017147,15.622527146243254,0.0,-1.5009219858533234,fixture
H-TX-20,House,TX,False,,True,-3.323988801030477,15.93224047636302,15.764134883874965,0.0,-1.5009219858533234,fixture
H-TX-21,House,TX,True,1.0,True,-13.832509526692558,5.463583764141208,5.036710247260901,0.8762995747826043,-1.5009219858533234,fixture
H-TX-22,House,TX,False,,True,-10.59967997327263,15.942840344087772,15.826683733825712,0.0,-1.5009219858533234,fixture
H-TX-23,House,TX,True,1.0,True,-8.742039229632775,5.5419907889792945,5.143879978429437,0.8727236886926912,-1.5009219858533234,fixture
H-TX-24,House,TX,False,,True,-10.780005800181039,15.5453755609253,15.433004727879652,0.0,-1.5009219858533234,fixture
H-TX-25,House,TX,False,,True,-9.984070260287831,15.64717831205944,15.505320022124524,0.0,-1.5009219858533234,fixture
H-TX-26,House,TX,True,1.0,True,-22.25937526154297,5.831797219231951,5.457695014072811,0.859064367176041,-1.5009219858533234,fixture
H-TX-27,House,TX,True,1.0,True,-21.591911815830745,5.145143508742671,4.717247921552593,0.890298904080131,-1.5009219858533234,fixture
H-TX-28,House,TX,True,1.0,True,13.071927883832542,5.780127113918761,5.352940631132878,0.8615507014963387,-1.5009219858533234,fixture
H-TX-29,House,TX,False,,True,-3.4724237353115903,15.694659269560898,15.612538897873293,0.0,-1.5009219858533234,fixture
H-TX-30,House,TX,False,,True,-3.932511480039778,15.26005526917639,15.150524249607338,0.0,-1.5009219858533234,fixture
H-TX-31,House,TX,False,,True,-9.916026875286974,16.108326146724497,15.961680042948814,0.0,-1.5009219858533234,fixture
H-TX-32,House,TX,False,,True,-3.3998724850865134,15.737515034904218,15.68243114745839,0.0,-1.5009219858533234,fixture
H-TX-33,House,TX,False,,True,-4.01082813436128,15.617807902468787,15.494195784874025,0.0,-1.5009219858533234,fixture
H-TX-34,House,TX,False,,True,-3.7652381074747687,15.833007383837549,15.710418642787328,0.0,-1.5009219858533234,fixture
H-TX-35,House,TX,False,,True,-3.294218324354525,15.932024060408637,15.811417715981204,0.0,-1.5009219858533234,fixture
H-TX-36,House,TX,False,,True,-10.629315211785343,15.753736474545601,15.609095780467703,0.0,-1.5009219858533234,fixture
H-TX-37,House,TX,False,,True,-3.2146411463190945,15.395081525505764,15.242005248395186,0.0,-1.5009219858533234,fixture
H-TX-38,House,TX,False,,True,-10.473062514173147,15.882694635147466,15.727521814564293,0.0,-1.5009219858533234,fixture
H-UT-01,House,UT,False,,True,-22.87900292635657,15.965408599721169,15.804014455504277,0.0,-1.5009219858533234,fixture
H-UT-02,House,UT,False,,True,-22.947469284018002,15.876366806267521,15.834998412764095,0.0,-1.5009219858533234,fixture
H-UT-03,House,UT,True,1.0,True,-20.793825825749494,5.468398843051986,5.038314249941245,0.8760814433147456,-1.5009219858533234,fixture
H-UT-04,House,UT,False,,True,-23.106313699529846,15.842720356814695,15.696576652215475,0.0,-1.5009219858533234,fixture
H-VT-01,House,VT,False,,False,34.769343647376374,7.136084683116908,6.867199279633557,0.0,-1.5009219858533234,fixture
H-VA-01,House,VA,False,,False,-11.765621213204062,6.983350932037818,6.6821484266477915,0.0,-1.5009219858533234,fixture
H-VA-02,House,VA,True,8.0,False,0.9281505031539279,3.20560518883151,2.4404893810627577,0.7598901473793361,-1.5009219858533234,fixture
H-VA-03,House,VA,False,,False,38.4163053272809,6.914626920419872,6.656779839184758,0.0,-1.5009219858533234,fixture
H-VA-04,House,VA,False,,False,36.38337246929712,7.0812095556133325,6.85605973930902,0.0,-1.5009219858533234,fixture
H-VA-05,House,VA,True,2.0,False,-3.214228049606047,4.235081634188894,3.72768938427519,0.5809040263151275,-1.5009219858533234,fixture
H-VA-06,House,VA,False,,False,-25.03502784615033,6.866466323305425,6.571243456212266,0.0,-1.5009219858533234,fixture
H-VA-07,House,VA,True,1.0,False,7.47722306951383,4.389052237926139,3.970990931574865,0.5498767810666554,-1.5009219858533234,fixture
H-VA-08,House,VA,False,,False,54.64260399105217,7.006875042494469,6.738595767485177,0.0,-1.5009219858533234,fixture
H-VA-09,House,VA,False,,False,-42.39713248832065,6.838976274831333,6.585909609170336,0.0,-1.5009219858533234,fixture
H-VA-10,House,VA,True,2.0,False,12.684004108348498,4.231840526578095,3.697715592062447,0.5815452490826497,-1.5009219858533234,fixture
H-VA-11,House,VA,False,,False,39.04889737372276,6.975379292042017,6.633731334833912,0.0,-1.5009219858533234,fixture
H-WA-01,House,WA,False,,False,29.822234842214275,6.9976701927134295,6.7293511757165705,0.0,-1.5009219858533234,fixture
H-WA-02,House,WA,True,1.0,False,17.762651106897156,4.976728834238532,4.520114064051399,0.4212674990111934,-1.5009219858533234,fixture
H-WA-03,House,WA,True,1.0,False,-10.672229626945443,4.49738248876334,4.010326475252657,0.5273827536398434,-1.5009219858533234,fixture
H-WA-04,House,WA,False,,False,-21.694496889999847,7.056077071169775,6.7814452412167014,0.0,-1.5009219858533234,fixture
H-WA-05,House,WA,False,,False,-14.521162614341286,7.12365018529265,6.8607763895974445,0.0,-1.5009219858533234,fixture
H-WA-06,House,WA,False,,False,17.366831465232693,7.235098972040868,6.955333711193993,0.0,-1.5009219858533234,fixture
H-WA-07,House,WA,False,,False,72.1804075596925,6.941745412543065,6.705529078827512,0.0,-1.5009219858533234,fixture
H-WA-08,House,WA,True,2.0,False,11.730532631813304,4.234650550124149,3.6087094270989653,0.5809893405624491,-1.5009219858533234,fixture
H-WA-09,House,WA,False,,False,44.19151791842801,7.116229273413465,6.865113897358267,0.0,-1.5009219858533234,fixture
H-WA-10,House,WA,False,,False,17.910566130710087,6.915760545192702,6.674362284312494,0.0,-1.5009219858533234,fixture
H-WV-01,House,WV,False,,False,-30.817601335283758,6.862486374795989,6.598476782662941,0.0,-1.5009219858533234,fixture
H-WV-02,House,WV,False,,False,-30.32357224913993,7.060902936456084,6.7991389234190995,0.0,-1.5009219858533234,fixture
H-WI-01,House,WI,True,2.0,False,1.2536357526341886,4.251477150909711,3.7205056929161695,0.577652804138082,-1.5009219858533234,fixture
H-WI-02,House,WI,False,,False,43.65061264351119,7.003760104891667,6.750611432085903,0.0,-1.5009219858533234,fixture
H-WI-03,House,WI,False,,False,-5.476806410609655,7.37505634673794,7.066778820743314,0.0,-1.5009219858533234,fixture
H-WI-04,House,WI,False,,False,54.43701571206704,7.259650686917174,6.968898209997488,0.0,-1.5009219858533234,fixture
H-WI-05,House,WI,False,,False,-24.05396768071366,6.793444424478632,6.518481745332041,0.0,-1.5009219858533234,fixture
H-WI-06,House,WI,False,,False,-16.421508533764694,7.172697790091532,6.896198354842876,0.0,-1.5009219858533234,fixture
H-WI-07,House,WI,False,,False,-20.000505470494158,6.815747055165986,6.563000083019044,0.0,-1.5009219858533234,fixture
H-WI-08,House,WI,True,1.0,False,-9.314774152314207,5.155081038558513,4.797275854877594,0.3790438824335025,-1.5009219858533234,fixture
H-WY-01,House,WY,False,,False,-45.16351329735667,7.152351140237579,6.848606960492874,0.0,-1.5009219858533234,fixture
S-AL,Senate,AL,False,,False,-20.12488443527682,8.242309448480672,8.125583879373112,0.0,-1.5009219858533234,fixture
S-AK,Senate,AK,True,2.0,False,-10.714513854556596,4.286437109880603,3.8491063520102453,0.7055955239818612,-1.5009219858533234,fixture
S-AR,Senate,AR,False,,False,-25.749419003702467,8.406978695427346,8.26970167878985,0.0,-1.5009219858533234,fixture
S-CO,Senate,CO,True,1.0,False,11.314808254368685,5.176554523823236,4.914528885871386,0.5706286311432337,-1.5009219858533234,fixture
S-DE,Senate,DE,False,,False,21.284185825345908,8.388367350672569,8.25441137252689,0.0,-1.5009219858533234,fixture
S-GA,Senate,GA,True,9.0,False,4.893020334849032,3.34659664924382,2.751954806915303,0.8205438939361569,-1.5009219858533234,fixture
S-ID,Senate,ID,False,,False,-30.586977576273416,7.985399403510622,7.799378339234619,0.0,-1.5009219858533234,fixture
S-IL,Senate,IL,True,1.0,False,17.57448419536123,4.8611457630229715,4.465616954102704,0.6213580015470483,-1.5009219858533234,fixture
S-IA,Senate,IA,True,5.0,False,-4.686346943034972,3.394163950912231,2.766633194020014,0.8154061918754524,-1.5009219858533234,fixture
S-KS,Senate,KS,True,2.0,False,-7.887910085813476,4.104481210518184,3.6484148340865663,0.7300595049706288,-1.5009219858533234,fixture
S-KY,Senate,KY,True,1.0,False,-14.511604255996057,5.473981808664996,5.180516973954608,0.5198707153457867,-1.5009219858533234,fixture
S-LA,Senate,LA,False,,False,-16.69745288802948,8.197641191032494,8.058952584591523,0.0,-1.5009219858533234,fixture
S-ME,Senate,ME,True,10.0,False,6.514256024291859,3.202862093437164,2.5172886502687843,0.8356279486169315,-1.5009219858533234,fixture
S-MA,Senate,MA,True,1.0,False,33.60376946056961,4.991532122210428,4.6775085710562605,0.600773614497373,-1.5009219858533234,fixture
S-MI,Senate,MI,True,11.0,False,3.1806844526339035,3.2424455711316447,2.5840435526995766,0.8315399654698606,-1.5009219858533234,fixture
S-MN,Senate,MN,True,5.0,False,6.893566919516796,3.516384815509042,2.9160255656794005,0.8018727150419035,-1.5009219858533234,fixture
S-MS,Senate,MS,True,1.0,False,-11.013656344534667,5.516124013139192,5.239407775914485,0.5124495754191525,-1.5009219858533234,fixture
S-MT,Senate,MT,False,,False,-16.40020616683524,8.115660765667707,8.02389013763149,0.0,-1.5009219858533234,fixture
S-NE,Senate,NE,False,,False,-19.83087969223712,8.278304185038667,8.140300202818743,0.0,-1.5009219858533234,fixture
S-NH,Senate,NH,True,4.0,False,8.18812347058201,3.6036051922216332,3.071050511021304,0.7919221248972201,-1.5009219858533234,fixture
S-NJ,Senate,NJ,True,1.0,False,18.01819017735862,4.7696936714279214,4.369260415834937,0.6354706746261399,-1.5009219858533234,fixture
S-NM,Senate,NM,True,2.0,False,4.295295035054455,4.645300983253879,4.232465866662434,0.6542364462686828,-1.5009219858533234,fixture
S-NC,Senate,NC,True,9.0,False,-1.2691346285338936,3.275290448815401,2.5829044941288664,0.8281097933568672,-1.5009219858533234,fixture
S-OK,Senate,OK,False,,False,-30.88599988579677,8.254943905117058,8.103193400111959,0.0,-1.5009219858533234,fixture
S-OR,Senate,OR,False,,False,18.98063555748244,8.393583025044483,8.24603955871992,0.0,-1.5009219858533234,fixture
S-RI,Senate,RI,False,,False,29.69564789347028,8.429999715768734,8.301061969041902,0.0,-1.5009219858533234,fixture
S-SC,Senate,SC,False,,False,-14.55366477156847,8.06419734866703,7.934055446271437,0.0,-1.5009219858533234,fixture
S-SD,Senate,SD,False,,False,-26.603256360023227,7.925219579988667,7.764244889383468,0.0,-1.5009219858533234,fixture
S-TN,Senate,TN,True,1.0,False,-22.20335576199699,5.389638151374695,5.077458643772533,0.5345524878186219,-1.5009219858533234,fixture
S-TX,Senate,TX,True,1.0,False,-16.17904007647351,5.072651710925384,4.781947359282674,0.5876921671568116,-1.5009219858533234,fixture
S-VA,Senate,VA,True,6.0,False,7.626444602667629,3.376195274006819,2.760208651586061,0.8173554946825609,-1.5009219858533234,fixture
S-WV,Senate,WV,False,,False,-29.78509929018278,8.339316515170532,8.285037897053707,0.0,-1.5009219858533234,fixture
S-WY,Senate,WY,False,,False,-41.90559312225486,8.12375181151951,7.99217137959616,0.0,-1.5009219858533234,fixture
S-OH-special,Senate,OH,False,,False,-9.335634547998545,8.075059252644099,7.951788887404798,0.0,-1.5009219858533234,fixture
S-FL-special,Senate,FL,True,8.0,False,1.7503385298919778,3.294150877304354,2.6846816740290427,0.8261244689139107,-1.5009219858533234,fixture
G-AL,Governor,AL,False,,False,-16.171440151541155,14.200556033531644,14.045439584818395,0.0,-1.5009219858533234,fixture
G-AK,Governor,AK,True,6.0,False,-3.9476056917014,3.4391495496041626,2.7796180509146025,0.9407352172064595,-1.5009219858533234,fixture
G-AZ,Governor,AZ,True,3.0,False,-2.9630905523662823,4.265348568531013,3.8174715976104476,0.9088401440359769,-1.5009219858533234,fixture
G-AR,Governor,AR,False,,False,-23.6026711075135,14.290023512900602,14.20224990960259,0.0,-1.5009219858533234,fixture
G-CA,Governor,CA,False,,False,13.61781876514789,14.51045190035771,14.387573032072993,0.0,-1.5009219858533234,fixture
G-CO,Governor,CO,True,4.0,False,1.2989603859496694,3.8658547909019867,3.3196146002045337,0.9251165838462667,-1.5009219858533234,fixture
G-CT,Governor,CT,False,,False,13.854791330552244,14.183694488740667,14.070502449321673,0.0,-1.5009219858533234,fixture
G-FL,Governor,FL,True,5.0,False,-4.543512737764042,3.6585008895728017,3.0050272299188334,0.9329342316708629,-1.5009219858533234,fixture
G-GA,Governor,GA,True,2.0,False,-1.5972668393539475,4.9384133550925435,4.501709617597378,0.8778004936984117,-1.5009219858533234,fixture
G-HI,Governor,HI,False,,False,25.403438180831255,13.951808673695407,13.878207086172505,0.0,-1.5009219858533234,fixture
G-ID,Governor,ID,False,,False,-26.745732024091243,14.438371313275221,14.38448816239894,0.0,-1.5009219858533234,fixture
G-IL,Governor,IL,True,2.0,False,20.449123215160558,4.864250467165293,4.423168499218123,0.8814432097247301,-1.5009219858533234,fixture
G-IA,Governor,IA,True,4.0,False,-5.372005806628791,3.7192877094639893,3.082931066339453,0.9306870912854941,-1.5009219858533234,fixture
G-KS,Governor,KS,True,1.0,False,-11.084867797836498,5.337991042153825,4.9276976102396635,0.8572256289310817,-1.5009219858533234,fixture
G-ME,Governor,ME,True,1.0,False,12.370235477217483,4.99065615289125,4.575860432918366,0.8752013544198766,-1.5009219858533234,fixture
G-MD,Governor,MD,False,,False,21.85335261245945,14.404782416376724,14.297960857987658,0.0,-1.5009219858533234,fixture
G-MA,Governor,MA,False,,False,25.97668801824044,14.502713399759969,14.36253637069852,0.0,-1.5009219858533234,fixture
G-MI,Governor,MI,True,4.0,False,5.997806645998013,4.030501728214333,3.4901497581916168,0.9186021754814061,-1.5009219858533234,fixture
G-MN,Governor,MN,False,,False,1.7132262693917673,14.379954399359423,14.241220260094089,0.0,-1.5009219858533234,fixture
G-NE,Governor,NE,False,,False,-19.20951718308332,14.358349897414671,14.26324302787482,0.0,-1.5009219858533234,fixture
G-NV,Governor,NV,True,5.0,False,-1.666841422189025,3.7252469447669077,3.0670280017585094,0.930464799883782,-1.5009219858533234,fixture
G-NH,Governor,NH,True,5.0,False,1.3636216651233548,3.4780148794619246,2.78959675360212,0.9393881631255356,-1.5009219858533234,fixture
G-NM,Governor,NM,False,,False,4.7982226789173845,14.22835009383494,14.17808552623261,0.0,-1.5009219858533234,fixture
G-NY,Governor,NY,False,,False,18.36309382123602,14.427359515153912,14.30611091142702,0.0,-1.5009219858533234,fixture
G-OH,Governor,OH,False,,False,-6.047537860535796,14.196493768640222,14.097888735378229,0.0,-1.5009219858533234,fixture
G-OK,Governor,OK,False,,False,-20.805106380911468,14.23976945164696,14.107661208186437,0.0,-1.5009219858533234,fixture
G-OR,Governor,OR,False,,False,13.459027459098802,14.324190852314649,14.224842175745152,0.0,-1.5009219858533234,fixture
G-PA,Governor,PA,True,1.0,False,-0.6189783138037414,6.4981014029442035,6.172599712678075,0.7884234442858951,-1.5009219858533234,fixture
G-RI,Governor,RI,False,,False,20.85880558168758,14.350114016534299,14.280308187826725,0.0,-1.5009219858533234,fixture
G-SC,Governor,SC,True,2.0,False,-12.359973404522197,4.469330633857777,3.9739091322220492,0.8999125688071895,-1.5009219858533234,fixture
G-SD,Governor,SD,False,,False,-23.401121173078632,14.239512593213918,14.136222758126948,0.0,-1.5009219858533234,fixture
G-TN,Governor,TN,False,,False,-15.957283393910059,14.678105109003015,14.55636477904154,0.0,-1.5009219858533234,fixture
G-TX,Governor,TX,True,2.0,False,-5.208844414351588,4.507136977925925,4.018852789130163,0.8982121154451745,-1.5009219858533234,fixture
G-VT,Governor,VT,False,,False,10.777075513995143,14.324071774326951,14.209247768538173,0.0,-1.5009219858533234,fixture
G-WI,Governor,WI,True,3.0,False,-0.9600681566669504,3.9727707354842763,3.424799287125294,0.9209172831968712,-1.5009219858533234,fixture
G-WY,Governor,WY,False,,False,-28.47867611548605,14.905266696281956,14.803307299042801,0.0,-1.5009219858533234,fixture
