poll_id,race_id,office,state,district,pollster,sponsor,partisan,start_date,end_date,sample_size,population,methodology,dem_pct,rep_pct,margin,hypothetical,source,provenance
0f4d7f543697,H-AK-01,House,AK,1,Data for Progress,,,2026-05-25,2026-05-28,600,lv,online,45.1,48.7,-3.6000000000000014,False,fixture,fixture
18b63c7e7646,H-AZ-01,House,AZ,1,Cygnal,,,2026-07-04,2026-07-07,500,rv,mixed,36.7,59.8,-23.099999999999994,False,fixture,fixture
57a3b9868123,H-AZ-01,House,AZ,1,Quinnipiac University,,,2026-07-26,2026-07-29,1000,lv,live phone,42.3,51.6,-9.300000000000004,False,fixture,fixture
da263318dc7a,H-AZ-02,House,AZ,2,Data for Progress,,,2026-04-26,2026-04-29,500,rv,online,41.2,51.7,-10.5,False,fixture,fixture
5eea01c95701,H-AZ-04,House,AZ,4,Fox News/Beacon-Shaw,,,2026-07-12,2026-07-15,800,rv,live phone,51.8,44.9,6.899999999999999,False,fixture,fixture
23955b28bdd3,H-AZ-04,House,AZ,4,Fox News/Beacon-Shaw,,,2026-04-29,2026-05-02,1000,lv,live phone,46.0,48.3,-2.299999999999997,False,fixture,fixture
9276f9be7333,H-AZ-04,House,AZ,4,Cygnal,,,2026-08-28,2026-08-31,1000,rv,mixed,48.6,48.7,-0.10000000000000142,False,fixture,fixture
d84c3f5d51ad,H-AZ-04,House,AZ,4,Marist,,,2026-09-12,2026-09-15,800,rv,live phone,47.8,45.7,2.0999999999999943,False,fixture,fixture
bd82af9a5611,H-AZ-04,House,AZ,4,Data for Progress,,,2026-08-09,2026-08-12,1000,lv,online,48.0,43.3,4.700000000000003,False,fixture,fixture
4d1f60f7b3a7,H-AZ-06,House,AZ,6,Data for Progress,,,2026-07-11,2026-07-14,600,lv,online,44.6,52.3,-7.699999999999996,False,fixture,fixture
9a03010e824e,H-AZ-06,House,AZ,6,YouGov/Economist,,,2026-05-15,2026-05-18,400,lv,online,40.9,54.4,-13.5,False,fixture,fixture
f248991c3742,H-AZ-08,House,AZ,8,Data for Progress,,,2026-08-02,2026-08-05,500,lv,online,35.1,56.9,-21.799999999999997,False,fixture,fixture
cdfa04840a4c,H-AR-02,House,AR,2,Rasmussen Reports,,,2026-07-03,2026-07-06,500,rv,ivr/online,43.4,50.3,-6.899999999999999,False,fixture,fixture
ae197238bd16,H-CA-01,House,CA,1,Data for Progress,,,2026-07-28,2026-07-31,500,lv,online,41.6,52.7,-11.100000000000001,False,fixture,fixture
01a7eb9e1973,H-CA-03,House,CA,3,Rasmussen Reports,,,2026-09-01,2026-09-04,1000,lv,ivr/online,45.1,47.8,-2.6999999999999957,False,fixture,fixture
25a6ee93fb76,H-CA-13,House,CA,13,Trafalgar Group,,,2026-05-06,2026-05-09,1000,rv,mixed,51.1,42.2,8.899999999999999,False,fixture,fixture
8832fcbebb02,H-CA-13,House,CA,13,Rasmussen Reports,,,2026-09-06,2026-09-09,600,lv,ivr/online,48.9,45.6,3.299999999999997,False,fixture,fixture
f686079fda57,H-CA-13,House,CA,13,Cygnal,,,2026-08-06,2026-08-09,1000,lv,mixed,51.1,45.1,6.0,False,fixture,fixture
e9c3fe0ee3f6,H-CA-23,House,CA,23,Siena/NYT,,,2026-08-08,2026-08-11,1000,lv,live phone,43.3,51.8,-8.5,False,fixture,fixture
ccd8bd2788fe,H-CA-23,House,CA,23,Siena/NYT,,,2026-04-21,2026-04-24,1000,rv,live phone,44.1,51.1,-7.0,False,fixture,fixture
b6b3a716b7e4,H-CA-27,House,CA,27,Emerson College,,,2026-07-10,2026-07-13,400,rv,ivr/online,55.9,39.9,16.0,False,fixture,fixture
bd17c86141f6,H-CA-40,House,CA,40,Emerson College,,,2026-07-06,2026-07-09,600,lv,ivr/online,45.4,47.5,-2.1000000000000014,False,fixture,fixture
ced5aa7b5184,H-CA-40,House,CA,40,Emerson College,,,2026-08-13,2026-08-16,1000,rv,ivr/online,50.5,42.3,8.200000000000003,False,fixture,fixture
4e9359318136,H-CA-40,House,CA,40,Public Policy Polling,,,2026-07-07,2026-07-10,1000,lv,ivr,48.0,45.2,2.799999999999997,False,fixture,fixture
b627eab02f17,H-CA-40,House,CA,40,Quinnipiac University,,,2026-07-27,2026-07-30,400,lv,live phone,46.4,46.2,0.19999999999999574,False,fixture,fixture
2362166888f8,H-CA-40,House,CA,40,YouGov/Economist,,,2026-04-30,2026-05-03,600,rv,online,57.2,40.8,16.400000000000006,False,fixture,fixture
0c282a240b92,H-CA-40,House,CA,40,Data for Progress,,,2026-08-17,2026-08-20,600,lv,online,50.5,40.0,10.5,False,fixture,fixture
2fb5a28b1774,H-CA-40,House,CA,40,Morning Consult,,,2026-07-14,2026-07-17,600,lv,online,43.3,52.3,-9.0,False,fixture,fixture
ed57bf3d5454,H-CA-41,House,CA,41,Quinnipiac University,,,2026-07-27,2026-07-30,600,lv,live phone,46.2,47.7,-1.5,False,fixture,fixture
21c7da995ecf,H-CA-41,House,CA,41,Fox News/Beacon-Shaw,,,2026-04-26,2026-04-29,400,rv,live phone,44.3,48.5,-4.200000000000003,False,fixture,fixture
7295926ce0a5,H-CA-41,House,CA,41,Trafalgar Group,,,2026-04-29,2026-05-02,500,rv,mixed,43.3,51.3,-8.0,False,fixture,fixture
7f16df0e488e,H-CA-45,House,CA,45,Data for Progress,,,2026-06-13,2026-06-16,1000,lv,online,52.6,42.6,10.0,False,fixture,fixture
a9eaa89e719f,H-CA-45,House,CA,45,Quinnipiac University,,,2026-06-28,2026-07-01,500,lv,live phone,48.6,49.3,-0.6999999999999957,False,fixture,fixture
1d91cdaa358f,H-CA-47,House,CA,47,Trafalgar Group,,,2026-08-29,2026-09-01,600,lv,mixed,54.4,39.3,15.100000000000001,False,fixture,fixture
c6e7048ca88f,H-CA-47,House,CA,47,Morning Consult,,,2026-04-19,2026-04-22,600,rv,online,56.7,36.0,20.700000000000003,False,fixture,fixture
d4552c3e4f8f,H-CA-47,House,CA,47,Trafalgar Group,,,2026-07-22,2026-07-25,500,lv,mixed,52.6,44.0,8.600000000000001,False,fixture,fixture
bf3bf9aabfcd,H-CO-03,House,CO,3,Quinnipiac University,,,2026-07-10,2026-07-13,600,lv,live phone,38.8,52.5,-13.700000000000003,False,fixture,fixture
d7eaaf32af9f,H-CO-04,House,CO,4,Quinnipiac University,,,2026-06-21,2026-06-24,1000,lv,live phone,32.6,59.1,-26.5,False,fixture,fixture
2a24267a1935,H-CO-06,House,CO,6,Trafalgar Group,,,2026-06-13,2026-06-16,500,rv,mixed,52.1,37.7,14.399999999999999,False,fixture,fixture
7b91e481bcae,H-CO-08,House,CO,8,Emerson College,,,2026-04-17,2026-04-20,1000,lv,ivr/online,49.4,43.7,5.699999999999996,False,fixture,fixture
bc440d91e9de,H-CO-08,House,CO,8,Data for Progress,,,2026-04-28,2026-05-01,400,lv,online,54.2,40.1,14.100000000000001,False,fixture,fixture
b03615da28d2,H-CO-08,House,CO,8,Trafalgar Group,,,2026-08-08,2026-08-11,600,lv,mixed,41.6,52.1,-10.5,False,fixture,fixture
62dc8983eb63,H-CO-08,House,CO,8,Rasmussen Reports,,,2026-04-21,2026-04-24,800,lv,ivr/online,44.6,52.0,-7.399999999999999,False,fixture,fixture
9dfb2754698a,H-CO-08,House,CO,8,Public Policy Polling,,,2026-05-06,2026-05-09,400,lv,ivr,48.2,44.5,3.700000000000003,False,fixture,fixture
49fafad256a3,H-CO-08,House,CO,8,Marist,,,2026-09-06,2026-09-09,500,lv,live phone,48.2,49.7,-1.5,False,fixture,fixture
0f698734a742,H-CO-08,House,CO,8,Trafalgar Group,,,2026-07-11,2026-07-14,1000,lv,mixed,48.6,46.2,2.3999999999999986,False,fixture,fixture
912cb325426a,H-CO-08,House,CO,8,Data for Progress,,,2026-05-22,2026-05-25,400,rv,online,52.0,41.8,10.200000000000003,False,fixture,fixture
f3f4662d50fe,H-CO-08,House,CO,8,YouGov/Economist,,,2026-07-23,2026-07-26,800,lv,online,52.7,40.6,12.100000000000001,False,fixture,fixture
aba8ab1201a5,H-CT-03,House,CT,3,YouGov/Economist,,,2026-09-06,2026-09-09,800,lv,online,53.4,41.3,12.100000000000001,False,fixture,fixture
4fdf2ed372d6,H-CT-05,House,CT,5,Marist,,,2026-09-05,2026-09-08,600,lv,live phone,47.8,45.9,1.8999999999999986,False,fixture,fixture
527d674bcd2a,H-FL-07,House,FL,7,Data for Progress,,,2026-06-01,2026-06-04,800,lv,online,42.2,48.4,-6.199999999999996,False,fixture,fixture
b706749853cd,H-FL-07,House,FL,7,YouGov/Economist,,,2026-05-20,2026-05-23,500,lv,online,45.3,48.5,-3.200000000000003,False,fixture,fixture
15067b0444f0,H-FL-08,House,FL,8,Siena/NYT,,,2026-06-01,2026-06-04,1000,lv,live phone,39.3,57.4,-18.1,False,fixture,fixture
0784fab04313,H-FL-09,House,FL,9,Data for Progress,,,2026-07-04,2026-07-07,600,lv,online,55.9,34.8,21.1,False,fixture,fixture
af9f02e18756,H-FL-11,House,FL,11,Morning Consult,,,2026-05-31,2026-06-03,800,rv,online,43.1,52.4,-9.299999999999997,False,fixture,fixture
71d4b25247f3,H-FL-14,House,FL,14,Quinnipiac University,,,2026-05-31,2026-06-03,600,lv,live phone,45.7,47.2,-1.5,False,fixture,fixture
012cd4a20d69,H-FL-15,House,FL,15,Quinnipiac University,,,2026-08-25,2026-08-28,400,lv,live phone,41.8,51.7,-9.900000000000006,False,fixture,fixture
43ef72d9d2ed,H-FL-15,House,FL,15,Cygnal,,,2026-07-23,2026-07-26,600,lv,mixed,39.1,58.7,-19.6,False,fixture,fixture
812bb103ccc9,H-FL-16,House,FL,16,Rasmussen Reports,,,2026-05-17,2026-05-20,400,lv,ivr/online,37.7,56.5,-18.799999999999997,False,fixture,fixture
fc8f94c4dc5d,H-FL-17,House,FL,17,Quinnipiac University,,,2026-09-08,2026-09-11,800,rv,live phone,42.0,54.1,-12.100000000000001,False,fixture,fixture
eed71628d1e8,H-FL-17,House,FL,17,Data for Progress,,,2026-07-21,2026-07-24,500,rv,online,37.6,56.6,-19.0,False,fixture,fixture
113803ffc86a,H-FL-21,House,FL,21,Data for Progress,,,2026-06-28,2026-07-01,600,lv,online,37.1,53.9,-16.799999999999997,False,fixture,fixture
5591ceee89e8,H-FL-26,House,FL,26,Marist,,,2026-06-06,2026-06-09,500,rv,live phone,44.9,45.9,-1.0,False,fixture,fixture
59474c1bfa1e,H-FL-26,House,FL,26,Morning Consult,,,2026-08-28,2026-08-31,400,lv,online,41.6,52.4,-10.799999999999997,False,fixture,fixture
039aafcb1ba2,H-FL-27,House,FL,27,Quinnipiac University,,,2026-05-18,2026-05-21,400,lv,live phone,40.4,48.7,-8.300000000000004,False,fixture,fixture
34b627a9f47f,H-FL-27,House,FL,27,Fox News/Beacon-Shaw,,,2026-05-23,2026-05-26,600,lv,live phone,52.6,38.4,14.200000000000003,False,fixture,fixture
881d1d25abf5,H-FL-28,House,FL,28,Emerson College,,,2026-08-25,2026-08-28,1000,rv,ivr/online,50.4,44.0,6.399999999999999,False,fixture,fixture
dca1cc8a6c90,H-FL-28,House,FL,28,Trafalgar Group,,,2026-05-10,2026-05-13,600,rv,mixed,44.0,51.4,-7.399999999999999,False,fixture,fixture
cf338ec36692,H-FL-28,House,FL,28,Rasmussen Reports,,,2026-08-25,2026-08-28,400,rv,ivr/online,46.2,47.9,-1.6999999999999957,False,fixture,fixture
666caeaa94ad,H-FL-28,House,FL,28,Cygnal,,,2026-06-08,2026-06-11,1000,rv,mixed,49.2,49.9,-0.6999999999999957,False,fixture,fixture
845b225eaa37,H-FL-28,House,FL,28,Rasmussen Reports,,,2026-08-17,2026-08-20,400,lv,ivr/online,48.0,46.1,1.8999999999999986,False,fixture,fixture
4b9ff625e7af,H-GA-02,House,GA,2,Data for Progress,,,2026-09-11,2026-09-14,400,rv,online,50.8,45.5,5.299999999999997,False,fixture,fixture
9477c1704ba7,H-GA-02,House,GA,2,YouGov/Economist,,,2026-07-07,2026-07-10,600,lv,online,49.8,41.6,8.199999999999996,False,fixture,fixture
281a1b7fe4d9,H-GA-02,House,GA,2,Emerson College,,,2026-09-04,2026-09-07,400,lv,ivr/online,49.7,42.8,6.900000000000006,False,fixture,fixture
f0714d638a93,H-GA-02,House,GA,2,Public Policy Polling,,,2026-04-29,2026-05-02,1000,lv,ivr,54.7,40.7,14.0,False,fixture,fixture
77de15710a06,H-GA-02,House,GA,2,Trafalgar Group,,,2026-06-17,2026-06-20,1000,rv,mixed,49.2,44.4,4.800000000000004,False,fixture,fixture
8532cd71aea2,H-GA-02,House,GA,2,Rasmussen Reports,,,2026-09-11,2026-09-14,600,lv,ivr/online,47.6,46.5,1.1000000000000014,False,fixture,fixture
2288e57c743d,H-GA-07,House,GA,7,Public Policy Polling,,,2026-05-31,2026-06-03,800,lv,ivr,59.4,37.5,21.9,False,fixture,fixture
4949617393af,H-GA-12,House,GA,12,YouGov/Economist,,,2026-07-29,2026-08-01,800,lv,online,44.0,49.7,-5.700000000000003,False,fixture,fixture
f16e7d5b76ec,H-IL-06,House,IL,6,Quinnipiac University,,,2026-07-16,2026-07-19,1000,lv,live phone,47.4,47.1,0.29999999999999716,False,fixture,fixture
2484dbc682f4,H-IL-06,House,IL,6,Marist,,,2026-04-19,2026-04-22,800,rv,live phone,47.5,41.5,6.0,False,fixture,fixture
6427524ed952,H-IL-08,House,IL,8,Siena/NYT,,,2026-09-03,2026-09-06,400,lv,live phone,48.6,43.2,5.399999999999999,False,fixture,fixture
5ecf5425633b,H-IL-08,House,IL,8,Fox News/Beacon-Shaw,,,2026-06-05,2026-06-08,800,lv,live phone,53.5,42.7,10.799999999999997,False,fixture,fixture
67c57f27ffd5,H-IL-13,House,IL,13,Quinnipiac University,,,2026-07-31,2026-08-03,1000,rv,live phone,53.5,41.2,12.299999999999997,False,fixture,fixture
d8f189cca245,H-IL-14,House,IL,14,Data for Progress,,,2026-05-14,2026-05-17,800,rv,online,55.0,40.6,14.399999999999999,False,fixture,fixture
444d9b817741,H-IL-17,House,IL,17,Siena/NYT,,,2026-07-09,2026-07-12,500,lv,live phone,49.6,42.8,6.800000000000004,False,fixture,fixture
a90dc9274bc7,H-IL-17,House,IL,17,Data for Progress,,,2026-05-28,2026-05-31,1000,lv,online,51.5,40.0,11.5,False,fixture,fixture
65e9111bddc8,H-IL-17,House,IL,17,Emerson College,,,2026-05-10,2026-05-13,500,lv,ivr/online,44.3,49.2,-4.900000000000006,False,fixture,fixture
2d03c3378d51,H-IN-01,House,IN,1,Siena/NYT,,,2026-07-22,2026-07-25,400,lv,live phone,48.3,41.7,6.599999999999994,False,fixture,fixture
c32f20c50174,H-IN-05,House,IN,5,Emerson College,,,2026-07-17,2026-07-20,1000,rv,ivr/online,39.0,54.2,-15.200000000000003,False,fixture,fixture
de58ba3decef,H-IN-05,House,IN,5,Marist,,,2026-08-10,2026-08-13,400,lv,live phone,32.3,61.7,-29.400000000000006,False,fixture,fixture
0050e3a2c59c,H-IA-01,House,IA,1,Siena/NYT,,,2026-06-24,2026-06-27,500,lv,live phone,39.8,54.2,-14.400000000000006,False,fixture,fixture
90efc8bdc4a8,H-IA-01,House,IA,1,Fox News/Beacon-Shaw,,,2026-06-14,2026-06-17,1000,lv,live phone,49.6,45.7,3.8999999999999986,False,fixture,fixture
61e4a0fe0676,H-IA-02,House,IA,2,Marist,,,2026-06-22,2026-06-25,800,lv,live phone,48.2,45.9,2.3000000000000043,False,fixture,fixture
ca29ffb6efc4,H-IA-02,House,IA,2,Cygnal,,,2026-04-20,2026-04-23,600,rv,mixed,48.8,48.6,0.19999999999999574,False,fixture,fixture
c9b6890a2883,H-IA-02,House,IA,2,Cygnal,,,2026-07-22,2026-07-25,500,lv,mixed,51.2,44.5,6.700000000000003,False,fixture,fixture
f62255eeb08e,H-IA-03,House,IA,3,Fox News/Beacon-Shaw,,,2026-06-11,2026-06-14,600,lv,live phone,47.5,47.8,-0.29999999999999716,False,fixture,fixture
49d1686ab457,H-IA-03,House,IA,3,Public Policy Polling,,,2026-08-29,2026-09-01,1000,rv,ivr,51.1,41.7,9.399999999999999,False,fixture,fixture
b5018344ef78,H-IA-03,House,IA,3,Public Policy Polling,,,2026-07-21,2026-07-24,800,lv,ivr,46.3,45.8,0.5,False,fixture,fixture
66e9fa53c202,H-IA-03,House,IA,3,Data for Progress,,,2026-05-03,2026-05-06,600,lv,online,49.7,42.2,7.5,False,fixture,fixture
aafc686a900d,H-IA-03,House,IA,3,Trafalgar Group,,,2026-06-10,2026-06-13,400,lv,mixed,48.9,44.3,4.600000000000001,False,fixture,fixture
da782e1be029,H-KS-03,House,KS,3,Public Policy Polling,,,2026-04-22,2026-04-25,1000,lv,ivr,48.6,46.4,2.200000000000003,False,fixture,fixture
ad9a2e60ca7b,H-KS-03,House,KS,3,Quinnipiac University,,,2026-05-05,2026-05-08,1000,rv,live phone,40.3,49.8,-9.5,False,fixture,fixture
0fe77482643e,H-KS-03,House,KS,3,Quinnipiac University,,,2026-07-02,2026-07-05,800,lv,live phone,47.6,43.1,4.5,False,fixture,fixture
d83366d1bb0e,H-KS-03,House,KS,3,Cygnal,,,2026-05-14,2026-05-17,800,rv,mixed,47.5,50.6,-3.1000000000000014,False,fixture,fixture
6ca9b24739f7,H-KY-03,House,KY,3,Fox News/Beacon-Shaw,,,2026-04-18,2026-04-21,1000,lv,live phone,57.8,34.9,22.9,False,fixture,fixture
83682632ee11,H-ME-02,House,ME,2,Quinnipiac University,,,2026-09-08,2026-09-11,800,lv,live phone,41.3,54.2,-12.900000000000006,False,fixture,fixture
e1e2ec1f2c02,H-ME-02,House,ME,2,Quinnipiac University,,,2026-04-17,2026-04-20,500,rv,live phone,47.1,45.3,1.8000000000000043,False,fixture,fixture
115bff4d15c3,H-MD-02,House,MD,2,Trafalgar Group,,,2026-07-19,2026-07-22,500,lv,mixed,51.8,39.4,12.399999999999999,False,fixture,fixture
54948012f081,H-MD-03,House,MD,3,Public Policy Polling,,,2026-05-22,2026-05-25,1000,lv,ivr,54.0,40.6,13.399999999999999,False,fixture,fixture
4b5772d64abb,H-MD-06,House,MD,6,Siena/NYT,,,2026-05-03,2026-05-06,1000,lv,live phone,49.8,43.7,6.099999999999994,False,fixture,fixture
a60dd6ae09b1,H-MD-06,House,MD,6,Morning Consult,,,2026-06-20,2026-06-23,400,lv,online,54.2,42.4,11.800000000000004,False,fixture,fixture
71875e8cd28e,H-MA-04,House,MA,4,Emerson College,,,2026-07-12,2026-07-15,500,lv,ivr/online,61.7,32.5,29.200000000000003,False,fixture,fixture
8520b32be722,H-MA-09,House,MA,9,Morning Consult,,,2026-07-13,2026-07-16,600,lv,online,60.2,33.4,26.800000000000004,False,fixture,fixture
d415b4476b79,H-MI-02,House,MI,2,Emerson College,,,2026-04-16,2026-04-19,800,lv,ivr/online,32.4,59.7,-27.300000000000004,False,fixture,fixture
8c850fd63044,H-MI-03,House,MI,3,Rasmussen Reports,,,2026-06-01,2026-06-04,800,rv,ivr/online,46.0,48.0,-2.0,False,fixture,fixture
2e496e8e4824,H-MI-03,House,MI,3,Trafalgar Group,,,2026-06-15,2026-06-18,800,lv,mixed,50.6,45.2,5.399999999999999,False,fixture,fixture
1088ea81366a,H-MI-03,House,MI,3,Quinnipiac University,,,2026-04-27,2026-04-30,400,lv,live phone,51.0,43.6,7.399999999999999,False,fixture,fixture
7e52345046ea,H-MI-04,House,MI,4,Siena/NYT,,,2026-06-11,2026-06-14,400,lv,live phone,45.5,45.5,0.0,False,fixture,fixture
beec8fdb136b,H-MI-07,House,MI,7,Cygnal,,,2026-06-09,2026-06-12,1000,lv,mixed,44.3,49.2,-4.900000000000006,False,fixture,fixture
a6e16568e186,H-MI-07,House,MI,7,Public Policy Polling,,,2026-09-11,2026-09-14,600,lv,ivr,49.1,51.2,-2.1000000000000014,False,fixture,fixture
d4f125c9b4fa,H-MI-07,House,MI,7,Rasmussen Reports,,,2026-06-30,2026-07-03,400,lv,ivr/online,42.1,48.2,-6.100000000000001,False,fixture,fixture
cfe252bc68ae,H-MI-07,House,MI,7,YouGov/Economist,,,2026-04-19,2026-04-22,600,lv,online,52.0,40.9,11.100000000000001,False,fixture,fixture
fff081ec7b29,H-MI-08,House,MI,8,Trafalgar Group,,,2026-06-12,2026-06-15,400,lv,mixed,47.2,44.9,2.3000000000000043,False,fixture,fixture
9351c192aa43,H-MI-08,House,MI,8,Data for Progress,,,2026-05-15,2026-05-18,1000,lv,online,47.1,48.2,-1.1000000000000014,False,fixture,fixture
ff06549953f5,H-MI-08,House,MI,8,Trafalgar Group,,,2026-09-01,2026-09-04,600,rv,mixed,53.7,43.0,10.700000000000003,False,fixture,fixture
18111e2a3dd0,H-MI-08,House,MI,8,Rasmussen Reports,,,2026-04-23,2026-04-26,400,rv,ivr/online,45.5,46.9,-1.3999999999999986,False,fixture,fixture
3807a7558bcc,H-MI-08,House,MI,8,Siena/NYT,,,2026-07-15,2026-07-18,1000,lv,live phone,50.8,38.7,12.099999999999994,False,fixture,fixture
a007636aaa50,H-MI-11,House,MI,11,Morning Consult,,,2026-09-09,2026-09-12,500,lv,online,55.1,37.3,17.800000000000004,False,fixture,fixture
d3f67ef0e7f4,H-MN-01,House,MN,1,Siena/NYT,,,2026-07-28,2026-07-31,500,rv,live phone,44.2,51.7,-7.5,False,fixture,fixture
6743463326b6,H-MN-02,House,MN,2,Trafalgar Group,,,2026-05-10,2026-05-13,1000,lv,mixed,45.3,49.1,-3.8000000000000043,False,fixture,fixture
54146e8453a6,H-MN-02,House,MN,2,Public Policy Polling,,,2026-04-25,2026-04-28,500,lv,ivr,52.0,41.2,10.799999999999997,False,fixture,fixture
b6aecd6f120f,H-MN-02,House,MN,2,Cygnal,,,2026-09-01,2026-09-04,400,lv,mixed,52.5,39.8,12.700000000000003,False,fixture,fixture
ff2c78164ffc,H-MN-03,House,MN,3,Quinnipiac University,,,2026-07-19,2026-07-22,1000,lv,live phone,53.5,40.7,12.799999999999997,False,fixture,fixture
c76c79962425,H-MN-03,House,MN,3,Quinnipiac University,,,2026-05-08,2026-05-11,600,lv,live phone,55.4,41.4,14.0,False,fixture,fixture
0399ee5e6e5a,H-MN-06,House,MN,6,Public Policy Polling,,,2026-09-11,2026-09-14,600,lv,ivr,32.5,62.5,-30.0,False,fixture,fixture
5feb0c51441f,H-MN-08,House,MN,8,Data for Progress,,,2026-04-27,2026-04-30,500,rv,online,41.0,50.8,-9.799999999999997,False,fixture,fixture
c2fc87c09a30,H-MN-08,House,MN,8,Fox News/Beacon-Shaw,,,2026-05-21,2026-05-24,400,lv,live phone,38.2,55.8,-17.599999999999994,False,fixture,fixture
672ccfa311fa,H-MS-03,House,MS,3,Morning Consult,,,2026-04-23,2026-04-26,400,lv,online,30.6,66.9,-36.300000000000004,False,fixture,fixture
aab894991332,H-MT-01,House,MT,1,Emerson College,,,2026-05-10,2026-05-13,800,rv,ivr/online,42.3,53.9,-11.600000000000001,False,fixture,fixture
0df34d36b05e,H-NE-02,House,NE,2,Rasmussen Reports,,,2026-04-24,2026-04-27,500,rv,ivr/online,51.3,44.8,6.5,False,fixture,fixture
b56d40b5fd4b,H-NE-02,House,NE,2,Emerson College,,,2026-05-24,2026-05-27,800,rv,ivr/online,48.1,44.3,3.8000000000000043,False,fixture,fixture
ae81adb8d924,H-NE-02,House,NE,2,YouGov/Economist,,,2026-09-09,2026-09-12,1000,rv,online,48.9,48.0,0.8999999999999986,False,fixture,fixture
0b636f722dee,H-NE-02,House,NE,2,Quinnipiac University,,,2026-08-17,2026-08-20,1000,lv,live phone,47.6,44.7,2.8999999999999986,False,fixture,fixture
6577e073a558,H-NE-02,House,NE,2,Emerson College,,,2026-05-23,2026-05-26,600,lv,ivr/online,56.7,36.0,20.700000000000003,False,fixture,fixture
dd8af4a962ff,H-NE-02,House,NE,2,Cygnal,,,2026-07-22,2026-07-25,800,lv,mixed,49.0,43.8,5.200000000000003,False,fixture,fixture
4b8b9048ba51,H-NE-02,House,NE,2,Cygnal,,,2026-06-07,2026-06-10,600,lv,mixed,53.9,41.9,12.0,False,fixture,fixture
7e7b460732a3,H-NE-02,House,NE,2,Emerson College,,,2026-04-24,2026-04-27,800,lv,ivr/online,47.2,46.5,0.7000000000000028,False,fixture,fixture
764d621511e9,H-NV-01,House,NV,1,Data for Progress,,,2026-08-29,2026-09-01,800,lv,online,48.5,44.5,4.0,False,fixture,fixture
f6c035555bf5,H-NV-01,House,NV,1,Data for Progress,,,2026-08-17,2026-08-20,400,lv,online,51.8,45.1,6.699999999999996,False,fixture,fixture
1129d711caed,H-NV-01,House,NV,1,Siena/NYT,,,2026-08-22,2026-08-25,1000,lv,live phone,49.9,43.0,6.899999999999999,False,fixture,fixture
3c54d93da004,H-NV-01,House,NV,1,Public Policy Polling,,,2026-07-03,2026-07-06,500,lv,ivr,50.2,42.8,7.400000000000006,False,fixture,fixture
be82e88e19b9,H-NV-01,House,NV,1,Emerson College,,,2026-08-20,2026-08-23,500,lv,ivr/online,47.4,48.3,-0.8999999999999986,False,fixture,fixture
df6576ada84d,H-NV-01,House,NV,1,Siena/NYT,,,2026-05-26,2026-05-29,800,lv,live phone,52.5,42.2,10.299999999999997,False,fixture,fixture
98e531da33cd,H-NV-02,House,NV,2,Data for Progress,,,2026-06-09,2026-06-12,600,lv,online,43.1,49.9,-6.799999999999997,False,fixture,fixture
58353282140e,H-NV-02,House,NV,2,Public Policy Polling,,,2026-09-01,2026-09-04,500,lv,ivr,43.4,49.5,-6.100000000000001,False,fixture,fixture
3922bad2cbf6,H-NV-02,House,NV,2,Morning Consult,,,2026-06-19,2026-06-22,800,lv,online,35.0,56.8,-21.799999999999997,False,fixture,fixture
521ae12b8eaa,H-NV-03,House,NV,3,Quinnipiac University,,,2026-05-23,2026-05-26,600,lv,live phone,52.9,40.1,12.799999999999997,False,fixture,fixture
c77756e17d7a,H-NV-03,House,NV,3,Quinnipiac University,,,2026-08-24,2026-08-27,500,lv,live phone,44.0,51.7,-7.700000000000003,False,fixture,fixture
c885125e040f,H-NV-03,House,NV,3,Siena/NYT,,,2026-07-14,2026-07-17,400,rv,live phone,51.8,46.5,5.299999999999997,False,fixture,fixture
4d00d5f0391e,H-NV-03,House,NV,3,Data for Progress,,,2026-08-03,2026-08-06,400,lv,online,55.6,38.2,17.4,False,fixture,fixture
8715132c6e59,H-NV-03,House,NV,3,Rasmussen Reports,,,2026-04-29,2026-05-02,1000,rv,ivr/online,49.8,42.9,6.899999999999999,False,fixture,fixture
9bf95452edcc,H-NV-04,House,NV,4,Morning Consult,,,2026-08-11,2026-08-14,400,rv,online,55.8,37.3,18.5,False,fixture,fixture
2e6064863e08,H-NH-01,House,NH,1,Trafalgar Group,,,2026-05-24,2026-05-27,600,lv,mixed,44.7,47.6,-2.8999999999999986,False,fixture,fixture
8a601028b45b,H-NH-01,House,NH,1,Marist,,,2026-06-15,2026-06-18,500,lv,live phone,45.7,51.1,-5.399999999999999,False,fixture,fixture
dca57b8c4363,H-NH-01,House,NH,1,Siena/NYT,,,2026-08-08,2026-08-11,400,lv,live phone,51.0,42.7,8.299999999999997,False,fixture,fixture
495de4b2ca32,H-NH-01,House,NH,1,Public Policy Polling,,,2026-04-20,2026-04-23,500,rv,ivr,50.7,43.7,7.0,False,fixture,fixture
a19b14755f3e,H-NH-01,House,NH,1,Fox News/Beacon-Shaw,,,2026-06-09,2026-06-12,400,rv,live phone,49.5,46.5,3.0,False,fixture,fixture
3ad00584d188,H-NH-02,House,NH,2,Quinnipiac University,,,2026-07-05,2026-07-08,1000,rv,live phone,50.7,45.1,5.600000000000001,False,fixture,fixture
1eada9a07b82,H-NH-02,House,NH,2,YouGov/Economist,,,2026-06-12,2026-06-15,600,lv,online,48.7,41.0,7.700000000000003,False,fixture,fixture
a5ad46fa1d95,H-NJ-02,House,NJ,2,Marist,,,2026-05-22,2026-05-25,1000,lv,live phone,47.1,48.2,-1.1000000000000014,False,fixture,fixture
6126524f8c03,H-NJ-03,House,NJ,3,Public Policy Polling,,,2026-05-20,2026-05-23,1000,rv,ivr,49.2,43.7,5.5,False,fixture,fixture
639fd937e054,H-NJ-05,House,NJ,5,Quinnipiac University,,,2026-08-14,2026-08-17,400,rv,live phone,51.5,44.0,7.5,False,fixture,fixture
af2698939f71,H-NJ-05,House,NJ,5,Public Policy Polling,,,2026-08-11,2026-08-14,800,rv,ivr,55.9,37.2,18.699999999999996,False,fixture,fixture
247104564b68,H-NJ-07,House,NJ,7,Trafalgar Group,,,2026-09-06,2026-09-09,600,rv,mixed,40.5,53.2,-12.700000000000003,False,fixture,fixture
7eb8afaa3b28,H-NJ-07,House,NJ,7,Data for Progress,,,2026-08-04,2026-08-07,800,rv,online,49.0,48.9,0.10000000000000142,False,fixture,fixture
7fe867a39030,H-NJ-09,House,NJ,9,YouGov/Economist,,,2026-05-04,2026-05-07,500,lv,online,56.3,40.2,16.099999999999994,False,fixture,fixture
c72018f8cb42,H-NJ-11,House,NJ,11,Quinnipiac University,,,2026-09-02,2026-09-05,500,lv,live phone,48.5,43.0,5.5,False,fixture,fixture
4a779927eed9,H-NM-01,House,NM,1,Fox News/Beacon-Shaw,,,2026-09-04,2026-09-07,600,lv,live phone,54.3,39.4,14.899999999999999,False,fixture,fixture
de0a49f06620,H-NM-03,House,NM,3,Data for Progress,,,2026-08-31,2026-09-03,400,lv,online,57.2,37.3,19.900000000000006,False,fixture,fixture
f3222197fb40,H-NY-01,House,NY,1,Trafalgar Group,,,2026-07-05,2026-07-08,500,lv,mixed,47.1,47.1,0.0,False,fixture,fixture
23e05ee95b45,H-NY-01,House,NY,1,Cygnal,,,2026-09-07,2026-09-10,1000,rv,mixed,44.1,50.6,-6.5,False,fixture,fixture
950504f2ac39,H-NY-02,House,NY,2,Quinnipiac University,,,2026-09-12,2026-09-15,500,lv,live phone,49.0,45.2,3.799999999999997,False,fixture,fixture
cd9298794851,H-NY-02,House,NY,2,Marist,,,2026-08-28,2026-08-31,800,rv,live phone,44.8,50.3,-5.5,False,fixture,fixture
a4c5ec262c9e,H-NY-02,House,NY,2,Cygnal,,,2026-05-27,2026-05-30,500,rv,mixed,44.8,49.6,-4.800000000000004,False,fixture,fixture
294f0279bbe5,H-NY-02,House,NY,2,YouGov/Economist,,,2026-04-19,2026-04-22,400,lv,online,47.9,48.5,-0.6000000000000014,False,fixture,fixture
1a834937b4e7,H-NY-03,House,NY,3,YouGov/Economist,,,2026-08-20,2026-08-23,400,lv,online,53.3,41.6,11.699999999999996,False,fixture,fixture
97b3b207dbb7,H-NY-03,House,NY,3,Trafalgar Group,,,2026-05-26,2026-05-29,500,lv,mixed,53.6,40.4,13.200000000000003,False,fixture,fixture
d3e632d75bf5,H-NY-03,House,NY,3,YouGov/Economist,,,2026-06-29,2026-07-02,600,lv,online,54.5,38.4,16.1,False,fixture,fixture
801b2cc7a0d7,H-NY-11,House,NY,11,Emerson College,,,2026-06-23,2026-06-26,400,lv,ivr/online,44.5,48.5,-4.0,False,fixture,fixture
e80d245b820c,H-NY-11,House,NY,11,Siena/NYT,,,2026-09-11,2026-09-14,800,lv,live phone,46.7,47.7,-1.0,False,fixture,fixture
0e895a2abddb,H-NY-11,House,NY,11,Fox News/Beacon-Shaw,,,2026-07-30,2026-08-02,1000,rv,live phone,47.4,47.4,0.0,False,fixture,fixture
b9c33f82c229,H-NY-17,House,NY,17,Emerson College,,,2026-05-17,2026-05-20,600,rv,ivr/online,51.3,45.2,6.099999999999994,False,fixture,fixture
b1bd143f5570,H-NY-18,House,NY,18,Quinnipiac University,,,2026-08-08,2026-08-11,600,lv,live phone,56.2,41.5,14.700000000000003,False,fixture,fixture
3f0ee3a16ac7,H-NY-18,House,NY,18,Trafalgar Group,,,2026-05-08,2026-05-11,800,lv,mixed,50.0,43.7,6.299999999999997,False,fixture,fixture
a3ed408b8e69,H-NY-19,House,NY,19,Marist,,,2026-08-11,2026-08-14,600,lv,live phone,51.4,45.7,5.699999999999996,False,fixture,fixture
6276f68c92c3,H-NY-19,House,NY,19,Public Policy Polling,,,2026-05-16,2026-05-19,500,rv,ivr,53.0,42.3,10.700000000000003,False,fixture,fixture
3f2e9e5a1bd2,H-NY-22,House,NY,22,Emerson College,,,2026-06-18,2026-06-21,1000,lv,ivr/online,46.6,46.5,0.10000000000000142,False,fixture,fixture
d6f5b7317802,H-NY-22,House,NY,22,Emerson College,,,2026-05-21,2026-05-24,400,lv,ivr/online,52.1,46.4,5.700000000000003,False,fixture,fixture
ee01049c19ee,H-NY-22,House,NY,22,Data for Progress,,,2026-05-04,2026-05-07,400,lv,online,44.4,47.2,-2.8000000000000043,False,fixture,fixture
254c4a8ba080,H-NY-22,House,NY,22,Emerson College,,,2026-08-28,2026-08-31,400,rv,ivr/online,44.3,52.4,-8.100000000000001,False,fixture,fixture
b01e6c71a073,H-NY-22,House,NY,22,Morning Consult,,,2026-08-29,2026-09-01,500,lv,online,53.5,38.8,14.700000000000003,False,fixture,fixture
58c21f2f7e45,H-NY-22,House,NY,22,Morning Consult,,,2026-08-20,2026-08-23,800,lv,online,54.4,40.3,14.100000000000001,False,fixture,fixture
bbc6193717c4,H-NY-25,House,NY,25,Emerson College,,,2026-06-01,2026-06-04,1000,lv,ivr/online,56.4,37.8,18.6,False,fixture,fixture
e46079f87972,H-NY-25,House,NY,25,Fox News/Beacon-Shaw,,,2026-08-28,2026-08-31,500,rv,live phone,54.4,37.7,16.699999999999996,False,fixture,fixture
971b8e7ff4bc,H-NY-26,House,NY,26,Public Policy Polling,,,2026-07-29,2026-08-01,400,lv,ivr,44.3,48.2,-3.9000000000000057,False,fixture,fixture
65de1e48de96,H-NC-01,House,NC,1,Marist,,,2026-05-07,2026-05-10,800,lv,live phone,53.0,40.4,12.600000000000001,False,fixture,fixture
20d9b899cba9,H-NC-06,House,NC,6,Cygnal,,,2026-06-23,2026-06-26,500,lv,mixed,53.3,39.7,13.599999999999994,False,fixture,fixture
6f303122eede,H-NC-06,House,NC,6,Siena/NYT,,,2026-08-29,2026-09-01,500,rv,live phone,55.4,39.4,16.0,False,fixture,fixture
8dcac243298e,H-NC-07,House,NC,7,Data for Progress,,,2026-09-01,2026-09-04,1000,lv,online,41.9,52.8,-10.899999999999999,False,fixture,fixture
8c537724c091,H-NC-13,House,NC,13,Fox News/Beacon-Shaw,,,2026-04-25,2026-04-28,400,lv,live phone,51.3,43.4,7.899999999999999,False,fixture,fixture
65fb6c6c0db1,H-NC-13,House,NC,13,Data for Progress,,,2026-07-06,2026-07-09,400,lv,online,47.4,43.7,3.6999999999999957,False,fixture,fixture
9898982a0e2a,H-NC-13,House,NC,13,Marist,,,2026-07-14,2026-07-17,600,lv,live phone,43.5,53.4,-9.899999999999999,False,fixture,fixture
e01303f5f94d,H-OH-07,House,OH,7,Emerson College,,,2026-06-17,2026-06-20,500,lv,ivr/online,44.6,49.8,-5.199999999999996,False,fixture,fixture
565f9949430c,H-OH-09,House,OH,9,Trafalgar Group,,,2026-09-10,2026-09-13,500,lv,mixed,51.3,44.3,7.0,False,fixture,fixture
ee3c85ce3a66,H-OH-09,House,OH,9,Marist,,,2026-07-07,2026-07-10,600,rv,live phone,49.2,45.5,3.700000000000003,False,fixture,fixture
406bf408753f,H-OH-09,House,OH,9,Marist,,,2026-05-26,2026-05-29,600,rv,live phone,48.1,46.6,1.5,False,fixture,fixture
91bda1971e65,H-OH-10,House,OH,10,Public Policy Polling,,,2026-04-30,2026-05-03,500,lv,ivr,45.3,46.7,-1.4000000000000057,False,fixture,fixture
26c27e4feb14,H-OH-10,House,OH,10,Morning Consult,,,2026-09-11,2026-09-14,600,lv,online,37.4,58.5,-21.1,False,fixture,fixture
bfceb188b4d9,H-OH-10,House,OH,10,Rasmussen Reports,,,2026-06-17,2026-06-20,400,lv,ivr/online,41.2,54.2,-13.0,False,fixture,fixture
7b4dd4439589,H-OH-13,House,OH,13,Fox News/Beacon-Shaw,,,2026-04-17,2026-04-20,1000,lv,live phone,47.1,48.4,-1.2999999999999972,False,fixture,fixture
9a18aeb77a50,H-OH-13,House,OH,13,Cygnal,,,2026-05-16,2026-05-19,1000,lv,mixed,42.2,45.9,-3.6999999999999957,False,fixture,fixture
80ea5c66e208,H-OH-13,House,OH,13,Rasmussen Reports,,,2026-05-22,2026-05-25,600,lv,ivr/online,43.3,50.0,-6.700000000000003,False,fixture,fixture
01ce8e7e5b0d,H-OH-15,House,OH,15,Siena/NYT,,,2026-07-08,2026-07-11,400,lv,live phone,38.4,52.7,-14.300000000000004,False,fixture,fixture
ae7e29fdb374,H-OH-15,House,OH,15,Fox News/Beacon-Shaw,,,2026-05-22,2026-05-25,800,lv,live phone,43.8,50.3,-6.5,False,fixture,fixture
e8b75c2e51f9,H-OH-15,House,OH,15,Marist,,,2026-05-22,2026-05-25,800,lv,live phone,43.5,48.9,-5.399999999999999,False,fixture,fixture
3db71acdb96f,H-OR-02,House,OR,2,Marist,,,2026-07-12,2026-07-15,800,lv,live phone,38.4,53.9,-15.5,False,fixture,fixture
d2bcf7f09905,H-OR-04,House,OR,4,Trafalgar Group,,,2026-06-29,2026-07-02,500,rv,mixed,59.2,38.3,20.900000000000006,False,fixture,fixture
9113c30d4d64,H-OR-05,House,OR,5,Trafalgar Group,,,2026-06-15,2026-06-18,1000,lv,mixed,49.6,45.9,3.700000000000003,False,fixture,fixture
6403b8c6e78c,H-OR-05,House,OR,5,Trafalgar Group,,,2026-05-24,2026-05-27,500,lv,mixed,46.1,46.6,-0.5,False,fixture,fixture
b62a70ccce76,H-PA-01,House,PA,1,Marist,,,2026-04-29,2026-05-02,800,lv,live phone,49.0,46.2,2.799999999999997,False,fixture,fixture
f457bdb711a8,H-PA-01,House,PA,1,Marist,,,2026-04-21,2026-04-24,600,lv,live phone,43.8,49.8,-6.0,False,fixture,fixture
38fa60b9789b,H-PA-01,House,PA,1,Siena/NYT,,,2026-07-04,2026-07-07,600,lv,live phone,48.0,47.5,0.5,False,fixture,fixture
d5d89fc9b773,H-PA-04,House,PA,4,Quinnipiac University,,,2026-07-20,2026-07-23,600,rv,live phone,57.6,36.6,21.0,False,fixture,fixture
007600c238ba,H-PA-07,House,PA,7,YouGov/Economist,,,2026-05-30,2026-06-02,400,rv,online,43.6,52.0,-8.399999999999999,False,fixture,fixture
80a751a8a0e1,H-PA-07,House,PA,7,Fox News/Beacon-Shaw,,,2026-07-15,2026-07-18,1000,rv,live phone,50.8,45.7,5.099999999999994,False,fixture,fixture
deaa4bca759b,H-PA-07,House,PA,7,Quinnipiac University,,,2026-08-23,2026-08-26,500,lv,live phone,49.5,45.8,3.700000000000003,False,fixture,fixture
12ef0da38c64,H-PA-08,House,PA,8,Trafalgar Group,,,2026-05-20,2026-05-23,1000,lv,mixed,43.1,49.3,-6.199999999999996,False,fixture,fixture
d0b3e29e1d58,H-PA-08,House,PA,8,Quinnipiac University,,,2026-08-22,2026-08-25,800,lv,live phone,44.9,47.1,-2.200000000000003,False,fixture,fixture
fb951be20143,H-PA-08,House,PA,8,Marist,,,2026-05-20,2026-05-23,500,rv,live phone,49.9,42.6,7.299999999999997,False,fixture,fixture
52d707bc1d02,H-PA-08,House,PA,8,Cygnal,,,2026-04-18,2026-04-21,1000,lv,mixed,44.5,49.0,-4.5,False,fixture,fixture
33f462ced745,H-PA-08,House,PA,8,Trafalgar Group,,,2026-06-13,2026-06-16,800,lv,mixed,43.2,53.5,-10.299999999999997,False,fixture,fixture
53f3f86b6dcc,H-PA-08,House,PA,8,Emerson College,,,2026-08-21,2026-08-24,600,lv,ivr/online,49.2,47.2,2.0,False,fixture,fixture
0452c46ceb60,H-PA-08,House,PA,8,Morning Consult,,,2026-08-25,2026-08-28,800,lv,online,44.8,47.8,-3.0,False,fixture,fixture
c1ac81ba8a51,H-PA-12,House,PA,12,Cygnal,,,2026-06-12,2026-06-15,800,rv,mixed,58.0,38.0,20.0,False,fixture,fixture
1eb54ee5ea22,H-PA-12,House,PA,12,Siena/NYT,,,2026-07-17,2026-07-20,500,lv,live phone,57.2,34.3,22.900000000000006,False,fixture,fixture
75d7c05eb577,H-PA-17,House,PA,17,Marist,,,2026-08-24,2026-08-27,1000,lv,live phone,47.5,44.6,2.8999999999999986,False,fixture,fixture
0ee3110d3ada,H-PA-17,House,PA,17,Emerson College,,,2026-05-01,2026-05-04,500,rv,ivr/online,49.2,45.6,3.6000000000000014,False,fixture,fixture
3133e43e750a,H-PA-17,House,PA,17,Cygnal,,,2026-08-10,2026-08-13,800,rv,mixed,46.6,48.1,-1.5,False,fixture,fixture
159c05bf52e1,H-PA-17,House,PA,17,Morning Consult,,,2026-07-05,2026-07-08,600,lv,online,52.7,44.0,8.700000000000003,False,fixture,fixture
7570f78e8123,H-PA-17,House,PA,17,Siena/NYT,,,2026-08-06,2026-08-09,800,rv,live phone,45.9,48.4,-2.5,False,fixture,fixture
8ea59a83d54b,H-PA-17,House,PA,17,Fox News/Beacon-Shaw,,,2026-07-12,2026-07-15,1000,lv,live phone,42.6,53.3,-10.699999999999996,False,fixture,fixture
70ebb4003356,H-PA-17,House,PA,17,Quinnipiac University,,,2026-07-31,2026-08-03,600,lv,live phone,41.4,54.6,-13.200000000000003,False,fixture,fixture
ee25946f3371,H-PA-17,House,PA,17,Trafalgar Group,,,2026-05-26,2026-05-29,800,lv,mixed,44.9,49.5,-4.600000000000001,False,fixture,fixture
0258cfe219a4,H-PA-17,House,PA,17,Trafalgar Group,,,2026-07-09,2026-07-12,400,lv,mixed,44.4,49.6,-5.200000000000003,False,fixture,fixture
229036890e00,H-PA-17,House,PA,17,Marist,,,2026-08-10,2026-08-13,600,lv,live phone,53.7,38.6,15.100000000000001,False,fixture,fixture
c679fd465fe6,H-SC-01,House,SC,1,Cygnal,,,2026-08-20,2026-08-23,500,lv,mixed,41.8,52.3,-10.5,False,fixture,fixture
420caff2f626,H-TN-05,House,TN,5,Morning Consult,,,2026-04-29,2026-05-02,600,rv,online,45.3,48.8,-3.5,False,fixture,fixture
332f620d9ba9,H-TX-15,House,TX,15,Fox News/Beacon-Shaw,,,2026-07-27,2026-07-30,800,lv,live phone,45.7,49.5,-3.799999999999997,False,fixture,fixture
82c76f507600,H-TX-15,House,TX,15,Rasmussen Reports,,,2026-06-23,2026-06-26,800,lv,ivr/online,41.7,51.6,-9.899999999999999,False,fixture,fixture
1545d4c7be6d,H-TX-15,House,TX,15,Quinnipiac University,,,2026-06-18,2026-06-21,600,lv,live phone,47.1,47.1,0.0,False,fixture,fixture
a6be30082932,H-TX-15,House,TX,15,Data for Progress,,,2026-08-10,2026-08-13,600,lv,online,49.4,44.9,4.5,False,fixture,fixture
a9e4dd101f92,H-TX-15,House,TX,15,Fox News/Beacon-Shaw,,,2026-04-25,2026-04-28,800,rv,live phone,48.6,45.3,3.3000000000000043,False,fixture,fixture
285c55ee1219,H-TX-21,House,TX,21,Emerson College,,,2026-07-25,2026-07-28,800,rv,ivr/online,39.0,55.5,-16.5,False,fixture,fixture
215c4c15c3e7,H-TX-23,House,TX,23,Morning Consult,,,2026-05-03,2026-05-06,800,lv,online,42.7,53.4,-10.699999999999996,False,fixture,fixture
ab140ed45766,H-TX-26,House,TX,26,Trafalgar Group,,,2026-05-18,2026-05-21,600,lv,mixed,31.2,61.5,-30.3,False,fixture,fixture
7ec35ecdc91f,H-TX-27,House,TX,27,Public Policy Polling,,,2026-07-21,2026-07-24,1000,lv,ivr,34.0,58.1,-24.1,False,fixture,fixture
11305af73333,H-TX-28,House,TX,28,Public Policy Polling,,,2026-08-16,2026-08-19,600,rv,ivr,55.5,39.0,16.5,False,fixture,fixture
bd1329720f61,H-UT-03,House,UT,3,Marist,,,2026-04-20,2026-04-23,1000,lv,live phone,34.9,59.6,-24.700000000000003,False,fixture,fixture
dff8f89fdf6a,H-VA-02,House,VA,2,Cygnal,,,2026-07-11,2026-07-14,1000,lv,mixed,43.9,46.5,-2.6000000000000014,False,fixture,fixture
bf7f8fb85362,H-VA-02,House,VA,2,Morning Consult,,,2026-04-19,2026-04-22,800,lv,online,49.4,45.2,4.199999999999996,False,fixture,fixture
95e1ca2af76a,H-VA-02,House,VA,2,Rasmussen Reports,,,2026-06-04,2026-06-07,500,lv,ivr/online,39.0,56.2,-17.200000000000003,False,fixture,fixture
c536b026cc10,H-VA-02,House,VA,2,Fox News/Beacon-Shaw,,,2026-09-05,2026-09-08,1000,rv,live phone,46.7,45.9,0.8000000000000043,False,fixture,fixture
8993d5a9e197,H-VA-02,House,VA,2,Fox News/Beacon-Shaw,,,2026-05-24,2026-05-27,600,lv,live phone,45.7,46.9,-1.1999999999999957,False,fixture,fixture
fe3740ff15d4,H-VA-02,House,VA,2,Marist,,,2026-08-12,2026-08-15,400,rv,live phone,52.0,43.0,9.0,False,fixture,fixture
5d783c18a0b7,H-VA-02,House,VA,2,Emerson College,,,2026-04-25,2026-04-28,500,rv,ivr/online,41.0,49.8,-8.799999999999997,False,fixture,fixture
197a7c269592,H-VA-02,House,VA,2,Rasmussen Reports,,,2026-09-09,2026-09-12,600,lv,ivr/online,48.6,46.8,1.8000000000000043,False,fixture,fixture
f5ba61e9c993,H-VA-05,House,VA,5,Fox News/Beacon-Shaw,,,2026-08-16,2026-08-19,600,lv,live phone,48.3,49.0,-0.7000000000000028,False,fixture,fixture
6a3ac2dad86a,H-VA-05,House,VA,5,YouGov/Economist,,,2026-06-19,2026-06-22,500,rv,online,45.9,45.6,0.29999999999999716,False,fixture,fixture
2573848a4880,H-VA-07,House,VA,7,Public Policy Polling,,,2026-06-20,2026-06-23,1000,rv,ivr,52.0,45.7,6.299999999999997,False,fixture,fixture
e3214438bd2f,H-VA-10,House,VA,10,YouGov/Economist,,,2026-08-26,2026-08-29,500,lv,online,48.4,43.3,5.100000000000001,False,fixture,fixture
7d349ae37292,H-VA-10,House,VA,10,Fox News/Beacon-Shaw,,,2026-08-26,2026-08-29,800,lv,live phone,55.8,42.0,13.799999999999997,False,fixture,fixture
b9fda5280d5d,H-WA-02,House,WA,2,Data for Progress,,,2026-09-03,2026-09-06,500,lv,online,54.7,40.9,13.800000000000004,False,fixture,fixture
e060e9764ec9,H-WA-03,House,WA,3,Rasmussen Reports,,,2026-06-28,2026-07-01,1000,rv,ivr/online,37.5,59.0,-21.5,False,fixture,fixture
a9e84d251f89,H-WA-08,House,WA,8,Public Policy Polling,,,2026-08-20,2026-08-23,500,lv,ivr,59.0,37.6,21.4,False,fixture,fixture
f44f1df60595,H-WA-08,House,WA,8,YouGov/Economist,,,2026-05-22,2026-05-25,800,lv,online,48.8,43.9,4.899999999999999,False,fixture,fixture
9464a11844d2,H-WI-01,House,WI,1,Trafalgar Group,,,2026-08-02,2026-08-05,500,lv,mixed,45.6,47.7,-2.1000000000000014,False,fixture,fixture
a05e98923d6d,H-WI-01,House,WI,1,Siena/NYT,,,2026-05-26,2026-05-29,800,rv,live phone,50.3,48.2,2.0999999999999943,False,fixture,fixture
8634735bc7d6,H-WI-08,House,WI,8,Rasmussen Reports,,,2026-08-05,2026-08-08,400,rv,ivr/online,41.4,49.2,-7.800000000000004,False,fixture,fixture
20405aaf1158,S-AK,Senate,AK,0,Public Policy Polling,,,2026-04-17,2026-04-20,600,lv,ivr,39.2,52.9,-13.699999999999996,False,fixture,fixture
2c6ae45e098b,S-AK,Senate,AK,0,Morning Consult,,,2026-05-02,2026-05-05,1000,lv,online,40.5,51.0,-10.5,False,fixture,fixture
0301abe6f0bb,S-CO,Senate,CO,0,Rasmussen Reports,,,2026-05-11,2026-05-14,500,lv,ivr/online,48.6,45.9,2.700000000000003,False,fixture,fixture
fe21b99ca7ec,S-GA,Senate,GA,0,Morning Consult,,,2026-05-02,2026-05-05,500,lv,online,47.8,45.6,2.1999999999999957,False,fixture,fixture
8ece98043aed,S-GA,Senate,GA,0,Trafalgar Group,,,2026-05-24,2026-05-27,600,lv,mixed,47.3,46.4,0.8999999999999986,False,fixture,fixture
0be6edd5eacb,S-GA,Senate,GA,0,Emerson College,,,2026-06-25,2026-06-28,400,lv,ivr/online,49.1,45.9,3.200000000000003,False,fixture,fixture
f09e8ef59899,S-GA,Senate,GA,0,Public Policy Polling,,,2026-06-04,2026-06-07,500,lv,ivr,51.2,44.0,7.200000000000003,False,fixture,fixture
2c3821886cde,S-GA,Senate,GA,0,Cygnal,,,2026-04-16,2026-04-19,500,lv,mixed,47.8,45.8,2.0,False,fixture,fixture
7d70062565f6,S-GA,Senate,GA,0,Emerson College,,,2026-08-17,2026-08-20,500,rv,ivr/online,45.4,50.5,-5.100000000000001,False,fixture,fixture
1f6da8f33177,S-GA,Senate,GA,0,Cygnal,,,2026-05-18,2026-05-21,800,lv,mixed,46.8,44.8,2.0,False,fixture,fixture
4f7ec0ded650,S-GA,Senate,GA,0,Siena/NYT,,,2026-05-02,2026-05-05,500,rv,live phone,57.0,37.9,19.1,False,fixture,fixture
4aafebb87a24,S-GA,Senate,GA,0,Quinnipiac University,,,2026-07-30,2026-08-02,1000,lv,live phone,45.8,46.0,-0.20000000000000284,False,fixture,fixture
5712f7836d9b,S-IL,Senate,IL,0,Data for Progress,,,2026-04-17,2026-04-20,1000,rv,online,56.5,36.4,20.1,False,fixture,fixture
4a93392d586b,S-IA,Senate,IA,0,Morning Consult,,,2026-06-19,2026-06-22,800,rv,online,43.3,51.1,-7.800000000000004,False,fixture,fixture
6261529f9c5e,S-IA,Senate,IA,0,Cygnal,,,2026-09-11,2026-09-14,600,lv,mixed,43.8,47.8,-4.0,False,fixture,fixture
89331dd60f56,S-IA,Senate,IA,0,Trafalgar Group,,,2026-05-08,2026-05-11,600,lv,mixed,44.9,50.2,-5.300000000000004,False,fixture,fixture
e28aed13276c,S-IA,Senate,IA,0,Public Policy Polling,,,2026-08-01,2026-08-04,600,lv,ivr,46.0,49.6,-3.6000000000000014,False,fixture,fixture
541edb878d06,S-IA,Senate,IA,0,Public Policy Polling,,,2026-09-09,2026-09-12,1000,rv,ivr,41.6,51.1,-9.5,False,fixture,fixture
acd3050c3aa2,S-KS,Senate,KS,0,Fox News/Beacon-Shaw,,,2026-07-31,2026-08-03,800,lv,live phone,46.9,48.3,-1.3999999999999986,False,fixture,fixture
8175cd59f381,S-KS,Senate,KS,0,Quinnipiac University,,,2026-05-12,2026-05-15,1000,lv,live phone,41.0,55.5,-14.5,False,fixture,fixture
031115a64714,S-KY,Senate,KY,0,Quinnipiac University,,,2026-08-22,2026-08-25,400,lv,live phone,39.2,55.5,-16.299999999999997,False,fixture,fixture
6b060c4b0709,S-ME,Senate,ME,0,Emerson College,,,2026-05-28,2026-05-31,600,lv,ivr/online,40.8,49.6,-8.800000000000004,False,fixture,fixture
2cf8a56c1cf9,S-ME,Senate,ME,0,Morning Consult,,,2026-06-20,2026-06-23,500,lv,online,45.2,48.8,-3.5999999999999943,False,fixture,fixture
1e5597a52ab3,S-ME,Senate,ME,0,Siena/NYT,,,2026-05-07,2026-05-10,600,lv,live phone,44.1,46.4,-2.299999999999997,False,fixture,fixture
cca74ea4b2c7,S-ME,Senate,ME,0,Fox News/Beacon-Shaw,,,2026-05-03,2026-05-06,500,rv,live phone,54.9,35.1,19.799999999999997,False,fixture,fixture
aa76afe0207f,S-ME,Senate,ME,0,Data for Progress,,,2026-08-05,2026-08-08,1000,rv,online,53.7,40.6,13.100000000000001,False,fixture,fixture
c838cc18ad82,S-ME,Senate,ME,0,Marist,,,2026-06-01,2026-06-04,500,lv,live phone,52.1,45.0,7.100000000000001,False,fixture,fixture
5479e97e3010,S-ME,Senate,ME,0,Trafalgar Group,,,2026-05-27,2026-05-30,1000,lv,mixed,47.4,44.8,2.6000000000000014,False,fixture,fixture
c9049672c147,S-ME,Senate,ME,0,Morning Consult,,,2026-08-21,2026-08-24,600,rv,online,48.9,45.5,3.3999999999999986,False,fixture,fixture
15ef3388f6a6,S-ME,Senate,ME,0,Emerson College,,,2026-05-29,2026-06-01,500,lv,ivr/online,48.9,44.7,4.199999999999996,False,fixture,fixture
08a612332782,S-ME,Senate,ME,0,Public Policy Polling,,,2026-08-12,2026-08-15,800,lv,ivr,49.8,40.7,9.099999999999994,False,fixture,fixture
38a309fe5b7d,S-MA,Senate,MA,0,Cygnal,,,2026-06-14,2026-06-17,600,lv,mixed,62.0,32.4,29.6,False,fixture,fixture
f69e32269297,S-MI,Senate,MI,0,Emerson College,,,2026-07-14,2026-07-17,800,lv,ivr/online,46.6,41.4,5.200000000000003,False,fixture,fixture
f9e45fffe520,S-MI,Senate,MI,0,Public Policy Polling,,,2026-07-08,2026-07-11,1000,rv,ivr,46.2,44.8,1.4000000000000057,False,fixture,fixture
fbcae628e177,S-MI,Senate,MI,0,Siena/NYT,,,2026-07-04,2026-07-07,400,lv,live phone,47.0,49.2,-2.200000000000003,False,fixture,fixture
00cbc372801d,S-MI,Senate,MI,0,Cygnal,,,2026-07-26,2026-07-29,500,lv,mixed,47.1,45.7,1.3999999999999986,False,fixture,fixture
e1381c98bf70,S-MI,Senate,MI,0,Trafalgar Group,,,2026-05-04,2026-05-07,500,lv,mixed,43.7,52.1,-8.399999999999999,False,fixture,fixture
ee3807cc42c8,S-MI,Senate,MI,0,Quinnipiac University,,,2026-04-30,2026-05-03,600,rv,live phone,42.6,49.1,-6.5,False,fixture,fixture
aa5fb5fb153c,S-MI,Senate,MI,0,Rasmussen Reports,,,2026-06-13,2026-06-16,400,lv,ivr/online,43.7,49.9,-6.199999999999996,False,fixture,fixture
f6eef5f00172,S-MI,Senate,MI,0,Trafalgar Group,,,2026-05-20,2026-05-23,600,rv,mixed,45.9,47.0,-1.1000000000000014,False,fixture,fixture
8e6e3da11654,S-MI,Senate,MI,0,Data for Progress,,,2026-04-30,2026-05-03,600,rv,online,55.9,37.7,18.199999999999996,False,fixture,fixture
705bd73f1f37,S-MI,Senate,MI,0,Cygnal,,,2026-08-22,2026-08-25,800,lv,mixed,46.0,47.7,-1.7000000000000028,False,fixture,fixture
0e64d14380b0,S-MI,Senate,MI,0,Public Policy Polling,,,2026-06-26,2026-06-29,800,rv,ivr,48.9,44.6,4.299999999999997,False,fixture,fixture
9531cf9bfa0f,S-MN,Senate,MN,0,Trafalgar Group,,,2026-08-29,2026-09-01,500,lv,mixed,48.2,45.9,2.3000000000000043,False,fixture,fixture
bcef87b705f4,S-MN,Senate,MN,0,Emerson College,,,2026-07-19,2026-07-22,1000,rv,ivr/online,52.8,43.6,9.199999999999996,False,fixture,fixture
758fc07817a4,S-MN,Senate,MN,0,Fox News/Beacon-Shaw,,,2026-06-23,2026-06-26,800,lv,live phone,47.4,43.9,3.5,False,fixture,fixture
8b1857c108a7,S-MN,Senate,MN,0,Morning Consult,,,2026-05-10,2026-05-13,400,lv,online,51.5,41.6,9.899999999999999,False,fixture,fixture
9b7ced946f4a,S-MN,Senate,MN,0,Emerson College,,,2026-08-14,2026-08-17,400,rv,ivr/online,45.7,48.7,-3.0,False,fixture,fixture
2e8126cafafa,S-MS,Senate,MS,0,Public Policy Polling,,,2026-08-14,2026-08-17,400,lv,ivr,43.6,52.2,-8.600000000000001,False,fixture,fixture
bd8e2a71fedf,S-NH,Senate,NH,0,Siena/NYT,,,2026-06-28,2026-07-01,1000,lv,live phone,46.8,46.5,0.29999999999999716,False,fixture,fixture
b418f0c7d0d6,S-NH,Senate,NH,0,Rasmussen Reports,,,2026-06-02,2026-06-05,800,lv,ivr/online,49.3,42.3,7.0,False,fixture,fixture
7cd0cb348267,S-NH,Senate,NH,0,Data for Progress,,,2026-07-16,2026-07-19,600,lv,online,53.6,41.3,12.300000000000004,False,fixture,fixture
0f27b57bfa7a,S-NH,Senate,NH,0,Marist,,,2026-07-14,2026-07-17,800,lv,live phone,50.1,45.5,4.600000000000001,False,fixture,fixture
87a1e810d6a4,S-NJ,Senate,NJ,0,Emerson College,,,2026-08-15,2026-08-18,1000,lv,ivr/online,54.5,38.8,15.700000000000003,False,fixture,fixture
b6cffb8b5784,S-NM,Senate,NM,0,Public Policy Polling,,,2026-08-02,2026-08-05,400,rv,ivr,47.1,47.4,-0.29999999999999716,False,fixture,fixture
369545bde437,S-NM,Senate,NM,0,Trafalgar Group,,,2026-07-25,2026-07-28,500,lv,mixed,45.7,50.1,-4.399999999999999,False,fixture,fixture
3274fc23efe5,S-NC,Senate,NC,0,Siena/NYT,,,2026-07-29,2026-08-01,1000,lv,live phone,45.6,46.3,-0.6999999999999957,False,fixture,fixture
21d35243e5b9,S-NC,Senate,NC,0,Rasmussen Reports,,,2026-06-09,2026-06-12,600,lv,ivr/online,40.2,53.0,-12.799999999999997,False,fixture,fixture
d6676fdce363,S-NC,Senate,NC,0,Cygnal,,,2026-05-27,2026-05-30,600,lv,mixed,45.2,47.8,-2.5999999999999943,False,fixture,fixture
8a3c209e11f4,S-NC,Senate,NC,0,Marist,,,2026-07-23,2026-07-26,500,lv,live phone,50.2,45.6,4.600000000000001,False,fixture,fixture
4378932d3fdc,S-NC,Senate,NC,0,Fox News/Beacon-Shaw,,,2026-06-01,2026-06-04,400,rv,live phone,43.6,47.6,-4.0,False,fixture,fixture
84ae25d9385a,S-NC,Senate,NC,0,Quinnipiac University,,,2026-09-09,2026-09-12,1000,lv,live phone,43.2,50.0,-6.799999999999997,False,fixture,fixture
5ea828d87236,S-NC,Senate,NC,0,Trafalgar Group,,,2026-06-22,2026-06-25,500,lv,mixed,40.9,55.4,-14.5,False,fixture,fixture
3f4a25cbce8e,S-NC,Senate,NC,0,YouGov/Economist,,,2026-06-09,2026-06-12,1000,rv,online,45.0,46.7,-1.7000000000000028,False,fixture,fixture
da1c8732bf69,S-NC,Senate,NC,0,Fox News/Beacon-Shaw,,,2026-07-16,2026-07-19,600,lv,live phone,44.4,48.3,-3.8999999999999986,False,fixture,fixture
47a598b30142,S-TN,Senate,TN,0,YouGov/Economist,,,2026-07-13,2026-07-16,400,lv,online,34.7,59.3,-24.599999999999994,False,fixture,fixture
da4174483549,S-TX,Senate,TX,0,Data for Progress,,,2026-09-11,2026-09-14,500,lv,online,38.4,59.3,-20.9,False,fixture,fixture
1ade4bfe058e,S-VA,Senate,VA,0,Emerson College,,,2026-08-23,2026-08-26,1000,rv,ivr/online,51.2,43.8,7.400000000000006,False,fixture,fixture
c993f81a29f3,S-VA,Senate,VA,0,Siena/NYT,,,2026-06-21,2026-06-24,1000,rv,live phone,48.0,50.3,-2.299999999999997,False,fixture,fixture
a002ce48e974,S-VA,Senate,VA,0,Emerson College,,,2026-07-13,2026-07-16,800,lv,ivr/online,51.5,44.7,6.799999999999997,False,fixture,fixture
017917bdf14e,S-VA,Senate,VA,0,Emerson College,,,2026-05-19,2026-05-22,1000,lv,ivr/online,49.3,43.4,5.899999999999999,False,fixture,fixture
c1ca08ca0261,S-VA,Senate,VA,0,Morning Consult,,,2026-07-04,2026-07-07,800,lv,online,52.0,43.8,8.200000000000003,False,fixture,fixture
f9b60827225c,S-VA,Senate,VA,0,Data for Progress,,,2026-04-23,2026-04-26,400,lv,online,48.6,42.7,5.899999999999999,False,fixture,fixture
864cefbcaad0,S-FL-special,Senate,FL,0,Public Policy Polling,,,2026-05-13,2026-05-16,500,lv,ivr,45.1,46.6,-1.5,False,fixture,fixture
726ae9af3e44,S-FL-special,Senate,FL,0,Emerson College,,,2026-09-11,2026-09-14,800,lv,ivr/online,46.7,46.1,0.6000000000000014,False,fixture,fixture
614f0fbba224,S-FL-special,Senate,FL,0,Cygnal,,,2026-05-18,2026-05-21,1000,lv,mixed,44.5,48.5,-4.0,False,fixture,fixture
0bea7a083859,S-FL-special,Senate,FL,0,Trafalgar Group,,,2026-06-18,2026-06-21,800,rv,mixed,48.9,43.0,5.899999999999999,False,fixture,fixture
d727a2f48ac3,S-FL-special,Senate,FL,0,YouGov/Economist,,,2026-07-26,2026-07-29,500,lv,online,49.8,38.3,11.5,False,fixture,fixture
da6f3b0b350a,S-FL-special,Senate,FL,0,Rasmussen Reports,,,2026-05-24,2026-05-27,1000,lv,ivr/online,42.8,50.5,-7.700000000000003,False,fixture,fixture
2c26f8349212,S-FL-special,Senate,FL,0,Morning Consult,,,2026-04-25,2026-04-28,500,lv,online,42.5,51.7,-9.200000000000003,False,fixture,fixture
17f44279c6d1,S-FL-special,Senate,FL,0,Cygnal,,,2026-07-03,2026-07-06,600,lv,mixed,47.0,50.3,-3.299999999999997,False,fixture,fixture
9cff4d9ade0c,G-AK,Governor,AK,0,Siena/NYT,,,2026-09-06,2026-09-09,800,lv,live phone,39.7,54.6,-14.899999999999999,False,fixture,fixture
9a8ac5afad6f,G-AK,Governor,AK,0,Siena/NYT,,,2026-07-03,2026-07-06,500,lv,live phone,44.6,50.1,-5.5,False,fixture,fixture
d221cda1f77f,G-AK,Governor,AK,0,Siena/NYT,,,2026-09-02,2026-09-05,500,lv,live phone,40.8,52.4,-11.600000000000001,False,fixture,fixture
3d145561ed2c,G-AK,Governor,AK,0,Emerson College,,,2026-09-10,2026-09-13,800,rv,ivr/online,45.1,46.4,-1.2999999999999972,False,fixture,fixture
ea157a196ff6,G-AK,Governor,AK,0,Rasmussen Reports,,,2026-08-23,2026-08-26,600,rv,ivr/online,45.1,49.2,-4.100000000000001,False,fixture,fixture
c87f6e2891e8,G-AK,Governor,AK,0,Data for Progress,,,2026-09-05,2026-09-08,500,lv,online,49.0,47.9,1.1000000000000014,False,fixture,fixture
77c771357675,G-AZ,Governor,AZ,0,Marist,,,2026-04-23,2026-04-26,600,rv,live phone,40.4,48.5,-8.100000000000001,False,fixture,fixture
400c4e3dddb1,G-AZ,Governor,AZ,0,Cygnal,,,2026-08-04,2026-08-07,500,lv,mixed,44.3,47.4,-3.1000000000000014,False,fixture,fixture
a6ebf6b085bc,G-AZ,Governor,AZ,0,YouGov/Economist,,,2026-07-05,2026-07-08,600,lv,online,43.7,50.2,-6.5,False,fixture,fixture
0f92e0d9beeb,G-CO,Governor,CO,0,Fox News/Beacon-Shaw,,,2026-07-12,2026-07-15,800,lv,live phone,44.4,49.9,-5.5,False,fixture,fixture
0a9d3de68d8a,G-CO,Governor,CO,0,Morning Consult,,,2026-04-26,2026-04-29,600,lv,online,47.1,49.4,-2.299999999999997,False,fixture,fixture
9662afa45ee2,G-CO,Governor,CO,0,Fox News/Beacon-Shaw,,,2026-05-11,2026-05-14,1000,rv,live phone,48.8,46.8,2.0,False,fixture,fixture
18e3bf20b202,G-CO,Governor,CO,0,Public Policy Polling,,,2026-05-09,2026-05-12,800,lv,ivr,50.6,43.1,7.5,False,fixture,fixture
e18221a259d5,G-FL,Governor,FL,0,Siena/NYT,,,2026-05-02,2026-05-05,1000,rv,live phone,42.1,52.0,-9.899999999999999,False,fixture,fixture
b6fae61a540f,G-FL,Governor,FL,0,Fox News/Beacon-Shaw,,,2026-07-12,2026-07-15,1000,lv,live phone,45.1,49.9,-4.799999999999997,False,fixture,fixture
7e9ccd666774,G-FL,Governor,FL,0,Morning Consult,,,2026-07-08,2026-07-11,1000,lv,online,43.9,46.6,-2.700000000000003,False,fixture,fixture
e255f831015c,G-FL,Governor,FL,0,Morning Consult,,,2026-05-10,2026-05-13,800,lv,online,42.2,49.7,-7.5,False,fixture,fixture
d410dcc49451,G-FL,Governor,FL,0,Morning Consult,,,2026-05-22,2026-05-25,500,lv,online,45.4,51.5,-6.100000000000001,False,fixture,fixture
f09f3f628e8a,G-GA,Governor,GA,0,Trafalgar Group,,,2026-06-16,2026-06-19,600,rv,mixed,45.0,49.7,-4.700000000000003,False,fixture,fixture
412dbae93098,G-GA,Governor,GA,0,Emerson College,,,2026-07-14,2026-07-17,500,rv,ivr/online,44.2,48.5,-4.299999999999997,False,fixture,fixture
c6fbfcdef85b,G-IL,Governor,IL,0,Public Policy Polling,,,2026-08-28,2026-08-31,500,lv,ivr,56.7,39.0,17.700000000000003,False,fixture,fixture
b5ff67431a99,G-IL,Governor,IL,0,Morning Consult,,,2026-08-05,2026-08-08,500,rv,online,60.2,35.4,24.800000000000004,False,fixture,fixture
f139cc00a8e6,G-IA,Governor,IA,0,Rasmussen Reports,,,2026-06-17,2026-06-20,1000,lv,ivr/online,40.1,54.3,-14.199999999999996,False,fixture,fixture
7bdf96fe67cf,G-IA,Governor,IA,0,Cygnal,,,2026-07-16,2026-07-19,1000,lv,mixed,40.0,52.5,-12.5,False,fixture,fixture
90284093b065,G-IA,Governor,IA,0,Morning Consult,,,2026-08-17,2026-08-20,600,rv,online,41.9,50.1,-8.200000000000003,False,fixture,fixture
6463d39f55c1,G-IA,Governor,IA,0,Rasmussen Reports,,,2026-05-28,2026-05-31,1000,lv,ivr/online,43.9,47.0,-3.1000000000000014,False,fixture,fixture
a084aac13fb5,G-KS,Governor,KS,0,Trafalgar Group,,,2026-07-17,2026-07-20,800,lv,mixed,39.0,55.9,-16.9,False,fixture,fixture
431e5d98eb87,G-ME,Governor,ME,0,Rasmussen Reports,,,2026-07-28,2026-07-31,1000,lv,ivr/online,52.1,44.7,7.399999999999999,False,fixture,fixture
38108a96b588,G-MI,Governor,MI,0,YouGov/Economist,,,2026-08-01,2026-08-04,500,lv,online,50.9,42.8,8.100000000000001,False,fixture,fixture
8c1be31c4119,G-MI,Governor,MI,0,Cygnal,,,2026-04-26,2026-04-29,500,lv,mixed,44.6,44.3,0.30000000000000426,False,fixture,fixture
78f466be85ea,G-MI,Governor,MI,0,Marist,,,2026-05-05,2026-05-08,400,rv,live phone,47.5,46.6,0.8999999999999986,False,fixture,fixture
566f3d3801f9,G-MI,Governor,MI,0,Marist,,,2026-05-14,2026-05-17,500,lv,live phone,49.0,44.6,4.399999999999999,False,fixture,fixture
678b4f67cbbe,G-NV,Governor,NV,0,Morning Consult,,,2026-06-09,2026-06-12,1000,lv,online,47.5,48.2,-0.7000000000000028,False,fixture,fixture
eac9946f7a3b,G-NV,Governor,NV,0,Fox News/Beacon-Shaw,,,2026-04-17,2026-04-20,400,lv,live phone,43.0,49.1,-6.100000000000001,False,fixture,fixture
bc7d5abaa1ef,G-NV,Governor,NV,0,Quinnipiac University,,,2026-08-05,2026-08-08,600,lv,live phone,45.3,47.5,-2.200000000000003,False,fixture,fixture
8023fb6ccdf1,G-NV,Governor,NV,0,Public Policy Polling,,,2026-08-19,2026-08-22,500,lv,ivr,42.2,48.7,-6.5,False,fixture,fixture
36f4b0e6fde2,G-NV,Governor,NV,0,Morning Consult,,,2026-08-14,2026-08-17,500,rv,online,45.1,46.0,-0.8999999999999986,False,fixture,fixture
50e843a1a80b,G-NH,Governor,NH,0,Rasmussen Reports,,,2026-08-30,2026-09-02,1000,lv,ivr/online,44.3,51.2,-6.900000000000006,False,fixture,fixture
7160a245ee68,G-NH,Governor,NH,0,Marist,,,2026-08-22,2026-08-25,500,lv,live phone,44.2,51.1,-6.899999999999999,False,fixture,fixture
b4818039f676,G-NH,Governor,NH,0,Siena/NYT,,,2026-04-21,2026-04-24,800,lv,live phone,49.6,47.0,2.6000000000000014,False,fixture,fixture
8a952caf9764,G-NH,Governor,NH,0,Cygnal,,,2026-08-10,2026-08-13,1000,lv,mixed,47.5,47.1,0.3999999999999986,False,fixture,fixture
7e1e5328f2ac,G-NH,Governor,NH,0,Quinnipiac University,,,2026-07-24,2026-07-27,500,lv,live phone,46.8,47.4,-0.6000000000000014,False,fixture,fixture
31192794c64c,G-PA,Governor,PA,0,Marist,,,2026-04-24,2026-04-27,400,lv,live phone,45.4,51.2,-5.800000000000004,False,fixture,fixture
7346bb93817d,G-SC,Governor,SC,0,YouGov/Economist,,,2026-08-08,2026-08-11,500,lv,online,36.2,55.1,-18.9,False,fixture,fixture
6cd5f77406d8,G-SC,Governor,SC,0,Emerson College,,,2026-07-29,2026-08-01,800,lv,ivr/online,40.3,53.1,-12.800000000000004,False,fixture,fixture
eb0b17770980,G-TX,Governor,TX,0,Morning Consult,,,2026-05-23,2026-05-26,800,lv,online,42.8,53.2,-10.400000000000006,False,fixture,fixture
dc72b890cfa5,G-TX,Governor,TX,0,Rasmussen Reports,,,2026-04-22,2026-04-25,1000,rv,ivr/online,44.1,50.0,-5.899999999999999,False,fixture,fixture
dfab9ab6893d,G-WI,Governor,WI,0,Quinnipiac University,,,2026-04-28,2026-05-01,800,rv,live phone,43.0,50.4,-7.399999999999999,False,fixture,fixture
9e263a057816,G-WI,Governor,WI,0,Marist,,,2026-07-15,2026-07-18,600,lv,live phone,43.3,53.0,-9.700000000000003,False,fixture,fixture
0be547111e94,G-WI,Governor,WI,0,Morning Consult,,,2026-07-24,2026-07-27,1000,lv,online,47.8,43.4,4.399999999999999,False,fixture,fixture
7247683f7e7b,GENERIC,Governor,,0,Siena/NYT,,,2026-05-03,2026-05-07,2000,lv,live phone,49.8,40.2,9.599999999999994,False,fixture,fixture
d5e900d222f6,GENERIC,Governor,,0,Cygnal,,,2026-03-18,2026-03-22,1200,rv,mixed,50.5,39.5,11.0,False,fixture,fixture
3fcdb129c868,GENERIC,Governor,,0,Cygnal,,,2026-08-14,2026-08-18,1200,lv,mixed,43.6,46.4,-2.799999999999997,False,fixture,fixture
ea3d58ddfbad,GENERIC,Governor,,0,Emerson College,,,2026-06-19,2026-06-23,1500,rv,ivr/online,49.9,40.1,9.799999999999997,False,fixture,fixture
85dd9949a787,GENERIC,Governor,,0,Public Policy Polling,,,2026-08-24,2026-08-28,1200,rv,ivr,45.4,44.6,0.7999999999999972,False,fixture,fixture
24dce7899c4b,GENERIC,Governor,,0,Trafalgar Group,,,2026-04-06,2026-04-10,1500,a,mixed,43.2,46.8,-3.5999999999999943,False,fixture,fixture
c2e54db841eb,GENERIC,Governor,,0,Data for Progress,,,2026-07-08,2026-07-12,1000,lv,online,53.0,37.0,16.0,False,fixture,fixture
7b041a31040b,GENERIC,Governor,,0,Cygnal,,,2026-09-10,2026-09-14,1000,rv,mixed,47.2,42.8,4.400000000000006,False,fixture,fixture
6361f444a609,GENERIC,Governor,,0,Trafalgar Group,,,2026-08-15,2026-08-19,2000,rv,mixed,48.4,41.6,6.799999999999997,False,fixture,fixture
c42c4082c9a4,GENERIC,Governor,,0,Emerson College,,,2026-08-11,2026-08-15,1000,lv,ivr/online,42.7,47.3,-4.599999999999994,False,fixture,fixture
bd509e4ad942,GENERIC,Governor,,0,Data for Progress,,,2026-07-18,2026-07-22,1200,lv,online,44.2,45.8,-1.5999999999999943,False,fixture,fixture
01fde95dc251,GENERIC,Governor,,0,Siena/NYT,,,2026-06-22,2026-06-26,2000,rv,live phone,49.4,40.6,8.799999999999997,False,fixture,fixture
152ec4647a68,GENERIC,Governor,,0,Morning Consult,,,2026-08-28,2026-09-01,1000,rv,online,48.3,41.7,6.599999999999994,False,fixture,fixture
844e6a1ab092,GENERIC,Governor,,0,Rasmussen Reports,,,2026-06-28,2026-07-02,1200,lv,ivr/online,45.1,44.9,0.20000000000000284,False,fixture,fixture
e624948413ed,GENERIC,Governor,,0,Cygnal,,,2026-04-21,2026-04-25,1000,lv,mixed,48.9,41.1,7.799999999999997,False,fixture,fixture
ae0c092156d8,GENERIC,Governor,,0,Marist,,,2026-06-12,2026-06-16,1200,rv,live phone,41.2,48.8,-7.599999999999994,False,fixture,fixture
b2c7f885be6c,GENERIC,Governor,,0,Siena/NYT,,,2026-06-23,2026-06-27,2000,lv,live phone,47.7,42.3,5.400000000000006,False,fixture,fixture
fd32d7d8c4c5,GENERIC,Governor,,0,Morning Consult,,,2026-04-21,2026-04-25,2000,lv,online,47.8,42.2,5.599999999999994,False,fixture,fixture
5d36747251c2,GENERIC,Governor,,0,Data for Progress,,,2026-07-01,2026-07-05,2000,lv,online,48.8,41.2,7.599999999999994,False,fixture,fixture
263b1cc3aa01,GENERIC,Governor,,0,Cygnal,,,2026-08-18,2026-08-22,1500,rv,mixed,43.4,46.6,-3.200000000000003,False,fixture,fixture
33c89661c6cf,GENERIC,Governor,,0,Morning Consult,,,2026-08-15,2026-08-19,1200,lv,online,46.3,43.7,2.5999999999999943,False,fixture,fixture
ae4d50a90a24,GENERIC,Governor,,0,Quinnipiac University,,,2026-04-16,2026-04-20,1000,lv,live phone,45.5,44.5,1.0,False,fixture,fixture
9604ae9dfcd7,GENERIC,Governor,,0,Data for Progress,,,2026-05-01,2026-05-05,1500,lv,online,46.7,43.3,3.4000000000000057,False,fixture,fixture
99da41fd0a67,GENERIC,Governor,,0,Emerson College,,,2026-05-30,2026-06-03,1000,rv,ivr/online,45.5,44.5,1.0,False,fixture,fixture
1a42ddd04419,GENERIC,Governor,,0,Public Policy Polling,,,2026-05-13,2026-05-17,2000,rv,ivr,46.4,43.6,2.799999999999997,False,fixture,fixture
ee8cbaa3533b,GENERIC,Governor,,0,Trafalgar Group,,,2026-07-10,2026-07-14,2000,rv,mixed,47.2,42.8,4.400000000000006,False,fixture,fixture
ed3b8e811449,GENERIC,Governor,,0,Quinnipiac University,,,2026-05-07,2026-05-11,1000,rv,live phone,46.9,43.1,3.799999999999997,False,fixture,fixture
10935f2409f8,GENERIC,Governor,,0,Quinnipiac University,,,2026-08-31,2026-09-04,1000,rv,live phone,47.6,42.4,5.200000000000003,False,fixture,fixture
bb6f9d19d5c0,GENERIC,Governor,,0,Marist,,,2026-06-15,2026-06-19,1200,lv,live phone,47.6,42.4,5.200000000000003,False,fixture,fixture
0a484ec3cb03,GENERIC,Governor,,0,Trafalgar Group,,,2026-08-14,2026-08-18,1000,rv,mixed,47.1,42.9,4.200000000000003,False,fixture,fixture
12e7de53fa95,GENERIC,Governor,,0,Marist,,,2026-04-19,2026-04-23,1500,rv,live phone,42.6,47.4,-4.799999999999997,False,fixture,fixture
cc6b7099c7fb,GENERIC,Governor,,0,Trafalgar Group,,,2026-05-13,2026-05-17,2000,rv,mixed,45.4,44.6,0.7999999999999972,False,fixture,fixture
8cebb156088d,GENERIC,Governor,,0,Data for Progress,,,2026-07-05,2026-07-09,2000,lv,online,46.5,43.5,3.0,False,fixture,fixture
2ed7d99f0919,GENERIC,Governor,,0,Emerson College,,,2026-06-01,2026-06-05,1000,lv,ivr/online,48.8,41.2,7.599999999999994,False,fixture,fixture
39bd2770864c,GENERIC,Governor,,0,Emerson College,,,2026-08-18,2026-08-22,2000,lv,ivr/online,46.8,43.2,3.5999999999999943,False,fixture,fixture
529bb11e6000,GENERIC,Governor,,0,Marist,,,2026-03-19,2026-03-23,1000,lv,live phone,48.4,41.6,6.799999999999997,False,fixture,fixture
9f62e3fba769,GENERIC,Governor,,0,Rasmussen Reports,,,2026-05-02,2026-05-06,1500,a,ivr/online,42.4,47.6,-5.200000000000003,False,fixture,fixture
643b6d69b08e,GENERIC,Governor,,0,YouGov/Economist,,,2026-03-22,2026-03-26,1000,lv,online,43.8,46.2,-2.4000000000000057,False,fixture,fixture
50cd7cbafaaa,GENERIC,Governor,,0,Data for Progress,,,2026-09-01,2026-09-05,1500,rv,online,47.2,42.8,4.400000000000006,False,fixture,fixture
90f390bfe1b8,GENERIC,Governor,,0,Data for Progress,,,2026-07-03,2026-07-07,1500,lv,online,47.3,42.7,4.599999999999994,False,fixture,fixture
a988906ecf70,GENERIC,Governor,,0,Trafalgar Group,,,2026-08-02,2026-08-06,1200,rv,mixed,46.1,43.9,2.200000000000003,False,fixture,fixture
df282550be1f,GENERIC,Governor,,0,Siena/NYT,,,2026-06-15,2026-06-19,1000,lv,live phone,43.4,46.6,-3.200000000000003,False,fixture,fixture
08f10e4870fc,GENERIC,Governor,,0,Morning Consult,,,2026-05-07,2026-05-11,1500,rv,online,47.9,42.1,5.799999999999997,False,fixture,fixture
06cd65f2e336,GENERIC,Governor,,0,Cygnal,,,2026-06-16,2026-06-20,1500,lv,mixed,48.4,41.6,6.799999999999997,False,fixture,fixture
85f6272737b2,GENERIC,Governor,,0,Quinnipiac University,,,2026-06-22,2026-06-26,1500,a,live phone,47.3,42.7,4.599999999999994,False,fixture,fixture
10ea2b9e1738,GENERIC,Governor,,0,Trafalgar Group,,,2026-04-19,2026-04-23,1000,lv,mixed,44.8,45.2,-0.4000000000000057,False,fixture,fixture
950d12e9438c,GENERIC,Governor,,0,Marist,,,2026-05-26,2026-05-30,1000,lv,live phone,46.2,43.8,2.4000000000000057,False,fixture,fixture
09ae577a1af5,GENERIC,Governor,,0,Cygnal,,,2026-07-11,2026-07-15,1000,rv,mixed,47.4,42.6,4.799999999999997,False,fixture,fixture
bb2ff28d424d,GENERIC,Governor,,0,Quinnipiac University,,,2026-08-26,2026-08-30,1200,rv,live phone,46.7,43.3,3.4000000000000057,False,fixture,fixture
1dc5ff826a78,GENERIC,Governor,,0,Marist,,,2026-08-02,2026-08-06,1500,lv,live phone,48.1,41.9,6.200000000000003,False,fixture,fixture
b26b6a920b69,GENERIC,Governor,,0,Emerson College,,,2026-04-02,2026-04-06,1000,a,ivr/online,48.4,41.6,6.799999999999997,False,fixture,fixture
02a2cc52f847,GENERIC,Governor,,0,Cygnal,,,2026-06-08,2026-06-12,2000,a,mixed,47.4,42.6,4.799999999999997,False,fixture,fixture
4cfc67b0c823,GENERIC,Governor,,0,Data for Progress,,,2026-07-27,2026-07-31,2000,a,online,48.4,41.6,6.799999999999997,False,fixture,fixture
bf2c3d4cac14,GENERIC,Governor,,0,Emerson College,,,2026-05-30,2026-06-03,1000,lv,ivr/online,45.7,44.3,1.4000000000000057,False,fixture,fixture
25a764cfcf9e,GENERIC,Governor,,0,Marist,,,2026-07-06,2026-07-10,2000,lv,live phone,45.0,45.0,0.0,False,fixture,fixture
3c1e75d00a53,GENERIC,Governor,,0,YouGov/Economist,,,2026-08-15,2026-08-19,1000,lv,online,47.1,42.9,4.200000000000003,False,fixture,fixture
fa9cfee67210,GENERIC,Governor,,0,Morning Consult,,,2026-04-25,2026-04-29,1000,lv,online,47.2,42.8,4.400000000000006,False,fixture,fixture
70ff86ac82db,GENERIC,Governor,,0,Quinnipiac University,,,2026-06-04,2026-06-08,1200,a,live phone,46.2,43.8,2.4000000000000057,False,fixture,fixture
278d4e299e1d,GENERIC,Governor,,0,Marist,,,2026-06-29,2026-07-03,1000,rv,live phone,43.3,46.7,-3.4000000000000057,False,fixture,fixture
81472d3d106f,GENERIC,Governor,,0,Cygnal,,,2026-05-12,2026-05-16,2000,lv,mixed,44.7,45.3,-0.5999999999999943,False,fixture,fixture
929e8d51e206,GENERIC,Governor,,0,Cygnal,,,2026-09-06,2026-09-10,1200,rv,mixed,51.0,39.0,12.0,False,fixture,fixture
d264600e233c,GENERIC,Governor,,0,Cygnal,,,2026-09-10,2026-09-14,1500,lv,mixed,45.2,44.8,0.4000000000000057,False,fixture,fixture
0a2978851c5a,GENERIC,Governor,,0,Siena/NYT,,,2026-08-08,2026-08-12,1200,rv,live phone,50.6,39.4,11.200000000000003,False,fixture,fixture
6fa51cfc2a6c,GENERIC,Governor,,0,Trafalgar Group,,,2026-04-28,2026-05-02,1500,lv,mixed,42.8,47.2,-4.400000000000006,False,fixture,fixture
f9c08f871cb5,GENERIC,Governor,,0,Trafalgar Group,,,2026-03-24,2026-03-28,1500,lv,mixed,45.9,44.1,1.7999999999999972,False,fixture,fixture
af32d3d58bb5,GENERIC,Governor,,0,Data for Progress,,,2026-08-17,2026-08-21,1500,rv,online,46.4,43.6,2.799999999999997,False,fixture,fixture
bf2875e52cce,GENERIC,Governor,,0,Quinnipiac University,,,2026-08-03,2026-08-07,2000,lv,live phone,46.5,43.5,3.0,False,fixture,fixture
42ba8889a5dd,GENERIC,Governor,,0,Public Policy Polling,,,2026-06-18,2026-06-22,1500,lv,ivr,47.6,42.4,5.200000000000003,False,fixture,fixture
9c8e9c7d19af,GENERIC,Governor,,0,Quinnipiac University,,,2026-07-05,2026-07-09,2000,rv,live phone,46.9,43.1,3.799999999999997,False,fixture,fixture
b1f6a317d2e8,GENERIC,Governor,,0,YouGov/Economist,,,2026-06-05,2026-06-09,2000,rv,online,47.9,42.1,5.799999999999997,False,fixture,fixture
cf8c1af68717,GENERIC,Governor,,0,Rasmussen Reports,,,2026-08-17,2026-08-21,1200,lv,ivr/online,43.8,46.2,-2.4000000000000057,False,fixture,fixture
cbf17d058e80,GENERIC,Governor,,0,Morning Consult,,,2026-07-10,2026-07-14,1000,lv,online,46.5,43.5,3.0,False,fixture,fixture
dac3b6078087,GENERIC,Governor,,0,Rasmussen Reports,,,2026-03-29,2026-04-02,2000,rv,ivr/online,45.9,44.1,1.7999999999999972,False,fixture,fixture
c6d9990f3dae,GENERIC,Governor,,0,Quinnipiac University,,,2026-04-12,2026-04-16,2000,lv,live phone,48.6,41.4,7.200000000000003,False,fixture,fixture
962b7f8c15fc,GENERIC,Governor,,0,Trafalgar Group,,,2026-04-22,2026-04-26,2000,lv,mixed,48.5,41.5,7.0,False,fixture,fixture
b655193eae0b,GENERIC,Governor,,0,Data for Progress,,,2026-04-16,2026-04-20,1000,lv,online,47.1,42.9,4.200000000000003,False,fixture,fixture
7b123a199232,GENERIC,Governor,,0,Marist,,,2026-07-28,2026-08-01,2000,lv,live phone,48.0,42.0,6.0,False,fixture,fixture
b39d4fd918ea,GENERIC,Governor,,0,Siena/NYT,,,2026-04-25,2026-04-29,2000,lv,live phone,46.2,43.8,2.4000000000000057,False,fixture,fixture
aa955f70066b,GENERIC,Governor,,0,Quinnipiac University,,,2026-07-13,2026-07-17,1000,lv,live phone,47.3,42.7,4.599999999999994,False,fixture,fixture
b0bab19bab49,GENERIC,Governor,,0,Morning Consult,,,2026-05-03,2026-05-07,1000,rv,online,49.9,40.1,9.799999999999997,False,fixture,fixture
0b6ef2672975,GENERIC,Governor,,0,Rasmussen Reports,,,2026-05-07,2026-05-11,1000,rv,ivr/online,45.3,44.7,0.5999999999999943,False,fixture,fixture
18f4e717aebe,GENERIC,Governor,,0,Cygnal,,,2026-08-07,2026-08-11,1000,rv,mixed,47.1,42.9,4.200000000000003,False,fixture,fixture
5422b7633834,GENERIC,Governor,,0,Siena/NYT,,,2026-06-25,2026-06-29,1500,lv,live phone,42.9,47.1,-4.200000000000003,False,fixture,fixture
707522d69dba,GENERIC,Governor,,0,Data for Progress,,,2026-06-06,2026-06-10,1200,rv,online,48.5,41.5,7.0,False,fixture,fixture
2d3428626f35,GENERIC,Governor,,0,Siena/NYT,,,2026-08-02,2026-08-06,2000,rv,live phone,47.9,42.1,5.799999999999997,False,fixture,fixture
cae28b10b76d,GENERIC,Governor,,0,Siena/NYT,,,2026-09-05,2026-09-09,1200,lv,live phone,46.3,43.7,2.5999999999999943,False,fixture,fixture
65361eed2a78,GENERIC,Governor,,0,Cygnal,,,2026-07-20,2026-07-24,1500,lv,mixed,46.0,44.0,2.0,False,fixture,fixture
0adffd65a0ad,GENERIC,Governor,,0,Trafalgar Group,,,2026-04-20,2026-04-24,1200,lv,mixed,46.5,43.5,3.0,False,fixture,fixture
4f2d402fb2ff,GENERIC,Governor,,0,Siena/NYT,,,2026-04-26,2026-04-30,1500,a,live phone,48.3,41.7,6.599999999999994,False,fixture,fixture
2298d85f5cf0,GENERIC,Governor,,0,Marist,,,2026-05-10,2026-05-14,2000,a,live phone,47.5,42.5,5.0,False,fixture,fixture
