cycle,race_id,source,rating,dem_won,tier_code,provenance
2018,G-AK,fivethirtyeight_category,Lean R,0.0,-1,mirror
2018,G-AL,fivethirtyeight_category,Safe R,0.0,-3,mirror
2018,G-AR,fivethirtyeight_category,Safe R,0.0,-3,mirror
2018,G-AZ,fivethirtyeight_category,Safe R,0.0,-3,mirror
2018,G-CA,fivethirtyeight_category,Safe D,1.0,3,mirror
2018,G-CO,fivethirtyeight_category,Likely D,1.0,2,mirror
2018,G-CT,fivethirtyeight_category,Likely D,1.0,2,mirror
2018,G-FL,fivethirtyeight_category,Likely D,0.0,2,mirror
2018,G-GA,fivethirtyeight_category,Lean R,0.0,-1,mirror
2018,G-HI,fivethirtyeight_category,Safe D,1.0,3,mirror
2018,G-IA,fivethirtyeight_category,Lean D,0.0,1,mirror
2018,G-ID,fivethirtyeight_category,Safe R,0.0,-3,mirror
2018,G-IL,fivethirtyeight_category,Likely D,1.0,2,mirror
2018,G-KS,fivethirtyeight_category,Toss-up,1.0,0,mirror
2018,G-MA,fivethirtyeight_category,Safe R,0.0,-3,mirror
2018,G-MD,fivethirtyeight_category,Safe R,0.0,-3,mirror
2018,G-ME,fivethirtyeight_category,Likely D,1.0,2,mirror
2018,G-MI,fivethirtyeight_category,Likely D,1.0,2,mirror
2018,G-MN,fivethirtyeight_category,Likely D,1.0,2,mirror
2018,G-NE,fivethirtyeight_category,Safe R,0.0,-3,mirror
2018,G-NH,fivethirtyeight_category,Likely R,0.0,-2,mirror
2018,G-NM,fivethirtyeight_category,Likely D,1.0,2,mirror
2018,G-NV,fivethirtyeight_category,Lean D,1.0,1,mirror
2018,G-NY,fivethirtyeight_category,Safe D,1.0,3,mirror
2018,G-OH,fivethirtyeight_category,Lean D,0.0,1,mirror
2018,G-OK,fivethirtyeight_category,Likely R,0.0,-2,mirror
2018,G-OR,fivethirtyeight_category,Likely D,1.0,2,mirror
2018,G-PA,fivethirtyeight_category,Safe D,1.0,3,mirror
2018,G-RI,fivethirtyeight_category,Safe D,1.0,3,mirror
2018,G-SC,fivethirtyeight_category,Safe R,0.0,-3,mirror
2018,G-SD,fivethirtyeight_category,Lean R,0.0,-1,mirror
2018,G-TN,fivethirtyeight_category,Safe R,0.0,-3,mirror
2018,G-TX,fivethirtyeight_category,Safe R,0.0,-3,mirror
2018,G-VT,fivethirtyeight_category,Safe R,0.0,-3,mirror
2018,G-WI,fivethirtyeight_category,Lean D,1.0,1,mirror
2018,G-WY,fivethirtyeight_category,Safe R,0.0,-3,mirror
2018,H-AK-01,fivethirtyeight_category,Lean R,0.0,-1,mirror
2018,H-AL-01,fivethirtyeight_category,Safe R,0.0,-3,mirror
2018,H-AL-02,fivethirtyeight_category,Safe R,0.0,-3,mirror
2018,H-AL-03,fivethirtyeight_category,Safe R,0.0,-3,mirror
2018,H-AL-04,fivethirtyeight_category,Safe R,0.0,-3,mirror
2018,H-AL-05,fivethirtyeight_category,Safe R,0.0,-3,mirror
2018,H-AL-06,fivethirtyeight_category,Safe R,0.0,-3,mirror
2018,H-AL-07,fivethirtyeight_category,Safe D,1.0,3,mirror
2018,H-AR-01,fivethirtyeight_category,Safe R,0.0,-3,mirror
2018,H-AR-02,fivethirtyeight_category,Likely R,0.0,-2,mirror
2018,H-AR-03,fivethirtyeight_category,Safe R,0.0,-3,mirror
2018,H-AR-04,fivethirtyeight_category,Safe R,0.0,-3,mirror
2018,H-AZ-01,fivethirtyeight_category,Likely D,1.0,2,mirror
2018,H-AZ-02,fivethirtyeight_category,Safe D,1.0,3,mirror
2018,H-AZ-03,fivethirtyeight_category,Safe D,1.0,3,mirror
2018,H-AZ-04,fivethirtyeight_category,Safe R,0.0,-3,mirror
2018,H-AZ-05,fivethirtyeight_category,Safe R,0.0,-3,mirror
2018,H-AZ-06,fivethirtyeight_category,Likely R,0.0,-2,mirror
2018,H-AZ-07,fivethirtyeight_category,Safe D,1.0,3,mirror
2018,H-AZ-08,fivethirtyeight_category,Likely R,0.0,-2,mirror
2018,H-AZ-09,fivethirtyeight_category,Safe D,1.0,3,mirror
2018,H-CA-01,fivethirtyeight_category,Likely R,0.0,-2,mirror
2018,H-CA-10,fivethirtyeight_category,Lean D,1.0,1,mirror
2018,H-CA-11,fivethirtyeight_category,Safe D,1.0,3,mirror
2018,H-CA-12,fivethirtyeight_category,Safe D,1.0,3,mirror
2018,H-CA-13,fivethirtyeight_category,Safe D,1.0,3,mirror
2018,H-CA-14,fivethirtyeight_category,Safe D,1.0,3,mirror
2018,H-CA-15,fivethirtyeight_category,Safe D,1.0,3,mirror
2018,H-CA-16,fivethirtyeight_category,Safe D,1.0,3,mirror
2018,H-CA-17,fivethirtyeight_category,Safe D,1.0,3,mirror
2018,H-CA-18,fivethirtyeight_category,Safe D,1.0,3,mirror
2018,H-CA-19,fivethirtyeight_category,Safe D,1.0,3,mirror
2018,H-CA-02,fivethirtyeight_category,Safe D,1.0,3,mirror
2018,H-CA-20,fivethirtyeight_category,Safe D,1.0,3,mirror
2018,H-CA-21,fivethirtyeight_category,Likely R,1.0,-2,mirror
2018,H-CA-22,fivethirtyeight_category,Safe R,0.0,-3,mirror
2018,H-CA-23,fivethirtyeight_category,Safe R,0.0,-3,mirror
2018,H-CA-24,fivethirtyeight_category,Safe D,1.0,3,mirror
2018,H-CA-25,fivethirtyeight_category,Toss-up,1.0,0,mirror
2018,H-CA-26,fivethirtyeight_category,Safe D,1.0,3,mirror
2018,H-CA-27,fivethirtyeight_category,Safe D,1.0,3,mirror
2018,H-CA-28,fivethirtyeight_category,Safe D,1.0,3,mirror
2018,H-CA-29,fivethirtyeight_category,Safe D,1.0,3,mirror
2018,H-CA-03,fivethirtyeight_category,Safe D,1.0,3,mirror
2018,H-CA-30,fivethirtyeight_category,Safe D,1.0,3,mirror
2018,H-CA-31,fivethirtyeight_category,Safe D,1.0,3,mirror
2018,H-CA-32,fivethirtyeight_category,Safe D,1.0,3,mirror
2018,H-CA-33,fivethirtyeight_category,Safe D,1.0,3,mirror
2018,H-CA-34,fivethirtyeight_category,Safe D,1.0,3,mirror
2018,H-CA-35,fivethirtyeight_category,Safe D,1.0,3,mirror
2018,H-CA-36,fivethirtyeight_category,Safe D,1.0,3,mirror
2018,H-CA-37,fivethirtyeight_category,Safe D,1.0,3,mirror
2018,H-CA-38,fivethirtyeight_category,Safe D,1.0,3,mirror
2018,H-CA-39,fivethirtyeight_category,Toss-up,1.0,0,mirror
2018,H-CA-04,fivethirtyeight_category,Likely R,0.0,-2,mirror
2018,H-CA-40,fivethirtyeight_category,Safe D,1.0,3,mirror
2018,H-CA-41,fivethirtyeight_category,Safe D,1.0,3,mirror
2018,H-CA-42,fivethirtyeight_category,Safe R,0.0,-3,mirror
2018,H-CA-43,fivethirtyeight_category,Safe D,1.0,3,mirror
2018,H-CA-44,fivethirtyeight_category,Safe D,1.0,3,mirror
2018,H-CA-45,fivethirtyeight_category,Lean D,1.0,1,mirror
2018,H-CA-46,fivethirtyeight_category,Safe D,1.0,3,mirror
2018,H-CA-47,fivethirtyeight_category,Safe D,1.0,3,mirror
2018,H-CA-48,fivethirtyeight_category,Lean D,1.0,1,mirror
2018,H-CA-49,fivethirtyeight_category,Safe D,1.0,3,mirror
2018,H-CA-05,fivethirtyeight_category,Safe D,1.0,3,mirror
2018,H-CA-50,fivethirtyeight_category,Likely R,0.0,-2,mirror
2018,H-CA-51,fivethirtyeight_category,Safe D,1.0,3,mirror
2018,H-CA-52,fivethirtyeight_category,Safe D,1.0,3,mirror
2018,H-CA-53,fivethirtyeight_category,Safe D,1.0,3,mirror
2018,H-CA-06,fivethirtyeight_category,Safe D,1.0,3,mirror
2018,H-CA-07,fivethirtyeight_category,Safe D,1.0,3,mirror
2018,H-CA-08,fivethirtyeight_category,Safe R,0.0,-3,mirror
2018,H-CA-09,fivethirtyeight_category,Safe D,1.0,3,mirror
2018,H-CO-01,fivethirtyeight_category,Safe D,1.0,3,mirror
2018,H-CO-02,fivethirtyeight_category,Safe D,1.0,3,mirror
2018,H-CO-03,fivethirtyeight_category,Likely R,0.0,-2,mirror
2018,H-CO-04,fivethirtyeight_category,Safe R,0.0,-3,mirror
2018,H-CO-05,fivethirtyeight_category,Safe R,0.0,-3,mirror
2018,H-CO-06,fivethirtyeight_category,Likely D,1.0,2,mirror
2018,H-CO-07,fivethirtyeight_category,Safe D,1.0,3,mirror
2018,H-CT-01,fivethirtyeight_category,Safe D,1.0,3,mirror
2018,H-CT-02,fivethirtyeight_category,Safe D,1.0,3,mirror
2018,H-CT-03,fivethirtyeight_category,Safe D,1.0,3,mirror
2018,H-CT-04,fivethirtyeight_category,Safe D,1.0,3,mirror
2018,H-CT-05,fivethirtyeight_category,Safe D,1.0,3,mirror
2018,H-DE-01,fivethirtyeight_category,Safe D,1.0,3,mirror
2018,H-FL-01,fivethirtyeight_category,Safe R,0.0,-3,mirror
2018,H-FL-10,fivethirtyeight_category,Safe D,1.0,3,mirror
2018,H-FL-11,fivethirtyeight_category,Safe R,0.0,-3,mirror
2018,H-FL-12,fivethirtyeight_category,Safe R,0.0,-3,mirror
2018,H-FL-13,fivethirtyeight_category,Safe D,1.0,3,mirror
2018,H-FL-14,fivethirtyeight_category,Safe D,1.0,3,mirror
2018,H-FL-15,fivethirtyeight_category,Lean R,0.0,-1,mirror
2018,H-FL-16,fivethirtyeight_category,Likely R,0.0,-2,mirror
2018,H-FL-17,fivethirtyeight_category,Safe R,0.0,-3,mirror
2018,H-FL-18,fivethirtyeight_category,Likely R,0.0,-2,mirror
2018,H-FL-19,fivethirtyeight_category,Safe R,0.0,-3,mirror
2018,H-FL-02,fivethirtyeight_category,Safe R,0.0,-3,mirror
2018,H-FL-20,fivethirtyeight_category,Safe D,1.0,3,mirror
2018,H-FL-21,fivethirtyeight_category,Safe D,1.0,3,mirror
2018,H-FL-22,fivethirtyeight_category,Safe D,1.0,3,mirror
2018,H-FL-23,fivethirtyeight_category,Safe D,1.0,3,mirror
2018,H-FL-24,fivethirtyeight_category,Safe D,1.0,3,mirror
2018,H-FL-25,fivethirtyeight_category,Likely R,0.0,-2,mirror
2018,H-FL-26,fivethirtyeight_category,Toss-up,1.0,0,mirror
2018,H-FL-27,fivethirtyeight_category,Likely D,1.0,2,mirror
2018,H-FL-03,fivethirtyeight_category,Safe R,0.0,-3,mirror
2018,H-FL-04,fivethirtyeight_category,Safe R,0.0,-3,mirror
2018,H-FL-05,fivethirtyeight_category,Safe D,1.0,3,mirror
2018,H-FL-06,fivethirtyeight_category,Likely R,0.0,-2,mirror
2018,H-FL-07,fivethirtyeight_category,Safe D,1.0,3,mirror
2018,H-FL-08,fivethirtyeight_category,Safe R,0.0,-3,mirror
2018,H-FL-09,fivethirtyeight_category,Safe D,1.0,3,mirror
2018,H-GA-01,fivethirtyeight_category,Safe R,0.0,-3,mirror
2018,H-GA-10,fivethirtyeight_category,Safe R,0.0,-3,mirror
2018,H-GA-11,fivethirtyeight_category,Safe R,0.0,-3,mirror
2018,H-GA-12,fivethirtyeight_category,Safe R,0.0,-3,mirror
2018,H-GA-13,fivethirtyeight_category,Safe D,1.0,3,mirror
2018,H-GA-14,fivethirtyeight_category,Safe R,0.0,-3,mirror
2018,H-GA-02,fivethirtyeight_category,Safe D,1.0,3,mirror
2018,H-GA-03,fivethirtyeight_category,Safe R,0.0,-3,mirror
2018,H-GA-04,fivethirtyeight_category,Safe D,1.0,3,mirror
2018,H-GA-05,fivethirtyeight_category,Safe D,1.0,3,mirror
2018,H-GA-06,fivethirtyeight_category,Toss-up,1.0,0,mirror
2018,H-GA-07,fivethirtyeight_category,Likely R,0.0,-2,mirror
2018,H-GA-08,fivethirtyeight_category,Safe R,0.0,-3,mirror
2018,H-GA-09,fivethirtyeight_category,Safe R,0.0,-3,mirror
2018,H-HI-01,fivethirtyeight_category,Safe D,1.0,3,mirror
2018,H-HI-02,fivethirtyeight_category,Safe D,1.0,3,mirror
2018,H-IA-01,fivethirtyeight_category,Likely D,1.0,2,mirror
2018,H-IA-02,fivethirtyeight_category,Safe D,1.0,3,mirror
2018,H-IA-03,fivethirtyeight_category,Lean D,1.0,1,mirror
2018,H-IA-04,fivethirtyeight_category,Likely R,0.0,-2,mirror
2018,H-ID-01,fivethirtyeight_category,Safe R,0.0,-3,mirror
2018,H-ID-02,fivethirtyeight_category,Safe R,0.0,-3,mirror
2018,H-IL-01,fivethirtyeight_category,Safe D,1.0,3,mirror
2018,H-IL-10,fivethirtyeight_category,Safe D,1.0,3,mirror
2018,H-IL-11,fivethirtyeight_category,Safe D,1.0,3,mirror
2018,H-IL-12,fivethirtyeight_category,Likely R,0.0,-2,mirror
2018,H-IL-13,fivethirtyeight_category,Likely R,0.0,-2,mirror
2018,H-IL-14,fivethirtyeight_category,Lean D,1.0,1,mirror
2018,H-IL-15,fivethirtyeight_category,Safe R,0.0,-3,mirror
2018,H-IL-16,fivethirtyeight_category,Safe R,0.0,-3,mirror
2018,H-IL-17,fivethirtyeight_category,Safe D,1.0,3,mirror
2018,H-IL-18,fivethirtyeight_category,Safe R,0.0,-3,mirror
2018,H-IL-02,fivethirtyeight_category,Safe D,1.0,3,mirror
2018,H-IL-03,fivethirtyeight_category,Safe D,1.0,3,mirror
2018,H-IL-04,fivethirtyeight_category,Safe D,1.0,3,mirror
2018,H-IL-05,fivethirtyeight_category,Safe D,1.0,3,mirror
2018,H-IL-06,fivethirtyeight_category,Lean D,1.0,1,mirror
2018,H-IL-07,fivethirtyeight_category,Safe D,1.0,3,mirror
2018,H-IL-08,fivethirtyeight_category,Safe D,1.0,3,mirror
2018,H-IL-09,fivethirtyeight_category,Safe D,1.0,3,mirror
2018,H-IN-01,fivethirtyeight_category,Safe D,1.0,3,mirror
2018,H-IN-02,fivethirtyeight_category,Safe R,0.0,-3,mirror
2018,H-IN-03,fivethirtyeight_category,Safe R,0.0,-3,mirror
2018,H-IN-04,fivethirtyeight_category,Safe R,0.0,-3,mirror
2018,H-IN-05,fivethirtyeight_category,Safe R,0.0,-3,mirror
2018,H-IN-06,fivethirtyeight_category,Safe R,0.0,-3,mirror
2018,H-IN-07,fivethirtyeight_category,Safe D,1.0,3,mirror
2018,H-IN-08,fivethirtyeight_category,Safe R,0.0,-3,mirror
2018,H-IN-09,fivethirtyeight_category,Likely R,0.0,-2,mirror
2018,H-KS-01,fivethirtyeight_category,Safe R,0.0,-3,mirror
2018,H-KS-02,fivethirtyeight_category,Lean D,0.0,1,mirror
2018,H-KS-03,fivethirtyeight_category,Likely D,1.0,2,mirror
2018,H-KS-04,fivethirtyeight_category,Safe R,0.0,-3,mirror
2018,H-KY-01,fivethirtyeight_category,Safe R,0.0,-3,mirror
2018,H-KY-02,fivethirtyeight_category,Safe R,0.0,-3,mirror
2018,H-KY-03,fivethirtyeight_category,Safe D,1.0,3,mirror
2018,H-KY-04,fivethirtyeight_category,Safe R,0.0,-3,mirror
2018,H-KY-05,fivethirtyeight_category,Safe R,0.0,-3,mirror
2018,H-KY-06,fivethirtyeight_category,Toss-up,0.0,0,mirror
2018,H-LA-01,fivethirtyeight_category,Safe R,0.0,-3,mirror
2018,H-LA-02,fivethirtyeight_category,Safe D,1.0,3,mirror
2018,H-LA-03,fivethirtyeight_category,Safe R,0.0,-3,mirror
2018,H-LA-04,fivethirtyeight_category,Safe R,0.0,-3,mirror
2018,H-LA-05,fivethirtyeight_category,Safe R,0.0,-3,mirror
2018,H-LA-06,fivethirtyeight_category,Safe R,0.0,-3,mirror
2018,H-MA-01,fivethirtyeight_category,Safe D,1.0,3,mirror
2018,H-MA-02,fivethirtyeight_category,Safe D,1.0,3,mirror
2018,H-MA-03,fivethirtyeight_category,Safe D,1.0,3,mirror
2018,H-MA-04,fivethirtyeight_category,Safe D,1.0,3,mirror
2018,H-MA-05,fivethirtyeight_category,Safe D,1.0,3,mirror
2018,H-MA-06,fivethirtyeight_category,Safe D,1.0,3,mirror
2018,H-MA-07,fivethirtyeight_category,Safe D,1.0,3,mirror
2018,H-MA-08,fivethirtyeight_category,Safe D,1.0,3,mirror
2018,H-MA-09,fivethirtyeight_category,Safe D,1.0,3,mirror
2018,H-MD-01,fivethirtyeight_category,Safe R,0.0,-3,mirror
2018,H-MD-02,fivethirtyeight_category,Safe D,1.0,3,mirror
2018,H-MD-03,fivethirtyeight_category,Safe D,1.0,3,mirror
2018,H-MD-04,fivethirtyeight_category,Safe D,1.0,3,mirror
2018,H-MD-05,fivethirtyeight_category,Safe D,1.0,3,mirror
2018,H-MD-06,fivethirtyeight_category,Safe D,1.0,3,mirror
2018,H-MD-07,fivethirtyeight_category,Safe D,1.0,3,mirror
2018,H-MD-08,fivethirtyeight_category,Safe D,1.0,3,mirror
2018,H-ME-01,fivethirtyeight_category,Safe D,1.0,3,mirror
2018,H-ME-02,fivethirtyeight_category,Lean D,1.0,1,mirror
2018,H-MI-01,fivethirtyeight_category,Safe R,0.0,-3,mirror
2018,H-MI-10,fivethirtyeight_category,Safe R,0.0,-3,mirror
2018,H-MI-11,fivethirtyeight_category,Likely D,1.0,2,mirror
2018,H-MI-12,fivethirtyeight_category,Safe D,1.0,3,mirror
2018,H-MI-13,fivethirtyeight_category,Safe D,1.0,3,mirror
2018,H-MI-14,fivethirtyeight_category,Safe D,1.0,3,mirror
2018,H-MI-02,fivethirtyeight_category,Safe R,0.0,-3,mirror
2018,H-MI-03,fivethirtyeight_category,Safe R,0.0,-3,mirror
2018,H-MI-04,fivethirtyeight_category,Safe R,0.0,-3,mirror
2018,H-MI-05,fivethirtyeight_category,Safe D,1.0,3,mirror
2018,H-MI-06,fivethirtyeight_category,Likely R,0.0,-2,mirror
2018,H-MI-07,fivethirtyeight_category,Likely R,0.0,-2,mirror
2018,H-MI-08,fivethirtyeight_category,Lean D,1.0,1,mirror
2018,H-MI-09,fivethirtyeight_category,Safe D,1.0,3,mirror
2018,H-MN-01,fivethirtyeight_category,Toss-up,0.0,0,mirror
2018,H-MN-02,fivethirtyeight_category,Likely D,1.0,2,mirror
2018,H-MN-03,fivethirtyeight_category,Likely D,1.0,2,mirror
2018,H-MN-04,fivethirtyeight_category,Safe D,1.0,3,mirror
2018,H-MN-05,fivethirtyeight_category,Safe D,1.0,3,mirror
2018,H-MN-06,fivethirtyeight_category,Safe R,0.0,-3,mirror
2018,H-MN-07,fivethirtyeight_category,Safe D,1.0,3,mirror
2018,H-MN-08,fivethirtyeight_category,Likely R,0.0,-2,mirror
2018,H-MO-01,fivethirtyeight_category,Safe D,1.0,3,mirror
2018,H-MO-02,fivethirtyeight_category,Likely R,0.0,-2,mirror
2018,H-MO-03,fivethirtyeight_category,Safe R,0.0,-3,mirror
2018,H-MO-04,fivethirtyeight_category,Safe R,0.0,-3,mirror
2018,H-MO-05,fivethirtyeight_category,Safe D,1.0,3,mirror
2018,H-MO-06,fivethirtyeight_category,Safe R,0.0,-3,mirror
2018,H-MO-07,fivethirtyeight_category,Safe R,0.0,-3,mirror
2018,H-MO-08,fivethirtyeight_category,Safe R,0.0,-3,mirror
2018,H-MS-01,fivethirtyeight_category,Safe R,0.0,-3,mirror
2018,H-MS-02,fivethirtyeight_category,Safe D,1.0,3,mirror
2018,H-MS-03,fivethirtyeight_category,Safe R,0.0,-3,mirror
2018,H-MS-04,fivethirtyeight_category,Safe R,0.0,-3,mirror
2018,H-MT-01,fivethirtyeight_category,Likely R,0.0,-2,mirror
2018,H-NC-01,fivethirtyeight_category,Safe D,1.0,3,mirror
2018,H-NC-10,fivethirtyeight_category,Safe R,0.0,-3,mirror
2018,H-NC-11,fivethirtyeight_category,Safe R,0.0,-3,mirror
2018,H-NC-12,fivethirtyeight_category,Safe D,1.0,3,mirror
2018,H-NC-13,fivethirtyeight_category,Lean R,0.0,-1,mirror
2018,H-NC-02,fivethirtyeight_category,Likely R,0.0,-2,mirror
2018,H-NC-03,fivethirtyeight_category,Safe R,0.0,-3,mirror
2018,H-NC-04,fivethirtyeight_category,Safe D,1.0,3,mirror
2018,H-NC-05,fivethirtyeight_category,Safe R,0.0,-3,mirror
2018,H-NC-06,fivethirtyeight_category,Safe R,0.0,-3,mirror
2018,H-NC-07,fivethirtyeight_category,Likely R,0.0,-2,mirror
2018,H-NC-08,fivethirtyeight_category,Likely R,0.0,-2,mirror
2018,H-NC-09,fivethirtyeight_category,Toss-up,0.0,0,mirror
2018,H-ND-01,fivethirtyeight_category,Safe R,0.0,-3,mirror
2018,H-NE-01,fivethirtyeight_category,Safe R,0.0,-3,mirror
2018,H-NE-02,fivethirtyeight_category,Lean R,0.0,-1,mirror
2018,H-NE-03,fivethirtyeight_category,Safe R,0.0,-3,mirror
2018,H-NH-01,fivethirtyeight_category,Likely D,1.0,2,mirror
2018,H-NH-02,fivethirtyeight_category,Safe D,1.0,3,mirror
2018,H-NJ-01,fivethirtyeight_category,Safe D,1.0,3,mirror
2018,H-NJ-10,fivethirtyeight_category,Safe D,1.0,3,mirror
2018,H-NJ-11,fivethirtyeight_category,Likely D,1.0,2,mirror
2018,H-NJ-12,fivethirtyeight_category,Safe D,1.0,3,mirror
2018,H-NJ-02,fivethirtyeight_category,Safe D,1.0,3,mirror
2018,H-NJ-03,fivethirtyeight_category,Lean D,1.0,1,mirror
2018,H-NJ-04,fivethirtyeight_category,Safe R,0.0,-3,mirror
2018,H-NJ-05,fivethirtyeight_category,Safe D,1.0,3,mirror
2018,H-NJ-06,fivethirtyeight_category,Safe D,1.0,3,mirror
2018,H-NJ-07,fivethirtyeight_category,Likely D,1.0,2,mirror
2018,H-NJ-08,fivethirtyeight_category,Safe D,1.0,3,mirror
2018,H-NJ-09,fivethirtyeight_category,Safe D,1.0,3,mirror
2018,H-NM-01,fivethirtyeight_category,Safe D,1.0,3,mirror
2018,H-NM-02,fivethirtyeight_category,Toss-up,1.0,0,mirror
2018,H-NM-03,fivethirtyeight_category,Safe D,1.0,3,mirror
2018,H-NV-01,fivethirtyeight_category,Safe D,1.0,3,mirror
2018,H-NV-02,fivethirtyeight_category,Safe R,0.0,-3,mirror
2018,H-NV-03,fivethirtyeight_category,Likely D,1.0,2,mirror
2018,H-NV-04,fivethirtyeight_category,Likely D,1.0,2,mirror
2018,H-NY-01,fivethirtyeight_category,Safe R,0.0,-3,mirror
2018,H-NY-10,fivethirtyeight_category,Safe D,1.0,3,mirror
2018,H-NY-11,fivethirtyeight_category,Likely R,1.0,-2,mirror
2018,H-NY-12,fivethirtyeight_category,Safe D,1.0,3,mirror
2018,H-NY-13,fivethirtyeight_category,Safe D,1.0,3,mirror
2018,H-NY-14,fivethirtyeight_category,Safe D,1.0,3,mirror
2018,H-NY-15,fivethirtyeight_category,Safe D,1.0,3,mirror
2018,H-NY-16,fivethirtyeight_category,Safe D,1.0,3,mirror
2018,H-NY-17,fivethirtyeight_category,Safe D,1.0,3,mirror
2018,H-NY-18,fivethirtyeight_category,Safe D,1.0,3,mirror
2018,H-NY-19,fivethirtyeight_category,Lean D,1.0,1,mirror
2018,H-NY-02,fivethirtyeight_category,Likely R,0.0,-2,mirror
2018,H-NY-20,fivethirtyeight_category,Safe D,1.0,3,mirror
2018,H-NY-21,fivethirtyeight_category,Likely R,0.0,-2,mirror
2018,H-NY-22,fivethirtyeight_category,Lean D,1.0,1,mirror
2018,H-NY-23,fivethirtyeight_category,Likely R,0.0,-2,mirror
2018,H-NY-24,fivethirtyeight_category,Likely R,0.0,-2,mirror
2018,H-NY-25,fivethirtyeight_category,Safe D,1.0,3,mirror
2018,H-NY-26,fivethirtyeight_category,Safe D,1.0,3,mirror
2018,H-NY-27,fivethirtyeight_category,Likely R,0.0,-2,mirror
2018,H-NY-03,fivethirtyeight_category,Safe D,1.0,3,mirror
2018,H-NY-04,fivethirtyeight_category,Safe D,1.0,3,mirror
2018,H-NY-05,fivethirtyeight_category,Safe D,1.0,3,mirror
2018,H-NY-06,fivethirtyeight_category,Safe D,1.0,3,mirror
2018,H-NY-07,fivethirtyeight_category,Safe D,1.0,3,mirror
2018,H-NY-08,fivethirtyeight_category,Safe D,1.0,3,mirror
2018,H-NY-09,fivethirtyeight_category,Safe D,1.0,3,mirror
2018,H-OH-01,fivethirtyeight_category,Likely R,0.0,-2,mirror
2018,H-OH-10,fivethirtyeight_category,Likely R,0.0,-2,mirror
2018,H-OH-11,fivethirtyeight_category,Safe D,1.0,3,mirror
2018,H-OH-12,fivethirtyeight_category,Lean R,0.0,-1,mirror
2018,H-OH-13,fivethirtyeight_category,Safe D,1.0,3,mirror
2018,H-OH-14,fivethirtyeight_category,Likely R,0.0,-2,mirror
2018,H-OH-15,fivethirtyeight_category,Safe R,0.0,-3,mirror
2018,H-OH-16,fivethirtyeight_category,Safe R,0.0,-3,mirror
2018,H-OH-02,fivethirtyeight_category,Safe R,0.0,-3,mirror
2018,H-OH-03,fivethirtyeight_category,Safe D,1.0,3,mirror
2018,H-OH-04,fivethirtyeight_category,Safe R,0.0,-3,mirror
2018,H-OH-05,fivethirtyeight_category,Safe R,0.0,-3,mirror
2018,H-OH-06,fivethirtyeight_category,Safe R,0.0,-3,mirror
2018,H-OH-07,fivethirtyeight_category,Safe R,0.0,-3,mirror
2018,H-OH-08,fivethirtyeight_category,Safe R,0.0,-3,mirror
2018,H-OH-09,fivethirtyeight_category,Safe D,1.0,3,mirror
2018,H-OK-01,fivethirtyeight_category,Safe R,0.0,-3,mirror
2018,H-OK-02,fivethirtyeight_category,Safe R,0.0,-3,mirror
2018,H-OK-03,fivethirtyeight_category,Safe R,0.0,-3,mirror
2018,H-OK-04,fivethirtyeight_category,Safe R,0.0,-3,mirror
2018,H-OK-05,fivethirtyeight_category,Likely R,1.0,-2,mirror
2018,H-OR-01,fivethirtyeight_category,Safe D,1.0,3,mirror
2018,H-OR-02,fivethirtyeight_category,Safe R,0.0,-3,mirror
2018,H-OR-03,fivethirtyeight_category,Safe D,1.0,3,mirror
2018,H-OR-04,fivethirtyeight_category,Safe D,1.0,3,mirror
2018,H-OR-05,fivethirtyeight_category,Likely D,1.0,2,mirror
2018,H-PA-01,fivethirtyeight_category,Toss-up,0.0,0,mirror
2018,H-PA-10,fivethirtyeight_category,Lean R,0.0,-1,mirror
2018,H-PA-11,fivethirtyeight_category,Safe R,0.0,-3,mirror
2018,H-PA-12,fivethirtyeight_category,Safe R,0.0,-3,mirror
2018,H-PA-13,fivethirtyeight_category,Safe R,0.0,-3,mirror
2018,H-PA-14,fivethirtyeight_category,Safe R,0.0,-3,mirror
2018,H-PA-15,fivethirtyeight_category,Safe R,0.0,-3,mirror
2018,H-PA-16,fivethirtyeight_category,Likely R,0.0,-2,mirror
2018,H-PA-17,fivethirtyeight_category,Safe D,1.0,3,mirror
2018,H-PA-18,fivethirtyeight_category,Safe D,1.0,3,mirror
2018,H-PA-02,fivethirtyeight_category,Safe D,1.0,3,mirror
2018,H-PA-03,fivethirtyeight_category,Safe D,1.0,3,mirror
2018,H-PA-04,fivethirtyeight_category,Safe D,1.0,3,mirror
2018,H-PA-05,fivethirtyeight_category,Safe D,1.0,3,mirror
2018,H-PA-06,fivethirtyeight_category,Safe D,1.0,3,mirror
2018,H-PA-07,fivethirtyeight_category,Likely D,1.0,2,mirror
2018,H-PA-08,fivethirtyeight_category,Safe D,1.0,3,mirror
2018,H-PA-09,fivethirtyeight_category,Safe R,0.0,-3,mirror
2018,H-RI-01,fivethirtyeight_category,Safe D,1.0,3,mirror
2018,H-RI-02,fivethirtyeight_category,Safe D,1.0,3,mirror
2018,H-SC-01,fivethirtyeight_category,Likely R,1.0,-2,mirror
2018,H-SC-02,fivethirtyeight_category,Safe R,0.0,-3,mirror
2018,H-SC-03,fivethirtyeight_category,Safe R,0.0,-3,mirror
2018,H-SC-04,fivethirtyeight_category,Safe R,0.0,-3,mirror
2018,H-SC-05,fivethirtyeight_category,Safe R,0.0,-3,mirror
2018,H-SC-06,fivethirtyeight_category,Safe D,1.0,3,mirror
2018,H-SC-07,fivethirtyeight_category,Safe R,0.0,-3,mirror
2018,H-SD-01,fivethirtyeight_category,Safe R,0.0,-3,mirror
2018,H-TN-01,fivethirtyeight_category,Safe R,0.0,-3,mirror
2018,H-TN-02,fivethirtyeight_category,Safe R,0.0,-3,mirror
2018,H-TN-03,fivethirtyeight_category,Safe R,0.0,-3,mirror
2018,H-TN-04,fivethirtyeight_category,Safe R,0.0,-3,mirror
2018,H-TN-05,fivethirtyeight_category,Safe D,1.0,3,mirror
2018,H-TN-06,fivethirtyeight_category,Safe R,0.0,-3,mirror
2018,H-TN-07,fivethirtyeight_category,Safe R,0.0,-3,mirror
2018,H-TN-08,fivethirtyeight_category,Safe R,0.0,-3,mirror
2018,H-TN-09,fivethirtyeight_category,Safe D,1.0,3,mirror
2018,H-TX-01,fivethirtyeight_category,Safe R,0.0,-3,mirror
2018,H-TX-10,fivethirtyeight_category,Safe R,0.0,-3,mirror
2018,H-TX-11,fivethirtyeight_category,Safe R,0.0,-3,mirror
2018,H-TX-12,fivethirtyeight_category,Safe R,0.0,-3,mirror
2018,H-TX-13,fivethirtyeight_category,Safe R,0.0,-3,mirror
2018,H-TX-14,fivethirtyeight_category,Safe R,0.0,-3,mirror
2018,H-TX-15,fivethirtyeight_category,Safe D,1.0,3,mirror
2018,H-TX-16,fivethirtyeight_category,Safe D,1.0,3,mirror
2018,H-TX-17,fivethirtyeight_category,Safe R,0.0,-3,mirror
2018,H-TX-18,fivethirtyeight_category,Safe D,1.0,3,mirror
2018,H-TX-19,fivethirtyeight_category,Safe R,0.0,-3,mirror
2018,H-TX-02,fivethirtyeight_category,Likely R,0.0,-2,mirror
2018,H-TX-20,fivethirtyeight_category,Safe D,1.0,3,mirror
2018,H-TX-21,fivethirtyeight_category,Likely R,0.0,-2,mirror
2018,H-TX-22,fivethirtyeight_category,Likely R,0.0,-2,mirror
2018,H-TX-23,fivethirtyeight_category,Likely R,0.0,-2,mirror
2018,H-TX-24,fivethirtyeight_category,Safe R,0.0,-3,mirror
2018,H-TX-25,fivethirtyeight_category,Safe R,0.0,-3,mirror
2018,H-TX-26,fivethirtyeight_category,Safe R,0.0,-3,mirror
2018,H-TX-27,fivethirtyeight_category,Safe R,0.0,-3,mirror
2018,H-TX-28,fivethirtyeight_category,Safe D,1.0,3,mirror
2018,H-TX-29,fivethirtyeight_category,Safe D,1.0,3,mirror
2018,H-TX-03,fivethirtyeight_category,Safe R,0.0,-3,mirror
2018,H-TX-30,fivethirtyeight_category,Safe D,1.0,3,mirror
2018,H-TX-31,fivethirtyeight_category,Likely R,0.0,-2,mirror
2018,H-TX-32,fivethirtyeight_category,Toss-up,1.0,0,mirror
2018,H-TX-33,fivethirtyeight_category,Safe D,1.0,3,mirror
2018,H-TX-34,fivethirtyeight_category,Safe D,1.0,3,mirror
2018,H-TX-35,fivethirtyeight_category,Safe D,1.0,3,mirror
2018,H-TX-36,fivethirtyeight_category,Safe R,0.0,-3,mirror
2018,H-TX-04,fivethirtyeight_category,Safe R,0.0,-3,mirror
2018,H-TX-05,fivethirtyeight_category,Safe R,0.0,-3,mirror
2018,H-TX-06,fivethirtyeight_category,Safe R,0.0,-3,mirror
2018,H-TX-07,fivethirtyeight_category,Toss-up,1.0,0,mirror
2018,H-TX-08,fivethirtyeight_category,Safe R,0.0,-3,mirror
2018,H-TX-09,fivethirtyeight_category,Safe D,1.0,3,mirror
2018,H-UT-01,fivethirtyeight_category,Safe R,0.0,-3,mirror
2018,H-UT-02,fivethirtyeight_category,Safe R,0.0,-3,mirror
2018,H-UT-03,fivethirtyeight_category,Safe R,0.0,-3,mirror
2018,H-UT-04,fivethirtyeight_category,Lean D,1.0,1,mirror
2018,H-VA-01,fivethirtyeight_category,Safe R,0.0,-3,mirror
2018,H-VA-10,fivethirtyeight_category,Likely D,1.0,2,mirror
2018,H-VA-11,fivethirtyeight_category,Safe D,1.0,3,mirror
2018,H-VA-02,fivethirtyeight_category,Toss-up,1.0,0,mirror
2018,H-VA-03,fivethirtyeight_category,Safe D,1.0,3,mirror
2018,H-VA-04,fivethirtyeight_category,Safe D,1.0,3,mirror
2018,H-VA-05,fivethirtyeight_category,Lean R,0.0,-1,mirror
2018,H-VA-06,fivethirtyeight_category,Safe R,0.0,-3,mirror
2018,H-VA-07,fivethirtyeight_category,Toss-up,1.0,0,mirror
2018,H-VA-08,fivethirtyeight_category,Safe D,1.0,3,mirror
2018,H-VA-09,fivethirtyeight_category,Safe R,0.0,-3,mirror
2018,H-VT-01,fivethirtyeight_category,Safe D,1.0,3,mirror
2018,H-WA-01,fivethirtyeight_category,Safe D,1.0,3,mirror
2018,H-WA-10,fivethirtyeight_category,Safe D,1.0,3,mirror
2018,H-WA-02,fivethirtyeight_category,Safe D,1.0,3,mirror
2018,H-WA-03,fivethirtyeight_category,Likely R,0.0,-2,mirror
2018,H-WA-04,fivethirtyeight_category,Safe R,0.0,-3,mirror
2018,H-WA-05,fivethirtyeight_category,Likely R,0.0,-2,mirror
2018,H-WA-06,fivethirtyeight_category,Safe D,1.0,3,mirror
2018,H-WA-07,fivethirtyeight_category,Safe D,1.0,3,mirror
2018,H-WA-08,fivethirtyeight_category,Lean D,1.0,1,mirror
2018,H-WA-09,fivethirtyeight_category,Safe D,1.0,3,mirror
2018,H-WI-01,fivethirtyeight_category,Likely R,0.0,-2,mirror
2018,H-WI-02,fivethirtyeight_category,Safe D,1.0,3,mirror
2018,H-WI-03,fivethirtyeight_category,Safe D,1.0,3,mirror
2018,H-WI-04,fivethirtyeight_category,Safe D,1.0,3,mirror
2018,H-WI-05,fivethirtyeight_category,Safe R,0.0,-3,mirror
2018,H-WI-06,fivethirtyeight_category,Safe R,0.0,-3,mirror
2018,H-WI-07,fivethirtyeight_category,Safe R,0.0,-3,mirror
2018,H-WI-08,fivethirtyeight_category,Safe R,0.0,-3,mirror
2018,H-WV-01,fivethirtyeight_category,Safe R,0.0,-3,mirror
2018,H-WV-02,fivethirtyeight_category,Safe R,0.0,-3,mirror
2018,H-WV-03,fivethirtyeight_category,Likely R,0.0,-2,mirror
2018,H-WY-01,fivethirtyeight_category,Safe R,0.0,-3,mirror
2018,S-AZ,fivethirtyeight_category,Lean D,1.0,1,mirror
2018,S-CA,fivethirtyeight_category,Safe D,1.0,3,mirror
2018,S-CT,fivethirtyeight_category,Safe D,1.0,3,mirror
2018,S-DE,fivethirtyeight_category,Safe D,1.0,3,mirror
2018,S-FL,fivethirtyeight_category,Lean D,0.0,1,mirror
2018,S-HI,fivethirtyeight_category,Safe D,1.0,3,mirror
2018,S-IN,fivethirtyeight_category,Lean D,0.0,1,mirror
2018,S-MA,fivethirtyeight_category,Safe D,1.0,3,mirror
2018,S-MD,fivethirtyeight_category,Safe D,1.0,3,mirror
2018,S-ME,fivethirtyeight_category,Safe D,1.0,3,mirror
2018,S-MI,fivethirtyeight_category,Safe D,1.0,3,mirror
2018,S-MN,fivethirtyeight_category,Safe D,1.0,3,mirror
2018,S-MN-special,fivethirtyeight_category,Likely D,1.0,2,mirror
2018,S-MO,fivethirtyeight_category,Toss-up,0.0,0,mirror
2018,S-MS,fivethirtyeight_category,Safe R,0.0,-3,mirror
2018,S-MS-special,fivethirtyeight_category,Likely R,0.0,-2,mirror
2018,S-MT,fivethirtyeight_category,Likely D,1.0,2,mirror
2018,S-ND,fivethirtyeight_category,Likely R,0.0,-2,mirror
2018,S-NE,fivethirtyeight_category,Safe R,0.0,-3,mirror
2018,S-NJ,fivethirtyeight_category,Likely D,1.0,2,mirror
2018,S-NM,fivethirtyeight_category,Safe D,1.0,3,mirror
2018,S-NV,fivethirtyeight_category,Lean D,1.0,1,mirror
2018,S-NY,fivethirtyeight_category,Safe D,1.0,3,mirror
2018,S-OH,fivethirtyeight_category,Safe D,1.0,3,mirror
2018,S-PA,fivethirtyeight_category,Safe D,1.0,3,mirror
2018,S-RI,fivethirtyeight_category,Safe D,1.0,3,mirror
2018,S-TN,fivethirtyeight_category,Likely R,0.0,-2,mirror
2018,S-TX,fivethirtyeight_category,Likely R,0.0,-2,mirror
2018,S-UT,fivethirtyeight_category,Safe R,0.0,-3,mirror
2018,S-VA,fivethirtyeight_category,Safe D,1.0,3,mirror
2018,S-VT,fivethirtyeight_category,Safe D,1.0,3,mirror
2018,S-WA,fivethirtyeight_category,Safe D,1.0,3,mirror
2018,S-WI,fivethirtyeight_category,Safe D,1.0,3,mirror
2018,S-WV,fivethirtyeight_category,Likely D,1.0,2,mirror
2018,S-WY,fivethirtyeight_category,Safe R,0.0,-3,mirror
