race_id,rating,tier_code,rating_margin,rating_sd,rating_pwin,provenance
G-AK,Safe R,-3.0,-36.37381687252061,23.828041042540573,0.0002525252525252819,fixture
G-AL,Safe R,-3.0,-36.37381687252061,23.828041042540573,0.0002525252525252819,fixture
G-AR,Safe R,-3.0,-36.37381687252061,23.828041042540573,0.0002525252525252819,fixture
G-AZ,Lean R,-1.0,-4.0064647903488435,8.0,0.1773584905660377,fixture
G-CA,Safe D,3.0,36.37381687252061,23.828041042540573,0.9997474747474747,fixture
G-CO,Likely D,2.0,8.311389359756497,10.0,0.9372549019607842,fixture
G-CT,Likely D,2.0,8.311389359756497,10.0,0.9372549019607842,fixture
G-FL,Likely R,-2.0,-8.311389359756497,10.0,0.0627450980392158,fixture
G-GA,Likely R,-2.0,-8.311389359756497,10.0,0.0627450980392158,fixture
G-HI,Safe D,3.0,36.37381687252061,23.828041042540573,0.9997474747474747,fixture
G-IA,Likely R,-2.0,-8.311389359756497,10.0,0.0627450980392158,fixture
G-ID,Safe R,-3.0,-36.37381687252061,23.828041042540573,0.0002525252525252819,fixture
G-IL,Safe D,3.0,36.37381687252061,23.828041042540573,0.9997474747474747,fixture
G-KS,Safe R,-3.0,-36.37381687252061,23.828041042540573,0.0002525252525252819,fixture
G-MA,Safe D,3.0,36.37381687252061,23.828041042540573,0.9997474747474747,fixture
G-MD,Safe D,3.0,36.37381687252061,23.828041042540573,0.9997474747474747,fixture
G-ME,Lean D,1.0,4.0064647903488435,8.0,0.8226415094339623,fixture
G-MI,Toss-up,0.0,0.0,8.0,0.5,fixture
G-MN,Lean D,1.0,4.0064647903488435,8.0,0.8226415094339623,fixture
G-NE,Safe R,-3.0,-36.37381687252061,23.828041042540573,0.0002525252525252819,fixture
G-NH,Toss-up,0.0,0.0,8.0,0.5,fixture
G-NM,Likely D,2.0,8.311389359756497,10.0,0.9372549019607842,fixture
G-NV,Lean R,-1.0,-4.0064647903488435,8.0,0.1773584905660377,fixture
G-NY,Safe D,3.0,36.37381687252061,23.828041042540573,0.9997474747474747,fixture
G-OH,Likely R,-2.0,-8.311389359756497,10.0,0.0627450980392158,fixture
G-OK,Safe R,-3.0,-36.37381687252061,23.828041042540573,0.0002525252525252819,fixture
G-OR,Likely D,2.0,8.311389359756497,10.0,0.9372549019607842,fixture
G-PA,Toss-up,0.0,0.0,8.0,0.5,fixture
G-RI,Safe D,3.0,36.37381687252061,23.828041042540573,0.9997474747474747,fixture
G-SC,Safe R,-3.0,-36.37381687252061,23.828041042540573,0.0002525252525252819,fixture
G-SD,Safe R,-3.0,-36.37381687252061,23.828041042540573,0.0002525252525252819,fixture
G-TN,Safe R,-3.0,-36.37381687252061,23.828041042540573,0.0002525252525252819,fixture
G-TX,Likely R,-2.0,-8.311389359756497,10.0,0.0627450980392158,fixture
G-VT,Safe D,3.0,36.37381687252061,23.828041042540573,0.9997474747474747,fixture
G-WI,Toss-up,0.0,0.0,8.0,0.5,fixture
G-WY,Safe R,-3.0,-36.37381687252061,23.828041042540573,0.0002525252525252819,fixture
H-AK-01,Likely R,-2.0,-8.311389359756497,10.0,0.0627450980392158,fixture
H-AL-01,Safe R,-3.0,-36.37381687252061,23.828041042540573,0.0002525252525252819,fixture
H-AL-02,Safe R,-3.0,-36.37381687252061,23.828041042540573,0.0002525252525252819,fixture
H-AL-03,Safe R,-3.0,-36.37381687252061,23.828041042540573,0.0002525252525252819,fixture
H-AL-04,Safe R,-3.0,-36.37381687252061,23.828041042540573,0.0002525252525252819,fixture
H-AL-05,Safe R,-3.0,-36.37381687252061,23.828041042540573,0.0002525252525252819,fixture
H-AL-06,Safe R,-3.0,-36.37381687252061,23.828041042540573,0.0002525252525252819,fixture
H-AL-07,Safe D,3.0,36.37381687252061,23.828041042540573,0.9997474747474747,fixture
H-AR-01,Safe R,-3.0,-36.37381687252061,23.828041042540573,0.0002525252525252819,fixture
H-AR-02,Safe R,-3.0,-36.37381687252061,23.828041042540573,0.0002525252525252819,fixture
H-AR-03,Safe R,-3.0,-36.37381687252061,23.828041042540573,0.0002525252525252819,fixture
H-AR-04,Safe R,-3.0,-36.37381687252061,23.828041042540573,0.0002525252525252819,fixture
H-AZ-01,Lean R,-1.0,-4.0064647903488435,8.0,0.1773584905660377,fixture
H-AZ-02,Safe R,-3.0,-36.37381687252061,23.828041042540573,0.0002525252525252819,fixture
H-AZ-03,Safe D,3.0,36.37381687252061,23.828041042540573,0.9997474747474747,fixture
H-AZ-04,Toss-up,0.0,0.0,8.0,0.5,fixture
H-AZ-05,Safe R,-3.0,-36.37381687252061,23.828041042540573,0.0002525252525252819,fixture
H-AZ-06,Lean R,-1.0,-4.0064647903488435,8.0,0.1773584905660377,fixture
H-AZ-07,Safe D,3.0,36.37381687252061,23.828041042540573,0.9997474747474747,fixture
H-AZ-08,Safe R,-3.0,-36.37381687252061,23.828041042540573,0.0002525252525252819,fixture
H-AZ-09,Safe R,-3.0,-36.37381687252061,23.828041042540573,0.0002525252525252819,fixture
H-CA-01,Safe R,-3.0,-36.37381687252061,23.828041042540573,0.0002525252525252819,fixture
H-CA-02,Safe D,3.0,36.37381687252061,23.828041042540573,0.9997474747474747,fixture
H-CA-03,Lean R,-1.0,-4.0064647903488435,8.0,0.1773584905660377,fixture
H-CA-04,Safe D,3.0,36.37381687252061,23.828041042540573,0.9997474747474747,fixture
H-CA-05,Safe R,-3.0,-36.37381687252061,23.828041042540573,0.0002525252525252819,fixture
H-CA-06,Likely D,2.0,8.311389359756497,10.0,0.9372549019607842,fixture
H-CA-07,Safe D,3.0,36.37381687252061,23.828041042540573,0.9997474747474747,fixture
H-CA-08,Safe D,3.0,36.37381687252061,23.828041042540573,0.9997474747474747,fixture
H-CA-09,Likely D,2.0,8.311389359756497,10.0,0.9372549019607842,fixture
H-CA-10,Safe D,3.0,36.37381687252061,23.828041042540573,0.9997474747474747,fixture
H-CA-11,Safe D,3.0,36.37381687252061,23.828041042540573,0.9997474747474747,fixture
H-CA-12,Safe D,3.0,36.37381687252061,23.828041042540573,0.9997474747474747,fixture
H-CA-13,Lean D,1.0,4.0064647903488435,8.0,0.8226415094339623,fixture
H-CA-14,Safe D,3.0,36.37381687252061,23.828041042540573,0.9997474747474747,fixture
H-CA-15,Safe D,3.0,36.37381687252061,23.828041042540573,0.9997474747474747,fixture
H-CA-16,Safe D,3.0,36.37381687252061,23.828041042540573,0.9997474747474747,fixture
H-CA-17,Safe D,3.0,36.37381687252061,23.828041042540573,0.9997474747474747,fixture
H-CA-18,Safe D,3.0,36.37381687252061,23.828041042540573,0.9997474747474747,fixture
H-CA-19,Safe D,3.0,36.37381687252061,23.828041042540573,0.9997474747474747,fixture
H-CA-20,Safe R,-3.0,-36.37381687252061,23.828041042540573,0.0002525252525252819,fixture
H-CA-21,Safe D,3.0,36.37381687252061,23.828041042540573,0.9997474747474747,fixture
H-CA-22,Likely D,2.0,8.311389359756497,10.0,0.9372549019607842,fixture
H-CA-23,Safe R,-3.0,-36.37381687252061,23.828041042540573,0.0002525252525252819,fixture
H-CA-24,Safe D,3.0,36.37381687252061,23.828041042540573,0.9997474747474747,fixture
H-CA-25,Likely D,2.0,8.311389359756497,10.0,0.9372549019607842,fixture
H-CA-26,Safe D,3.0,36.37381687252061,23.828041042540573,0.9997474747474747,fixture
H-CA-27,Lean D,1.0,4.0064647903488435,8.0,0.8226415094339623,fixture
H-CA-28,Safe D,3.0,36.37381687252061,23.828041042540573,0.9997474747474747,fixture
H-CA-29,Safe D,3.0,36.37381687252061,23.828041042540573,0.9997474747474747,fixture
H-CA-30,Safe D,3.0,36.37381687252061,23.828041042540573,0.9997474747474747,fixture
H-CA-31,Safe D,3.0,36.37381687252061,23.828041042540573,0.9997474747474747,fixture
H-CA-32,Safe D,3.0,36.37381687252061,23.828041042540573,0.9997474747474747,fixture
H-CA-33,Safe D,3.0,36.37381687252061,23.828041042540573,0.9997474747474747,fixture
H-CA-34,Safe D,3.0,36.37381687252061,23.828041042540573,0.9997474747474747,fixture
H-CA-35,Safe D,3.0,36.37381687252061,23.828041042540573,0.9997474747474747,fixture
H-CA-36,Safe D,3.0,36.37381687252061,23.828041042540573,0.9997474747474747,fixture
H-CA-37,Safe D,3.0,36.37381687252061,23.828041042540573,0.9997474747474747,fixture
H-CA-38,Safe D,3.0,36.37381687252061,23.828041042540573,0.9997474747474747,fixture
H-CA-39,Safe D,3.0,36.37381687252061,23.828041042540573,0.9997474747474747,fixture
H-CA-40,Lean R,-1.0,-4.0064647903488435,8.0,0.1773584905660377,fixture
H-CA-41,Lean R,-1.0,-4.0064647903488435,8.0,0.1773584905660377,fixture
H-CA-42,Safe D,3.0,36.37381687252061,23.828041042540573,0.9997474747474747,fixture
H-CA-43,Safe D,3.0,36.37381687252061,23.828041042540573,0.9997474747474747,fixture
H-CA-44,Safe D,3.0,36.37381687252061,23.828041042540573,0.9997474747474747,fixture
H-CA-45,Lean D,1.0,4.0064647903488435,8.0,0.8226415094339623,fixture
H-CA-46,Safe D,3.0,36.37381687252061,23.828041042540573,0.9997474747474747,fixture
H-CA-47,Lean D,1.0,4.0064647903488435,8.0,0.8226415094339623,fixture
H-CA-48,Safe R,-3.0,-36.37381687252061,23.828041042540573,0.0002525252525252819,fixture
H-CA-49,Lean D,1.0,4.0064647903488435,8.0,0.8226415094339623,fixture
H-CA-50,Safe D,3.0,36.37381687252061,23.828041042540573,0.9997474747474747,fixture
H-CA-51,Safe D,3.0,36.37381687252061,23.828041042540573,0.9997474747474747,fixture
H-CA-52,Safe D,3.0,36.37381687252061,23.828041042540573,0.9997474747474747,fixture
H-CO-01,Safe D,3.0,36.37381687252061,23.828041042540573,0.9997474747474747,fixture
H-CO-02,Safe D,3.0,36.37381687252061,23.828041042540573,0.9997474747474747,fixture
H-CO-03,Likely R,-2.0,-8.311389359756497,10.0,0.0627450980392158,fixture
H-CO-04,Safe R,-3.0,-36.37381687252061,23.828041042540573,0.0002525252525252819,fixture
H-CO-05,Safe R,-3.0,-36.37381687252061,23.828041042540573,0.0002525252525252819,fixture
H-CO-06,Safe D,3.0,36.37381687252061,23.828041042540573,0.9997474747474747,fixture
H-CO-07,Lean D,1.0,4.0064647903488435,8.0,0.8226415094339623,fixture
H-CO-08,Toss-up,0.0,0.0,8.0,0.5,fixture
H-CT-01,Safe D,3.0,36.37381687252061,23.828041042540573,0.9997474747474747,fixture
H-CT-02,Toss-up,0.0,0.0,8.0,0.5,fixture
H-CT-03,Likely D,2.0,8.311389359756497,10.0,0.9372549019607842,fixture
H-CT-04,Safe D,3.0,36.37381687252061,23.828041042540573,0.9997474747474747,fixture
H-CT-05,Toss-up,0.0,0.0,8.0,0.5,fixture
H-DE-01,Likely D,2.0,8.311389359756497,10.0,0.9372549019607842,fixture
H-FL-01,Safe R,-3.0,-36.37381687252061,23.828041042540573,0.0002525252525252819,fixture
H-FL-02,Safe R,-3.0,-36.37381687252061,23.828041042540573,0.0002525252525252819,fixture
H-FL-03,Safe R,-3.0,-36.37381687252061,23.828041042540573,0.0002525252525252819,fixture
H-FL-04,Safe R,-3.0,-36.37381687252061,23.828041042540573,0.0002525252525252819,fixture
H-FL-05,Safe R,-3.0,-36.37381687252061,23.828041042540573,0.0002525252525252819,fixture
H-FL-06,Safe R,-3.0,-36.37381687252061,23.828041042540573,0.0002525252525252819,fixture
H-FL-07,Likely R,-2.0,-8.311389359756497,10.0,0.0627450980392158,fixture
H-FL-08,Safe R,-3.0,-36.37381687252061,23.828041042540573,0.0002525252525252819,fixture
H-FL-09,Safe D,3.0,36.37381687252061,23.828041042540573,0.9997474747474747,fixture
H-FL-10,Safe D,3.0,36.37381687252061,23.828041042540573,0.9997474747474747,fixture
H-FL-11,Safe R,-3.0,-36.37381687252061,23.828041042540573,0.0002525252525252819,fixture
H-FL-12,Safe R,-3.0,-36.37381687252061,23.828041042540573,0.0002525252525252819,fixture
H-FL-13,Likely R,-2.0,-8.311389359756497,10.0,0.0627450980392158,fixture
H-FL-14,Likely D,2.0,8.311389359756497,10.0,0.9372549019607842,fixture
H-FL-15,Lean R,-1.0,-4.0064647903488435,8.0,0.1773584905660377,fixture
H-FL-16,Likely R,-2.0,-8.311389359756497,10.0,0.0627450980392158,fixture
H-FL-17,Safe R,-3.0,-36.37381687252061,23.828041042540573,0.0002525252525252819,fixture
H-FL-18,Safe R,-3.0,-36.37381687252061,23.828041042540573,0.0002525252525252819,fixture
H-FL-19,Safe R,-3.0,-36.37381687252061,23.828041042540573,0.0002525252525252819,fixture
H-FL-20,Safe D,3.0,36.37381687252061,23.828041042540573,0.9997474747474747,fixture
H-FL-21,Likely R,-2.0,-8.311389359756497,10.0,0.0627450980392158,fixture
H-FL-22,Likely D,2.0,8.311389359756497,10.0,0.9372549019607842,fixture
H-FL-23,Likely D,2.0,8.311389359756497,10.0,0.9372549019607842,fixture
H-FL-24,Safe D,3.0,36.37381687252061,23.828041042540573,0.9997474747474747,fixture
H-FL-25,Safe D,3.0,36.37381687252061,23.828041042540573,0.9997474747474747,fixture
H-FL-26,Likely R,-2.0,-8.311389359756497,10.0,0.0627450980392158,fixture
H-FL-27,Toss-up,0.0,0.0,8.0,0.5,fixture
H-FL-28,Lean R,-1.0,-4.0064647903488435,8.0,0.1773584905660377,fixture
H-GA-01,Safe R,-3.0,-36.37381687252061,23.828041042540573,0.0002525252525252819,fixture
H-GA-02,Lean D,1.0,4.0064647903488435,8.0,0.8226415094339623,fixture
H-GA-03,Safe R,-3.0,-36.37381687252061,23.828041042540573,0.0002525252525252819,fixture
H-GA-04,Safe D,3.0,36.37381687252061,23.828041042540573,0.9997474747474747,fixture
H-GA-05,Safe D,3.0,36.37381687252061,23.828041042540573,0.9997474747474747,fixture
H-GA-06,Safe R,-3.0,-36.37381687252061,23.828041042540573,0.0002525252525252819,fixture
H-GA-07,Safe D,3.0,36.37381687252061,23.828041042540573,0.9997474747474747,fixture
H-GA-08,Safe R,-3.0,-36.37381687252061,23.828041042540573,0.0002525252525252819,fixture
H-GA-09,Safe R,-3.0,-36.37381687252061,23.828041042540573,0.0002525252525252819,fixture
H-GA-10,Safe R,-3.0,-36.37381687252061,23.828041042540573,0.0002525252525252819,fixture
H-GA-11,Safe R,-3.0,-36.37381687252061,23.828041042540573,0.0002525252525252819,fixture
H-GA-12,Safe R,-3.0,-36.37381687252061,23.828041042540573,0.0002525252525252819,fixture
H-GA-13,Safe D,3.0,36.37381687252061,23.828041042540573,0.9997474747474747,fixture
H-GA-14,Safe R,-3.0,-36.37381687252061,23.828041042540573,0.0002525252525252819,fixture
H-HI-01,Safe D,3.0,36.37381687252061,23.828041042540573,0.9997474747474747,fixture
H-HI-02,Safe D,3.0,36.37381687252061,23.828041042540573,0.9997474747474747,fixture
H-IA-01,Lean R,-1.0,-4.0064647903488435,8.0,0.1773584905660377,fixture
H-IA-02,Lean R,-1.0,-4.0064647903488435,8.0,0.1773584905660377,fixture
H-IA-03,Toss-up,0.0,0.0,8.0,0.5,fixture
H-IA-04,Safe R,-3.0,-36.37381687252061,23.828041042540573,0.0002525252525252819,fixture
H-ID-01,Safe R,-3.0,-36.37381687252061,23.828041042540573,0.0002525252525252819,fixture
H-ID-02,Safe R,-3.0,-36.37381687252061,23.828041042540573,0.0002525252525252819,fixture
H-IL-01,Safe D,3.0,36.37381687252061,23.828041042540573,0.9997474747474747,fixture
H-IL-02,Safe D,3.0,36.37381687252061,23.828041042540573,0.9997474747474747,fixture
H-IL-03,Safe D,3.0,36.37381687252061,23.828041042540573,0.9997474747474747,fixture
H-IL-04,Safe D,3.0,36.37381687252061,23.828041042540573,0.9997474747474747,fixture
H-IL-05,Safe D,3.0,36.37381687252061,23.828041042540573,0.9997474747474747,fixture
H-IL-06,Lean D,1.0,4.0064647903488435,8.0,0.8226415094339623,fixture
H-IL-07,Safe D,3.0,36.37381687252061,23.828041042540573,0.9997474747474747,fixture
H-IL-08,Likely D,2.0,8.311389359756497,10.0,0.9372549019607842,fixture
H-IL-09,Safe D,3.0,36.37381687252061,23.828041042540573,0.9997474747474747,fixture
H-IL-10,Safe D,3.0,36.37381687252061,23.828041042540573,0.9997474747474747,fixture
H-IL-11,Likely D,2.0,8.311389359756497,10.0,0.9372549019607842,fixture
H-IL-12,Safe R,-3.0,-36.37381687252061,23.828041042540573,0.0002525252525252819,fixture
H-IL-13,Lean D,1.0,4.0064647903488435,8.0,0.8226415094339623,fixture
H-IL-14,Lean D,1.0,4.0064647903488435,8.0,0.8226415094339623,fixture
H-IL-15,Safe R,-3.0,-36.37381687252061,23.828041042540573,0.0002525252525252819,fixture
H-IL-16,Safe R,-3.0,-36.37381687252061,23.828041042540573,0.0002525252525252819,fixture
H-IL-17,Lean D,1.0,4.0064647903488435,8.0,0.8226415094339623,fixture
H-IN-01,Lean D,1.0,4.0064647903488435,8.0,0.8226415094339623,fixture
H-IN-02,Safe R,-3.0,-36.37381687252061,23.828041042540573,0.0002525252525252819,fixture
H-IN-03,Safe R,-3.0,-36.37381687252061,23.828041042540573,0.0002525252525252819,fixture
H-IN-04,Safe R,-3.0,-36.37381687252061,23.828041042540573,0.0002525252525252819,fixture
H-IN-05,Safe R,-3.0,-36.37381687252061,23.828041042540573,0.0002525252525252819,fixture
H-IN-06,Safe R,-3.0,-36.37381687252061,23.828041042540573,0.0002525252525252819,fixture
H-IN-07,Safe D,3.0,36.37381687252061,23.828041042540573,0.9997474747474747,fixture
H-IN-08,Safe R,-3.0,-36.37381687252061,23.828041042540573,0.0002525252525252819,fixture
H-IN-09,Safe R,-3.0,-36.37381687252061,23.828041042540573,0.0002525252525252819,fixture
H-KS-01,Safe R,-3.0,-36.37381687252061,23.828041042540573,0.0002525252525252819,fixture
H-KS-02,Safe R,-3.0,-36.37381687252061,23.828041042540573,0.0002525252525252819,fixture
H-KS-03,Lean R,-1.0,-4.0064647903488435,8.0,0.1773584905660377,fixture
H-KS-04,Safe R,-3.0,-36.37381687252061,23.828041042540573,0.0002525252525252819,fixture
H-KY-01,Safe R,-3.0,-36.37381687252061,23.828041042540573,0.0002525252525252819,fixture
H-KY-02,Safe R,-3.0,-36.37381687252061,23.828041042540573,0.0002525252525252819,fixture
H-KY-03,Safe D,3.0,36.37381687252061,23.828041042540573,0.9997474747474747,fixture
H-KY-04,Safe R,-3.0,-36.37381687252061,23.828041042540573,0.0002525252525252819,fixture
H-KY-05,Safe R,-3.0,-36.37381687252061,23.828041042540573,0.0002525252525252819,fixture
H-KY-06,Likely R,-2.0,-8.311389359756497,10.0,0.0627450980392158,fixture
H-LA-01,Safe R,-3.0,-36.37381687252061,23.828041042540573,0.0002525252525252819,fixture
H-LA-02,Safe D,3.0,36.37381687252061,23.828041042540573,0.9997474747474747,fixture
H-LA-03,Safe R,-3.0,-36.37381687252061,23.828041042540573,0.0002525252525252819,fixture
H-LA-04,Safe R,-3.0,-36.37381687252061,23.828041042540573,0.0002525252525252819,fixture
H-LA-05,Safe R,-3.0,-36.37381687252061,23.828041042540573,0.0002525252525252819,fixture
H-LA-06,Safe R,-3.0,-36.37381687252061,23.828041042540573,0.0002525252525252819,fixture
H-MA-01,Safe D,3.0,36.37381687252061,23.828041042540573,0.9997474747474747,fixture
H-MA-02,Safe D,3.0,36.37381687252061,23.828041042540573,0.9997474747474747,fixture
H-MA-03,Safe D,3.0,36.37381687252061,23.828041042540573,0.9997474747474747,fixture
H-MA-04,Safe D,3.0,36.37381687252061,23.828041042540573,0.9997474747474747,fixture
H-MA-05,Safe D,3.0,36.37381687252061,23.828041042540573,0.9997474747474747,fixture
H-MA-06,Safe D,3.0,36.37381687252061,23.828041042540573,0.9997474747474747,fixture
H-MA-07,Safe D,3.0,36.37381687252061,23.828041042540573,0.9997474747474747,fixture
H-MA-08,Safe D,3.0,36.37381687252061,23.828041042540573,0.9997474747474747,fixture
H-MA-09,Safe D,3.0,36.37381687252061,23.828041042540573,0.9997474747474747,fixture
H-MD-01,Safe R,-3.0,-36.37381687252061,23.828041042540573,0.0002525252525252819,fixture
H-MD-02,Likely D,2.0,8.311389359756497,10.0,0.9372549019607842,fixture
H-MD-03,Likely D,2.0,8.311389359756497,10.0,0.9372549019607842,fixture
H-MD-04,Safe D,3.0,36.37381687252061,23.828041042540573,0.9997474747474747,fixture
H-MD-05,Safe D,3.0,36.37381687252061,23.828041042540573,0.9997474747474747,fixture
H-MD-06,Toss-up,0.0,0.0,8.0,0.5,fixture
H-MD-07,Safe D,3.0,36.37381687252061,23.828041042540573,0.9997474747474747,fixture
H-MD-08,Safe D,3.0,36.37381687252061,23.828041042540573,0.9997474747474747,fixture
H-ME-01,Safe D,3.0,36.37381687252061,23.828041042540573,0.9997474747474747,fixture
H-ME-02,Likely R,-2.0,-8.311389359756497,10.0,0.0627450980392158,fixture
H-MI-01,Safe R,-3.0,-36.37381687252061,23.828041042540573,0.0002525252525252819,fixture
H-MI-02,Safe R,-3.0,-36.37381687252061,23.828041042540573,0.0002525252525252819,fixture
H-MI-03,Toss-up,0.0,0.0,8.0,0.5,fixture
H-MI-04,Likely R,-2.0,-8.311389359756497,10.0,0.0627450980392158,fixture
H-MI-05,Safe R,-3.0,-36.37381687252061,23.828041042540573,0.0002525252525252819,fixture
H-MI-06,Safe D,3.0,36.37381687252061,23.828041042540573,0.9997474747474747,fixture
H-MI-07,Lean R,-1.0,-4.0064647903488435,8.0,0.1773584905660377,fixture
H-MI-08,Toss-up,0.0,0.0,8.0,0.5,fixture
H-MI-09,Safe R,-3.0,-36.37381687252061,23.828041042540573,0.0002525252525252819,fixture
H-MI-10,Lean R,-1.0,-4.0064647903488435,8.0,0.1773584905660377,fixture
H-MI-11,Likely D,2.0,8.311389359756497,10.0,0.9372549019607842,fixture
H-MI-12,Safe D,3.0,36.37381687252061,23.828041042540573,0.9997474747474747,fixture
H-MI-13,Safe D,3.0,36.37381687252061,23.828041042540573,0.9997474747474747,fixture
H-MN-01,Likely R,-2.0,-8.311389359756497,10.0,0.0627450980392158,fixture
H-MN-02,Toss-up,0.0,0.0,8.0,0.5,fixture
H-MN-03,Likely D,2.0,8.311389359756497,10.0,0.9372549019607842,fixture
H-MN-04,Safe D,3.0,36.37381687252061,23.828041042540573,0.9997474747474747,fixture
H-MN-05,Safe D,3.0,36.37381687252061,23.828041042540573,0.9997474747474747,fixture
H-MN-06,Safe R,-3.0,-36.37381687252061,23.828041042540573,0.0002525252525252819,fixture
H-MN-07,Safe R,-3.0,-36.37381687252061,23.828041042540573,0.0002525252525252819,fixture
H-MN-08,Likely R,-2.0,-8.311389359756497,10.0,0.0627450980392158,fixture
H-MO-01,Safe D,3.0,36.37381687252061,23.828041042540573,0.9997474747474747,fixture
H-MO-02,Safe R,-3.0,-36.37381687252061,23.828041042540573,0.0002525252525252819,fixture
H-MO-03,Safe R,-3.0,-36.37381687252061,23.828041042540573,0.0002525252525252819,fixture
H-MO-04,Safe R,-3.0,-36.37381687252061,23.828041042540573,0.0002525252525252819,fixture
H-MO-05,Safe D,3.0,36.37381687252061,23.828041042540573,0.9997474747474747,fixture
H-MO-06,Safe R,-3.0,-36.37381687252061,23.828041042540573,0.0002525252525252819,fixture
H-MO-07,Safe R,-3.0,-36.37381687252061,23.828041042540573,0.0002525252525252819,fixture
H-MO-08,Safe R,-3.0,-36.37381687252061,23.828041042540573,0.0002525252525252819,fixture
H-MS-01,Safe R,-3.0,-36.37381687252061,23.828041042540573,0.0002525252525252819,fixture
H-MS-02,Safe D,3.0,36.37381687252061,23.828041042540573,0.9997474747474747,fixture
H-MS-03,Safe R,-3.0,-36.37381687252061,23.828041042540573,0.0002525252525252819,fixture
H-MS-04,Safe R,-3.0,-36.37381687252061,23.828041042540573,0.0002525252525252819,fixture
H-MT-01,Likely R,-2.0,-8.311389359756497,10.0,0.0627450980392158,fixture
H-MT-02,Safe R,-3.0,-36.37381687252061,23.828041042540573,0.0002525252525252819,fixture
H-NC-01,Lean D,1.0,4.0064647903488435,8.0,0.8226415094339623,fixture
H-NC-02,Safe D,3.0,36.37381687252061,23.828041042540573,0.9997474747474747,fixture
H-NC-03,Safe R,-3.0,-36.37381687252061,23.828041042540573,0.0002525252525252819,fixture
H-NC-04,Safe D,3.0,36.37381687252061,23.828041042540573,0.9997474747474747,fixture
H-NC-05,Safe R,-3.0,-36.37381687252061,23.828041042540573,0.0002525252525252819,fixture
H-NC-06,Likely D,2.0,8.311389359756497,10.0,0.9372549019607842,fixture
H-NC-07,Safe R,-3.0,-36.37381687252061,23.828041042540573,0.0002525252525252819,fixture
H-NC-08,Safe R,-3.0,-36.37381687252061,23.828041042540573,0.0002525252525252819,fixture
H-NC-09,Likely R,-2.0,-8.311389359756497,10.0,0.0627450980392158,fixture
H-NC-10,Safe R,-3.0,-36.37381687252061,23.828041042540573,0.0002525252525252819,fixture
H-NC-11,Likely R,-2.0,-8.311389359756497,10.0,0.0627450980392158,fixture
H-NC-12,Safe D,3.0,36.37381687252061,23.828041042540573,0.9997474747474747,fixture
H-NC-13,Toss-up,0.0,0.0,8.0,0.5,fixture
H-NC-14,Likely D,2.0,8.311389359756497,10.0,0.9372549019607842,fixture
H-ND-01,Safe R,-3.0,-36.37381687252061,23.828041042540573,0.0002525252525252819,fixture
H-NE-01,Safe R,-3.0,-36.37381687252061,23.828041042540573,0.0002525252525252819,fixture
H-NE-02,Toss-up,0.0,0.0,8.0,0.5,fixture
H-NE-03,Safe R,-3.0,-36.37381687252061,23.828041042540573,0.0002525252525252819,fixture
H-NH-01,Toss-up,0.0,0.0,8.0,0.5,fixture
H-NH-02,Toss-up,0.0,0.0,8.0,0.5,fixture
H-NJ-01,Safe D,3.0,36.37381687252061,23.828041042540573,0.9997474747474747,fixture
H-NJ-02,Likely R,-2.0,-8.311389359756497,10.0,0.0627450980392158,fixture
H-NJ-03,Likely D,2.0,8.311389359756497,10.0,0.9372549019607842,fixture
H-NJ-04,Safe R,-3.0,-36.37381687252061,23.828041042540573,0.0002525252525252819,fixture
H-NJ-05,Lean D,1.0,4.0064647903488435,8.0,0.8226415094339623,fixture
H-NJ-06,Likely D,2.0,8.311389359756497,10.0,0.9372549019607842,fixture
H-NJ-07,Lean R,-1.0,-4.0064647903488435,8.0,0.1773584905660377,fixture
H-NJ-08,Safe D,3.0,36.37381687252061,23.828041042540573,0.9997474747474747,fixture
H-NJ-09,Safe D,3.0,36.37381687252061,23.828041042540573,0.9997474747474747,fixture
H-NJ-10,Safe D,3.0,36.37381687252061,23.828041042540573,0.9997474747474747,fixture
H-NJ-11,Likely D,2.0,8.311389359756497,10.0,0.9372549019607842,fixture
H-NJ-12,Safe D,3.0,36.37381687252061,23.828041042540573,0.9997474747474747,fixture
H-NM-01,Likely D,2.0,8.311389359756497,10.0,0.9372549019607842,fixture
H-NM-02,Lean D,1.0,4.0064647903488435,8.0,0.8226415094339623,fixture
H-NM-03,Lean D,1.0,4.0064647903488435,8.0,0.8226415094339623,fixture
H-NV-01,Lean D,1.0,4.0064647903488435,8.0,0.8226415094339623,fixture
H-NV-02,Likely R,-2.0,-8.311389359756497,10.0,0.0627450980392158,fixture
H-NV-03,Toss-up,0.0,0.0,8.0,0.5,fixture
H-NV-04,Lean D,1.0,4.0064647903488435,8.0,0.8226415094339623,fixture
H-NY-01,Lean R,-1.0,-4.0064647903488435,8.0,0.1773584905660377,fixture
H-NY-02,Lean R,-1.0,-4.0064647903488435,8.0,0.1773584905660377,fixture
H-NY-03,Lean D,1.0,4.0064647903488435,8.0,0.8226415094339623,fixture
H-NY-04,Likely D,2.0,8.311389359756497,10.0,0.9372549019607842,fixture
H-NY-05,Safe D,3.0,36.37381687252061,23.828041042540573,0.9997474747474747,fixture
H-NY-06,Safe D,3.0,36.37381687252061,23.828041042540573,0.9997474747474747,fixture
H-NY-07,Safe D,3.0,36.37381687252061,23.828041042540573,0.9997474747474747,fixture
H-NY-08,Safe D,3.0,36.37381687252061,23.828041042540573,0.9997474747474747,fixture
H-NY-09,Safe D,3.0,36.37381687252061,23.828041042540573,0.9997474747474747,fixture
H-NY-10,Safe D,3.0,36.37381687252061,23.828041042540573,0.9997474747474747,fixture
H-NY-11,Likely R,-2.0,-8.311389359756497,10.0,0.0627450980392158,fixture
H-NY-12,Safe D,3.0,36.37381687252061,23.828041042540573,0.9997474747474747,fixture
H-NY-13,Safe D,3.0,36.37381687252061,23.828041042540573,0.9997474747474747,fixture
H-NY-14,Safe D,3.0,36.37381687252061,23.828041042540573,0.9997474747474747,fixture
H-NY-15,Safe D,3.0,36.37381687252061,23.828041042540573,0.9997474747474747,fixture
H-NY-16,Safe D,3.0,36.37381687252061,23.828041042540573,0.9997474747474747,fixture
H-NY-17,Lean D,1.0,4.0064647903488435,8.0,0.8226415094339623,fixture
H-NY-18,Toss-up,0.0,0.0,8.0,0.5,fixture
H-NY-19,Toss-up,0.0,0.0,8.0,0.5,fixture
H-NY-20,Likely D,2.0,8.311389359756497,10.0,0.9372549019607842,fixture
H-NY-21,Safe R,-3.0,-36.37381687252061,23.828041042540573,0.0002525252525252819,fixture
H-NY-22,Toss-up,0.0,0.0,8.0,0.5,fixture
H-NY-23,Safe R,-3.0,-36.37381687252061,23.828041042540573,0.0002525252525252819,fixture
H-NY-24,Safe R,-3.0,-36.37381687252061,23.828041042540573,0.0002525252525252819,fixture
H-NY-25,Likely D,2.0,8.311389359756497,10.0,0.9372549019607842,fixture
H-NY-26,Safe D,3.0,36.37381687252061,23.828041042540573,0.9997474747474747,fixture
H-OH-01,Lean D,1.0,4.0064647903488435,8.0,0.8226415094339623,fixture
H-OH-02,Safe R,-3.0,-36.37381687252061,23.828041042540573,0.0002525252525252819,fixture
H-OH-03,Safe D,3.0,36.37381687252061,23.828041042540573,0.9997474747474747,fixture
H-OH-04,Safe R,-3.0,-36.37381687252061,23.828041042540573,0.0002525252525252819,fixture
H-OH-05,Safe R,-3.0,-36.37381687252061,23.828041042540573,0.0002525252525252819,fixture
H-OH-06,Safe R,-3.0,-36.37381687252061,23.828041042540573,0.0002525252525252819,fixture
H-OH-07,Likely R,-2.0,-8.311389359756497,10.0,0.0627450980392158,fixture
H-OH-08,Safe R,-3.0,-36.37381687252061,23.828041042540573,0.0002525252525252819,fixture
H-OH-09,Lean R,-1.0,-4.0064647903488435,8.0,0.1773584905660377,fixture
H-OH-10,Likely R,-2.0,-8.311389359756497,10.0,0.0627450980392158,fixture
H-OH-11,Safe D,3.0,36.37381687252061,23.828041042540573,0.9997474747474747,fixture
H-OH-12,Safe R,-3.0,-36.37381687252061,23.828041042540573,0.0002525252525252819,fixture
H-OH-13,Toss-up,0.0,0.0,8.0,0.5,fixture
H-OH-14,Safe R,-3.0,-36.37381687252061,23.828041042540573,0.0002525252525252819,fixture
H-OH-15,Likely R,-2.0,-8.311389359756497,10.0,0.0627450980392158,fixture
H-OK-01,Safe R,-3.0,-36.37381687252061,23.828041042540573,0.0002525252525252819,fixture
H-OK-02,Safe R,-3.0,-36.37381687252061,23.828041042540573,0.0002525252525252819,fixture
H-OK-03,Safe R,-3.0,-36.37381687252061,23.828041042540573,0.0002525252525252819,fixture
H-OK-04,Safe R,-3.0,-36.37381687252061,23.828041042540573,0.0002525252525252819,fixture
H-OK-05,Safe R,-3.0,-36.37381687252061,23.828041042540573,0.0002525252525252819,fixture
H-OR-01,Safe D,3.0,36.37381687252061,23.828041042540573,0.9997474747474747,fixture
H-OR-02,Safe R,-3.0,-36.37381687252061,23.828041042540573,0.0002525252525252819,fixture
H-OR-03,Safe D,3.0,36.37381687252061,23.828041042540573,0.9997474747474747,fixture
H-OR-04,Likely D,2.0,8.311389359756497,10.0,0.9372549019607842,fixture
H-OR-05,Lean D,1.0,4.0064647903488435,8.0,0.8226415094339623,fixture
H-OR-06,Lean D,1.0,4.0064647903488435,8.0,0.8226415094339623,fixture
H-PA-01,Toss-up,0.0,0.0,8.0,0.5,fixture
H-PA-02,Safe D,3.0,36.37381687252061,23.828041042540573,0.9997474747474747,fixture
H-PA-03,Safe D,3.0,36.37381687252061,23.828041042540573,0.9997474747474747,fixture
H-PA-04,Likely D,2.0,8.311389359756497,10.0,0.9372549019607842,fixture
H-PA-05,Safe D,3.0,36.37381687252061,23.828041042540573,0.9997474747474747,fixture
H-PA-06,Likely D,2.0,8.311389359756497,10.0,0.9372549019607842,fixture
H-PA-07,Lean R,-1.0,-4.0064647903488435,8.0,0.1773584905660377,fixture
H-PA-08,Likely R,-2.0,-8.311389359756497,10.0,0.0627450980392158,fixture
H-PA-09,Safe R,-3.0,-36.37381687252061,23.828041042540573,0.0002525252525252819,fixture
H-PA-10,Likely R,-2.0,-8.311389359756497,10.0,0.0627450980392158,fixture
H-PA-11,Safe R,-3.0,-36.37381687252061,23.828041042540573,0.0002525252525252819,fixture
H-PA-12,Safe D,3.0,36.37381687252061,23.828041042540573,0.9997474747474747,fixture
H-PA-13,Safe R,-3.0,-36.37381687252061,23.828041042540573,0.0002525252525252819,fixture
H-PA-14,Safe R,-3.0,-36.37381687252061,23.828041042540573,0.0002525252525252819,fixture
H-PA-15,Safe R,-3.0,-36.37381687252061,23.828041042540573,0.0002525252525252819,fixture
H-PA-16,Safe R,-3.0,-36.37381687252061,23.828041042540573,0.0002525252525252819,fixture
H-PA-17,Toss-up,0.0,0.0,8.0,0.5,fixture
H-RI-01,Safe D,3.0,36.37381687252061,23.828041042540573,0.9997474747474747,fixture
H-RI-02,Safe D,3.0,36.37381687252061,23.828041042540573,0.9997474747474747,fixture
H-SC-01,Safe R,-3.0,-36.37381687252061,23.828041042540573,0.0002525252525252819,fixture
H-SC-02,Safe R,-3.0,-36.37381687252061,23.828041042540573,0.0002525252525252819,fixture
H-SC-03,Safe R,-3.0,-36.37381687252061,23.828041042540573,0.0002525252525252819,fixture
H-SC-04,Safe R,-3.0,-36.37381687252061,23.828041042540573,0.0002525252525252819,fixture
H-SC-05,Safe R,-3.0,-36.37381687252061,23.828041042540573,0.0002525252525252819,fixture
H-SC-06,Safe D,3.0,36.37381687252061,23.828041042540573,0.9997474747474747,fixture
H-SC-07,Safe R,-3.0,-36.37381687252061,23.828041042540573,0.0002525252525252819,fixture
H-SD-01,Safe R,-3.0,-36.37381687252061,23.828041042540573,0.0002525252525252819,fixture
H-TN-01,Safe R,-3.0,-36.37381687252061,23.828041042540573,0.0002525252525252819,fixture
H-TN-02,Safe R,-3.0,-36.37381687252061,23.828041042540573,0.0002525252525252819,fixture
H-TN-03,Safe R,-3.0,-36.37381687252061,23.828041042540573,0.0002525252525252819,fixture
H-TN-04,Safe R,-3.0,-36.37381687252061,23.828041042540573,0.0002525252525252819,fixture
H-TN-05,Safe R,-3.0,-36.37381687252061,23.828041042540573,0.0002525252525252819,fixture
H-TN-06,Safe R,-3.0,-36.37381687252061,23.828041042540573,0.0002525252525252819,fixture
H-TN-07,Safe R,-3.0,-36.37381687252061,23.828041042540573,0.0002525252525252819,fixture
H-TN-08,Safe R,-3.0,-36.37381687252061,23.828041042540573,0.0002525252525252819,fixture
H-TN-09,Safe D,3.0,36.37381687252061,23.828041042540573,0.9997474747474747,fixture
H-TX-01,Safe R,-3.0,-36.37381687252061,23.828041042540573,0.0002525252525252819,fixture
H-TX-02,Safe R,-3.0,-36.37381687252061,23.828041042540573,0.0002525252525252819,fixture
H-TX-03,Safe R,-3.0,-36.37381687252061,23.828041042540573,0.0002525252525252819,fixture
H-TX-04,Safe R,-3.0,-36.37381687252061,23.828041042540573,0.0002525252525252819,fixture
H-TX-05,Safe R,-3.0,-36.37381687252061,23.828041042540573,0.0002525252525252819,fixture
H-TX-06,Safe R,-3.0,-36.37381687252061,23.828041042540573,0.0002525252525252819,fixture
H-TX-07,Safe D,3.0,36.37381687252061,23.828041042540573,0.9997474747474747,fixture
H-TX-08,Safe R,-3.0,-36.37381687252061,23.828041042540573,0.0002525252525252819,fixture
H-TX-09,Safe D,3.0,36.37381687252061,23.828041042540573,0.9997474747474747,fixture
H-TX-10,Safe R,-3.0,-36.37381687252061,23.828041042540573,0.0002525252525252819,fixture
H-TX-11,Safe R,-3.0,-36.37381687252061,23.828041042540573,0.0002525252525252819,fixture
H-TX-12,Safe R,-3.0,-36.37381687252061,23.828041042540573,0.0002525252525252819,fixture
H-TX-13,Safe R,-3.0,-36.37381687252061,23.828041042540573,0.0002525252525252819,fixture
H-TX-14,Safe R,-3.0,-36.37381687252061,23.828041042540573,0.0002525252525252819,fixture
H-TX-15,Toss-up,0.0,0.0,8.0,0.5,fixture
H-TX-16,Safe D,3.0,36.37381687252061,23.828041042540573,0.9997474747474747,fixture
H-TX-17,Safe R,-3.0,-36.37381687252061,23.828041042540573,0.0002525252525252819,fixture
H-TX-18,Safe D,3.0,36.37381687252061,23.828041042540573,0.9997474747474747,fixture
H-TX-19,Safe R,-3.0,-36.37381687252061,23.828041042540573,0.0002525252525252819,fixture
H-TX-20,Safe D,3.0,36.37381687252061,23.828041042540573,0.9997474747474747,fixture
H-TX-21,Safe R,-3.0,-36.37381687252061,23.828041042540573,0.0002525252525252819,fixture
H-TX-22,Safe R,-3.0,-36.37381687252061,23.828041042540573,0.0002525252525252819,fixture
H-TX-23,Likely R,-2.0,-8.311389359756497,10.0,0.0627450980392158,fixture
H-TX-24,Safe R,-3.0,-36.37381687252061,23.828041042540573,0.0002525252525252819,fixture
H-TX-25,Safe R,-3.0,-36.37381687252061,23.828041042540573,0.0002525252525252819,fixture
H-TX-26,Safe R,-3.0,-36.37381687252061,23.828041042540573,0.0002525252525252819,fixture
H-TX-27,Safe R,-3.0,-36.37381687252061,23.828041042540573,0.0002525252525252819,fixture
H-TX-28,Lean D,1.0,4.0064647903488435,8.0,0.8226415094339623,fixture
H-TX-29,Safe D,3.0,36.37381687252061,23.828041042540573,0.9997474747474747,fixture
H-TX-30,Safe D,3.0,36.37381687252061,23.828041042540573,0.9997474747474747,fixture
H-TX-31,Safe R,-3.0,-36.37381687252061,23.828041042540573,0.0002525252525252819,fixture
H-TX-32,Safe D,3.0,36.37381687252061,23.828041042540573,0.9997474747474747,fixture
H-TX-33,Safe D,3.0,36.37381687252061,23.828041042540573,0.9997474747474747,fixture
H-TX-34,Safe D,3.0,36.37381687252061,23.828041042540573,0.9997474747474747,fixture
H-TX-35,Safe D,3.0,36.37381687252061,23.828041042540573,0.9997474747474747,fixture
H-TX-36,Safe R,-3.0,-36.37381687252061,23.828041042540573,0.0002525252525252819,fixture
H-TX-37,Safe D,3.0,36.37381687252061,23.828041042540573,0.9997474747474747,fixture
H-TX-38,Safe R,-3.0,-36.37381687252061,23.828041042540573,0.0002525252525252819,fixture
H-UT-01,Safe R,-3.0,-36.37381687252061,23.828041042540573,0.0002525252525252819,fixture
H-UT-02,Safe R,-3.0,-36.37381687252061,23.828041042540573,0.0002525252525252819,fixture
H-UT-03,Safe R,-3.0,-36.37381687252061,23.828041042540573,0.0002525252525252819,fixture
H-UT-04,Safe R,-3.0,-36.37381687252061,23.828041042540573,0.0002525252525252819,fixture
H-VA-01,Likely R,-2.0,-8.311389359756497,10.0,0.0627450980392158,fixture
H-VA-02,Lean R,-1.0,-4.0064647903488435,8.0,0.1773584905660377,fixture
H-VA-03,Safe D,3.0,36.37381687252061,23.828041042540573,0.9997474747474747,fixture
H-VA-04,Safe D,3.0,36.37381687252061,23.828041042540573,0.9997474747474747,fixture
H-VA-05,Likely R,-2.0,-8.311389359756497,10.0,0.0627450980392158,fixture
H-VA-06,Safe R,-3.0,-36.37381687252061,23.828041042540573,0.0002525252525252819,fixture
H-VA-07,Toss-up,0.0,0.0,8.0,0.5,fixture
H-VA-08,Safe D,3.0,36.37381687252061,23.828041042540573,0.9997474747474747,fixture
H-VA-09,Safe R,-3.0,-36.37381687252061,23.828041042540573,0.0002525252525252819,fixture
H-VA-10,Lean D,1.0,4.0064647903488435,8.0,0.8226415094339623,fixture
H-VA-11,Safe D,3.0,36.37381687252061,23.828041042540573,0.9997474747474747,fixture
H-VT-01,Safe D,3.0,36.37381687252061,23.828041042540573,0.9997474747474747,fixture
H-WA-01,Safe D,3.0,36.37381687252061,23.828041042540573,0.9997474747474747,fixture
H-WA-02,Safe D,3.0,36.37381687252061,23.828041042540573,0.9997474747474747,fixture
H-WA-03,Likely R,-2.0,-8.311389359756497,10.0,0.0627450980392158,fixture
H-WA-04,Safe R,-3.0,-36.37381687252061,23.828041042540573,0.0002525252525252819,fixture
H-WA-05,Safe R,-3.0,-36.37381687252061,23.828041042540573,0.0002525252525252819,fixture
H-WA-06,Likely D,2.0,8.311389359756497,10.0,0.9372549019607842,fixture
H-WA-07,Safe D,3.0,36.37381687252061,23.828041042540573,0.9997474747474747,fixture
H-WA-08,Toss-up,0.0,0.0,8.0,0.5,fixture
H-WA-09,Safe D,3.0,36.37381687252061,23.828041042540573,0.9997474747474747,fixture
H-WA-10,Likely D,2.0,8.311389359756497,10.0,0.9372549019607842,fixture
H-WI-01,Lean R,-1.0,-4.0064647903488435,8.0,0.1773584905660377,fixture
H-WI-02,Safe D,3.0,36.37381687252061,23.828041042540573,0.9997474747474747,fixture
H-WI-03,Likely R,-2.0,-8.311389359756497,10.0,0.0627450980392158,fixture
H-WI-04,Safe D,3.0,36.37381687252061,23.828041042540573,0.9997474747474747,fixture
H-WI-05,Safe R,-3.0,-36.37381687252061,23.828041042540573,0.0002525252525252819,fixture
H-WI-06,Safe R,-3.0,-36.37381687252061,23.828041042540573,0.0002525252525252819,fixture
H-WI-07,Safe R,-3.0,-36.37381687252061,23.828041042540573,0.0002525252525252819,fixture
H-WI-08,Safe R,-3.0,-36.37381687252061,23.828041042540573,0.0002525252525252819,fixture
H-WV-01,Safe R,-3.0,-36.37381687252061,23.828041042540573,0.0002525252525252819,fixture
H-WV-02,Safe R,-3.0,-36.37381687252061,23.828041042540573,0.0002525252525252819,fixture
H-WY-01,Safe R,-3.0,-36.37381687252061,23.828041042540573,0.0002525252525252819,fixture
S-AK,Safe R,-3.0,-36.37381687252061,23.828041042540573,0.0002525252525252819,fixture
S-AL,Safe R,-3.0,-36.37381687252061,23.828041042540573,0.0002525252525252819,fixture
S-AR,Safe R,-3.0,-36.37381687252061,23.828041042540573,0.0002525252525252819,fixture
S-CO,Likely D,2.0,8.311389359756497,10.0,0.9372549019607842,fixture
S-DE,Safe D,3.0,36.37381687252061,23.828041042540573,0.9997474747474747,fixture
S-FL-special,Likely R,-2.0,-8.311389359756497,10.0,0.0627450980392158,fixture
S-GA,Lean R,-1.0,-4.0064647903488435,8.0,0.1773584905660377,fixture
S-IA,Likely R,-2.0,-8.311389359756497,10.0,0.0627450980392158,fixture
S-ID,Safe R,-3.0,-36.37381687252061,23.828041042540573,0.0002525252525252819,fixture
S-IL,Safe D,3.0,36.37381687252061,23.828041042540573,0.9997474747474747,fixture
S-KS,Safe R,-3.0,-36.37381687252061,23.828041042540573,0.0002525252525252819,fixture
S-KY,Safe R,-3.0,-36.37381687252061,23.828041042540573,0.0002525252525252819,fixture
S-LA,Safe R,-3.0,-36.37381687252061,23.828041042540573,0.0002525252525252819,fixture
S-MA,Safe D,3.0,36.37381687252061,23.828041042540573,0.9997474747474747,fixture
S-ME,Toss-up,0.0,0.0,8.0,0.5,fixture
S-MI,Toss-up,0.0,0.0,8.0,0.5,fixture
S-MN,Lean D,1.0,4.0064647903488435,8.0,0.8226415094339623,fixture
S-MS,Safe R,-3.0,-36.37381687252061,23.828041042540573,0.0002525252525252819,fixture
S-MT,Safe R,-3.0,-36.37381687252061,23.828041042540573,0.0002525252525252819,fixture
S-NC,Lean R,-1.0,-4.0064647903488435,8.0,0.1773584905660377,fixture
S-NE,Safe R,-3.0,-36.37381687252061,23.828041042540573,0.0002525252525252819,fixture
S-NH,Toss-up,0.0,0.0,8.0,0.5,fixture
S-NJ,Likely D,2.0,8.311389359756497,10.0,0.9372549019607842,fixture
S-NM,Likely D,2.0,8.311389359756497,10.0,0.9372549019607842,fixture
S-OH-special,Likely R,-2.0,-8.311389359756497,10.0,0.0627450980392158,fixture
S-OK,Safe R,-3.0,-36.37381687252061,23.828041042540573,0.0002525252525252819,fixture
S-OR,Likely D,2.0,8.311389359756497,10.0,0.9372549019607842,fixture
S-RI,Safe D,3.0,36.37381687252061,23.828041042540573,0.9997474747474747,fixture
S-SC,Safe R,-3.0,-36.37381687252061,23.828041042540573,0.0002525252525252819,fixture
S-SD,Safe R,-3.0,-36.37381687252061,23.828041042540573,0.0002525252525252819,fixture
S-TN,Safe R,-3.0,-36.37381687252061,23.828041042540573,0.0002525252525252819,fixture
S-TX,Likely R,-2.0,-8.311389359756497,10.0,0.0627450980392158,fixture
S-VA,Lean D,1.0,4.0064647903488435,8.0,0.8226415094339623,fixture
S-WV,Safe R,-3.0,-36.37381687252061,23.828041042540573,0.0002525252525252819,fixture
S-WY,Safe R,-3.0,-36.37381687252061,23.828041042540573,0.0002525252525252819,fixture
