race_id,office,state,polled,rating,blend_margin,w_hier,w_fund,w_rating,p_dem,margin_mean,margin_p10,margin_p90
H-AL-01,House,AL,False,Safe R,-27.11816741814781,0.11545037360314417,0.8671217182255274,0.017427908171328468,0.001613367905502737,-28.125092,-38.72072,-17.380417
H-AL-02,House,AL,False,Safe R,-21.97211277430145,0.11545037360314417,0.8671217182255274,0.017427908171328468,0.003514837222702391,-22.998676,-33.57418,-12.2926445
H-AL-03,House,AL,False,Safe R,-33.87304164331435,0.11545037360314417,0.8671217182255274,0.017427908171328468,0.0011380005762028234,-34.909836,-45.592335,-24.227785
H-AL-04,House,AL,False,Safe R,-57.742650040238544,0.11545037360314417,0.8671217182255274,0.017427908171328468,0.0011524056467876692,-58.796925,-69.58566,-48.25734
H-AL-05,House,AL,False,Safe R,-27.456103036810845,0.11545037360314417,0.8671217182255274,0.017427908171328468,0.0013396715643906655,-28.566856,-39.18609,-17.835243
H-AL-06,House,AL,False,Safe R,-30.989372215973017,0.11545037360314417,0.8671217182255274,0.017427908171328468,0.0011235955056179776,-32.024937,-42.61636,-21.406816
H-AL-07,House,AL,False,Safe D,36.83122850299454,0.11545037360314417,0.8671217182255274,0.017427908171328468,0.9986747335061942,35.75875,25.13603,46.41145
H-AK-01,House,AK,True,Likely R,-7.958113352876657,0.7576079054256301,0.24239209457368874,6.811836386463726e-13,0.11760299625468165,-8.21995,-17.317764,0.60221255
H-AZ-01,House,AZ,True,Lean R,-7.81027160877832,0.7576079054256301,0.24239209457368874,6.811836386463726e-13,0.11171132238547969,-8.065492,-16.337843,0.47731003
H-AZ-02,House,AZ,True,Safe R,-11.722798646245513,0.7576079054256301,0.24239209457368874,6.811836386463726e-13,0.04016133679055028,-12.010542,-20.912724,-3.1830137
H-AZ-03,House,AZ,False,Safe D,51.007538270839,0.11545037360314417,0.8671217182255274,0.017427908171328468,0.9986603284356094,49.915134,39.372368,60.673103
H-AZ-04,House,AZ,True,Toss-up,6.013544488674492,0.7576079054256301,0.24239209457368874,6.811836386463726e-13,0.8206136560069144,5.704233,-2.0379705,14.037117
H-AZ-05,House,AZ,False,Safe R,-20.02718060802492,0.11545037360314417,0.8671217182255274,0.017427908171328468,0.006453471622010948,-21.101748,-31.750849,-10.307236
H-AZ-06,House,AZ,True,Lean R,-6.756344731762636,0.7576079054256301,0.24239209457368874,6.811836386463726e-13,0.14397868049553442,-7.028762,-15.438737,1.571347
H-AZ-07,House,AZ,False,Safe D,35.14970285084738,0.11545037360314417,0.8671217182255274,0.017427908171328468,0.9987611639297033,34.136856,23.468481,44.791042
H-AZ-08,House,AZ,True,Safe R,-19.29299221515981,0.7576079054256301,0.24239209457368874,6.811836386463726e-13,0.0036876980697205415,-19.55242,-28.278997,-10.735012
H-AZ-09,House,AZ,False,Safe R,-28.524276010112818,0.11545037360314417,0.8671217182255274,0.017427908171328468,0.000965139729184673,-29.54134,-40.13919,-18.847301
H-AR-01,House,AR,False,Safe R,-37.838084482277175,0.11545037360314417,0.8671217182255274,0.017427908171328468,0.0010371650821089024,-38.861557,-49.51504,-28.244413
H-AR-02,House,AR,True,Safe R,-8.576574562902369,0.7576079054256301,0.24239209457368874,6.811836386463726e-13,0.10929127052722558,-8.877192,-18.52285,0.3436198
H-AR-03,House,AR,False,Safe R,-24.205022011043404,0.11545037360314417,0.8671217182255274,0.017427908171328468,0.0023768366464995676,-25.248714,-35.884354,-14.553978
H-AR-04,House,AR,False,Safe R,-33.675618679056086,0.11545037360314417,0.8671217182255274,0.017427908171328468,0.0009363295880149813,-34.683697,-45.356697,-23.96273
H-CA-01,House,CA,True,Safe R,2.357542554500132,0.7576079054256301,0.24239209457368874,6.811836386463726e-13,0.4127772976087583,2.070541,-13.887351,28.126102
H-CA-02,House,CA,False,Safe D,33.848138967235066,0.11545037360314417,0.8671217182255274,0.017427908171328468,0.9953759723422645,32.784695,18.845478,46.699913
H-CA-03,House,CA,True,Lean R,11.868637133390017,0.7576079054256301,0.24239209457368874,6.811836386463726e-13,0.8609622587150677,11.517141,-1.3673325,31.606222
H-CA-04,House,CA,False,Safe D,33.853543656632574,0.11545037360314417,0.8671217182255274,0.017427908171328468,0.9948285796600403,32.816135,18.755156,46.767933
H-CA-05,House,CA,False,Safe R,25.746959258340098,0.11545037360314417,0.8671217182255274,0.017427908171328468,0.9722270239124172,24.717962,10.932212,39.370872
H-CA-06,House,CA,False,Likely D,33.347068808802064,0.11545037360314417,0.8671217182255274,0.017427908171328468,0.9918179199078075,32.270252,17.921162,46.39096
H-CA-07,House,CA,False,Safe D,33.83483331206613,0.11545037360314417,0.8671217182255274,0.017427908171328468,0.9947853644482858,32.780434,18.818085,46.763348
H-CA-08,House,CA,False,Safe D,33.79513602977684,0.11545037360314417,0.8671217182255274,0.017427908171328468,0.994583693460098,32.731705,18.712395,46.656403
H-CA-09,House,CA,False,Likely D,33.325359027409945,0.11545037360314417,0.8671217182255274,0.017427908171328468,0.9912849322961682,32.333733,17.9641,46.531925
H-CA-10,House,CA,False,Safe D,33.84600146361436,0.11545037360314417,0.8671217182255274,0.017427908171328468,0.9944252376836646,32.825863,18.796497,46.835167
H-CA-11,House,CA,False,Safe D,33.82009471318351,0.11545037360314417,0.8671217182255274,0.017427908171328468,0.9952463267070009,32.87381,18.829247,46.899708
H-CA-12,House,CA,False,Safe D,33.826170877127595,0.11545037360314417,0.8671217182255274,0.017427908171328468,0.9950590607893979,32.713795,18.580482,46.68914
H-CA-13,House,CA,True,Lean D,16.97194889605269,0.7576079054256301,0.24239209457368874,6.811836386463726e-13,0.9857101699798329,16.717676,5.3044534,35.190586
H-CA-14,House,CA,False,Safe D,33.85228631190658,0.11545037360314417,0.8671217182255274,0.017427908171328468,0.9942523768366465,32.799118,18.791767,46.874992
H-CA-15,House,CA,False,Safe D,33.80713207632887,0.11545037360314417,0.8671217182255274,0.017427908171328468,0.9945116681071737,32.776604,18.651852,46.814377
H-CA-16,House,CA,False,Safe D,33.77191350541781,0.11545037360314417,0.8671217182255274,0.017427908171328468,0.9948861999423797,32.74167,18.680494,46.727345
H-CA-17,House,CA,False,Safe D,33.83393106085753,0.11545037360314417,0.8671217182255274,0.017427908171328468,0.9943820224719101,32.804386,18.784094,46.720512
H-CA-18,House,CA,False,Safe D,33.87211403898781,0.11545037360314417,0.8671217182255274,0.017427908171328468,0.9950446557188131,32.894444,18.955732,46.886723
H-CA-19,House,CA,False,Safe D,33.81003754586477,0.11545037360314417,0.8671217182255274,0.017427908171328468,0.9947133390953615,32.67831,18.51579,46.75689
H-CA-20,House,CA,False,Safe R,25.743474217298676,0.11545037360314417,0.8671217182255274,0.017427908171328468,0.970930567559781,24.67812,11.017265,39.29556
H-CA-21,House,CA,False,Safe D,33.80467537450219,0.11545037360314417,0.8671217182255274,0.017427908171328468,0.9951743013540766,32.787724,18.820118,46.825577
H-CA-22,House,CA,False,Likely D,26.467507621528878,0.11545037360314417,0.8671217182255274,0.017427908171328468,0.9822961682512245,25.424805,11.191992,39.484196
H-CA-23,House,CA,True,Safe R,3.646041443326133,0.7576079054256301,0.24239209457368874,6.811836386463726e-13,0.4331028522039758,3.2859356,-10.458456,28.128609
H-CA-24,House,CA,False,Safe D,33.84713644839744,0.11545037360314417,0.8671217182255274,0.017427908171328468,0.9951887064246615,32.758003,18.712862,46.78153
H-CA-25,House,CA,False,Likely D,33.36883201726125,0.11545037360314417,0.8671217182255274,0.017427908171328468,0.9919907807548257,32.354977,18.217726,46.376167
H-CA-26,House,CA,False,Safe D,33.81414598270073,0.11545037360314417,0.8671217182255274,0.017427908171328468,0.9949870354364736,32.775887,18.752499,46.652477
H-CA-27,House,CA,True,Lean D,22.54622132546389,0.7576079054256301,0.24239209457368874,6.811836386463726e-13,0.9936041486603284,22.309845,10.090986,36.27846
H-CA-28,House,CA,False,Safe D,33.80180787789385,0.11545037360314417,0.8671217182255274,0.017427908171328468,0.994583693460098,32.84296,18.771774,46.811874
H-CA-29,House,CA,False,Safe D,33.808656843330404,0.11545037360314417,0.8671217182255274,0.017427908171328468,0.9944396427542495,32.766434,18.672064,46.771503
H-CA-30,House,CA,False,Safe D,33.832922953703765,0.11545037360314417,0.8671217182255274,0.017427908171328468,0.995145491212907,32.726933,18.701498,46.679302
H-CA-31,House,CA,False,Safe D,33.81722115709274,0.11545037360314417,0.8671217182255274,0.017427908171328468,0.994770959377701,32.828243,18.88932,46.67495
H-CA-32,House,CA,False,Safe D,33.84904058083031,0.11545037360314417,0.8671217182255274,0.017427908171328468,0.9950158455776433,32.82645,18.769936,46.898296
H-CA-33,House,CA,False,Safe D,33.8073366548227,0.11545037360314417,0.8671217182255274,0.017427908171328468,0.9944108326130798,32.743702,18.846724,46.697884
H-CA-34,House,CA,False,Safe D,33.7551588388442,0.11545037360314417,0.8671217182255274,0.017427908171328468,0.9953183520599251,32.753246,18.826931,46.695988
H-CA-35,House,CA,False,Safe D,33.80457603020423,0.11545037360314417,0.8671217182255274,0.017427908171328468,0.9946845289541919,32.777245,18.66453,46.759193
H-CA-36,House,CA,False,Safe D,33.78671834331611,0.11545037360314417,0.8671217182255274,0.017427908171328468,0.9956496686833766,32.775635,18.699255,46.70242
H-CA-37,House,CA,False,Safe D,33.76350089965543,0.11545037360314417,0.8671217182255274,0.017427908171328468,0.9948861999423797,32.723255,18.660181,46.742577
H-CA-38,House,CA,False,Safe D,33.77968831439335,0.11545037360314417,0.8671217182255274,0.017427908171328468,0.9935465283779891,32.735615,18.642622,46.78332
H-CA-39,House,CA,False,Safe D,33.82504096061804,0.11545037360314417,0.8671217182255274,0.017427908171328468,0.9954335926246038,32.851746,18.783785,46.864586
H-CA-40,House,CA,True,Lean R,11.259530177900327,0.7576079054256301,0.24239209457368874,6.811836386463726e-13,0.9058052434456929,10.936317,0.19696671,28.161331
H-CA-41,House,CA,True,Lean R,6.863260574454714,0.7576079054256301,0.24239209457368874,6.811836386463726e-13,0.6350763468740996,6.5251446,-6.3928947,27.994518
H-CA-42,House,CA,False,Safe D,33.814005794919545,0.11545037360314417,0.8671217182255274,0.017427908171328468,0.9951743013540766,32.72982,18.667206,46.722427
H-CA-43,House,CA,False,Safe D,33.84931639148584,0.11545037360314417,0.8671217182255274,0.017427908171328468,0.995145491212907,32.848324,18.841446,46.89267
H-CA-44,House,CA,False,Safe D,33.8062168866922,0.11545037360314417,0.8671217182255274,0.017427908171328468,0.9948861999423797,32.76065,18.764912,46.779972
H-CA-45,House,CA,True,Lean D,14.93995921119096,0.7576079054256301,0.24239209457368874,6.811836386463726e-13,0.9416306539902045,14.666805,1.8827586,35.235527
H-CA-46,House,CA,False,Safe D,33.835756438860955,0.11545037360314417,0.8671217182255274,0.017427908171328468,0.9950734658599827,32.81082,18.950388,46.669537
H-CA-47,House,CA,True,Lean D,22.74126619885105,0.7576079054256301,0.24239209457368874,6.811836386463726e-13,0.999351771823682,22.406857,12.384844,35.233498
H-CA-48,House,CA,False,Safe R,25.740926980271627,0.11545037360314417,0.8671217182255274,0.017427908171328468,0.9710169979832901,24.669027,10.793516,39.454937
H-CA-49,House,CA,False,Lean D,33.29403758444799,0.11545037360314417,0.8671217182255274,0.017427908171328468,0.9895995390377413,32.228573,17.907703,46.4001
H-CA-50,House,CA,False,Safe D,33.759795004837834,0.11545037360314417,0.8671217182255274,0.017427908171328468,0.99533275713051,32.74395,18.846783,46.71298
H-CA-51,House,CA,False,Safe D,33.80720484538905,0.11545037360314417,0.8671217182255274,0.017427908171328468,0.9944540478248344,32.719673,18.732624,46.670902
H-CA-52,House,CA,False,Safe D,33.86583968944319,0.11545037360314417,0.8671217182255274,0.017427908171328468,0.9949726303658888,32.78477,18.720598,46.87251
H-CO-01,House,CO,False,Safe D,61.257226395986336,0.11545037360314417,0.8671217182255274,0.017427908171328468,0.9988043791414578,60.180706,49.698387,71.03341
H-CO-02,House,CO,False,Safe D,40.57335382127962,0.11545037360314417,0.8671217182255274,0.017427908171328468,0.9989052146355517,39.498775,28.94767,50.12575
H-CO-03,House,CO,True,Likely R,-10.573723838986272,0.7576079054256301,0.24239209457368874,6.811836386463726e-13,0.05682800345721694,-10.836436,-19.688507,-2.0577471
H-CO-04,House,CO,True,Safe R,-21.7957377944659,0.7576079054256301,0.24239209457368874,6.811836386463726e-13,0.0012100259291270526,-22.064592,-30.408323,-13.693601
H-CO-05,House,CO,False,Safe R,-14.377605530278304,0.11545037360314417,0.8671217182255274,0.017427908171328468,0.03236819360414866,-15.4116955,-25.936771,-4.670077
H-CO-06,House,CO,True,Safe D,22.053023862802178,0.7576079054256301,0.24239209457368874,6.811836386463726e-13,0.9990348602708153,21.78696,13.034478,30.705734
H-CO-07,House,CO,False,Lean D,15.169357404471272,0.11545037360314417,0.8671217182255274,0.017427908171328468,0.9543791414577931,14.125788,3.4406013,24.770134
H-CO-08,House,CO,True,Toss-up,3.6900354101288904,0.7576079054256301,0.24239209457368874,6.811836386463726e-13,0.732152117545376,3.4047527,-4.840995,11.158576
H-CT-01,House,CT,False,Safe D,29.20293191048151,0.11545037360314417,0.8671217182255274,0.017427908171328468,0.9982281763180639,28.218287,17.505653,38.790096
H-CT-02,House,CT,False,Toss-up,12.25323888311494,0.11545037360314417,0.8671217182255274,0.017427908171328468,0.9109046384327283,11.161343,0.5589802,21.76415
H-CT-03,House,CT,True,Likely D,17.193888816990604,0.7576079054256301,0.24239209457368874,6.811836386463726e-13,0.9947997695188706,16.900814,8.398788,25.67283
H-CT-04,House,CT,False,Safe D,31.72365217748002,0.11545037360314417,0.8671217182255274,0.017427908171328468,0.9982281763180639,30.63807,19.951494,41.370342
H-CT-05,House,CT,True,Toss-up,8.726750877408548,0.7576079054256301,0.24239209457368874,6.811836386463726e-13,0.894021895707289,8.448399,-0.20610468,17.38798
H-DE-01,House,DE,False,Likely D,22.604313928285872,0.11545037360314417,0.8671217182255274,0.017427908171328468,0.9915730337078652,21.58217,10.95898,32.159325
H-FL-01,House,FL,False,Safe R,-32.881725250199864,0.11545037360314417,0.8671217182255274,0.017427908171328468,0.0012100259291270526,-33.891567,-44.50041,-23.336132
H-FL-02,House,FL,False,Safe R,-13.002633518614894,0.11545037360314417,0.8671217182255274,0.017427908171328468,0.04825698645923365,-14.07677,-24.632137,-3.2450864
H-FL-03,House,FL,False,Safe R,-14.530158404236873,0.11545037360314417,0.8671217182255274,0.017427908171328468,0.03298761163929703,-15.559554,-26.060133,-4.696046
H-FL-04,House,FL,False,Safe R,-11.89794949816555,0.11545037360314417,0.8671217182255274,0.017427908171328468,0.06295015845577644,-12.940952,-23.47946,-2.076231
H-FL-05,House,FL,False,Safe R,-19.27811729320786,0.11545037360314417,0.8671217182255274,0.017427908171328468,0.007303370786516854,-20.382933,-30.877974,-9.569873
H-FL-06,House,FL,False,Safe R,-23.463433025068593,0.11545037360314417,0.8671217182255274,0.017427908171328468,0.0023768366464995676,-24.495207,-35.050495,-13.787082
H-FL-07,House,FL,True,Likely R,-7.330578178461858,0.7576079054256301,0.24239209457368874,6.811836386463726e-13,0.1255401901469317,-7.6208773,-16.346708,0.8520706
H-FL-08,House,FL,True,Safe R,-17.062553165080885,0.7576079054256301,0.24239209457368874,6.811836386463726e-13,0.004335926246038606,-17.34263,-26.026093,-8.829195
H-FL-09,House,FL,True,Safe D,22.68394175249533,0.7576079054256301,0.24239209457368874,6.811836386463726e-13,0.9993805819648516,22.38376,13.637562,31.18518
H-FL-10,House,FL,False,Safe D,37.10144770769869,0.11545037360314417,0.8671217182255274,0.017427908171328468,0.9985306828003457,36.032284,25.48159,46.62301
H-FL-11,House,FL,True,Safe R,-12.449407224619621,0.7576079054256301,0.24239209457368874,6.811836386463726e-13,0.029256698357821954,-12.693834,-21.593412,-4.0161333
H-FL-12,House,FL,False,Safe R,-29.213153250823943,0.11545037360314417,0.8671217182255274,0.017427908171328468,0.0011235955056179776,-30.286701,-40.836876,-19.579681
H-FL-13,House,FL,False,Likely R,-8.568863874845091,0.11545037360314417,0.8671217182255274,0.017427908171328468,0.11996542783059637,-9.634043,-20.136929,0.8680486
H-FL-14,House,FL,True,Likely D,14.10445331558013,0.7576079054256301,0.24239209457368874,6.811836386463726e-13,0.9710169979832901,13.82621,4.079199,24.715187
H-FL-15,House,FL,True,Lean R,-7.945505520505999,0.7576079054256301,0.24239209457368874,6.811836386463726e-13,0.10893114376260443,-8.254392,-16.537855,0.37930506
H-FL-16,House,FL,True,Likely R,-10.200003051450329,0.7576079054256301,0.24239209457368874,6.811836386463726e-13,0.06761740132526649,-10.478208,-19.386406,-1.5282408
H-FL-17,House,FL,True,Safe R,-15.617279466528386,0.7576079054256301,0.24239209457368874,6.811836386463726e-13,0.00648228176318064,-15.87487,-24.313202,-7.701561
H-FL-18,House,FL,False,Safe R,-24.8383281105644,0.11545037360314417,0.8671217182255274,0.017427908171328468,0.002059925093632959,-25.904463,-36.59361,-15.171207
H-FL-19,House,FL,False,Safe R,-22.123857673073747,0.11545037360314417,0.8671217182255274,0.017427908171328468,0.0037885335638144627,-23.16509,-33.632538,-12.4608
H-FL-20,House,FL,False,Safe D,52.285866746565404,0.11545037360314417,0.8671217182255274,0.017427908171328468,0.9987323537885335,51.251797,40.62638,62.05177
H-FL-21,House,FL,True,Likely R,-12.725255626559917,0.7576079054256301,0.24239209457368874,6.811836386463726e-13,0.03362143474503025,-12.980128,-21.583073,-4.180963
H-FL-22,House,FL,False,Likely D,22.451926077444767,0.11545037360314417,0.8671217182255274,0.017427908171328468,0.9919475655430712,21.410784,10.738515,32.0926
H-FL-23,House,FL,False,Likely D,17.916915093533785,0.11545037360314417,0.8671217182255274,0.017427908171328468,0.9767646211466436,16.86247,6.267876,27.443275
H-FL-24,House,FL,False,Safe D,57.424097339518426,0.11545037360314417,0.8671217182255274,0.017427908171328468,0.9986315182944396,56.373856,45.826874,67.16562
H-FL-25,House,FL,False,Safe D,26.896625248083176,0.11545037360314417,0.8671217182255274,0.017427908171328468,0.9977384039181793,25.891224,15.194068,36.449806
H-FL-26,House,FL,True,Likely R,-7.007316973539455,0.7576079054256301,0.24239209457368874,6.811836386463726e-13,0.1377845001440507,-7.311982,-16.076817,1.2387234
H-FL-27,House,FL,True,Toss-up,5.080385408263014,0.7576079054256301,0.24239209457368874,6.811836386463726e-13,0.7700806683952751,4.794026,-3.9060695,13.260669
H-FL-28,House,FL,True,Lean R,2.1672275835633497,0.7576079054256301,0.24239209457368874,6.811836386463726e-13,0.6438922500720253,1.8858508,-6.2700357,9.645227
H-GA-01,House,GA,False,Safe R,-15.831302996722647,0.11545037360314417,0.8671217182255274,0.017427908171328468,0.022385479688850476,-16.881344,-27.456892,-5.9661613
H-GA-02,House,GA,True,Lean D,10.905892195245563,0.7576079054256301,0.24239209457368874,6.811836386463726e-13,0.9646067415730337,10.626598,3.0980802,18.35168
H-GA-03,House,GA,False,Safe R,-32.68759980076564,0.11545037360314417,0.8671217182255274,0.017427908171328468,0.0008787093056755978,-33.728024,-44.30911,-23.155697
H-GA-04,House,GA,False,Safe D,56.49428808686511,0.11545037360314417,0.8671217182255274,0.017427908171328468,0.998689138576779,55.446625,44.87799,66.210945
H-GA-05,House,GA,False,Safe D,65.68776130057984,0.11545037360314417,0.8671217182255274,0.017427908171328468,0.9988475943532124,64.68503,54.216812,75.594894
H-GA-06,House,GA,False,Safe R,-13.363278249714273,0.11545037360314417,0.8671217182255274,0.017427908171328468,0.04279746470757707,-14.384395,-25.01373,-3.557314
H-GA-07,House,GA,True,Safe D,19.420838255511335,0.7576079054256301,0.24239209457368874,6.811836386463726e-13,0.994670123883607,19.138998,10.302233,27.833418
H-GA-08,House,GA,False,Safe R,-29.767046823632292,0.11545037360314417,0.8671217182255274,0.017427908171328468,0.0013108614232209739,-30.806917,-41.324696,-20.180206
H-GA-09,House,GA,False,Safe R,-40.41113930367823,0.11545037360314417,0.8671217182255274,0.017427908171328468,0.0013252664938058197,-41.426743,-52.116276,-30.756199
H-GA-10,House,GA,False,Safe R,-26.57108945734557,0.11545037360314417,0.8671217182255274,0.017427908171328468,0.0014693171996542783,-27.683088,-38.19763,-17.093271
H-GA-11,House,GA,False,Safe R,-20.053502704434127,0.11545037360314417,0.8671217182255274,0.017427908171328468,0.0063958513396715645,-21.105566,-31.6408,-10.319071
H-GA-12,House,GA,True,Safe R,-8.817204452699317,0.7576079054256301,0.24239209457368874,6.811836386463726e-13,0.09289830020167099,-9.061923,-18.326843,-0.28033262
H-GA-13,House,GA,False,Safe D,58.764980270187365,0.11545037360314417,0.8671217182255274,0.017427908171328468,0.9985883030826851,57.71799,47.201485,68.51086
H-GA-14,House,GA,False,Safe R,-39.55049793613693,0.11545037360314417,0.8671217182255274,0.017427908171328468,0.00108038029386344,-40.604046,-51.28409,-29.971062
H-HI-01,House,HI,False,Safe D,39.75960096845251,0.11545037360314417,0.8671217182255274,0.017427908171328468,0.9985306828003457,38.692577,28.072779,49.348377
H-HI-02,House,HI,False,Safe D,39.535237231263075,0.11545037360314417,0.8671217182255274,0.017427908171328468,0.9987611639297033,38.513496,27.90165,49.100086
H-ID-01,House,ID,False,Safe R,-39.89392830318034,0.11545037360314417,0.8671217182255274,0.017427908171328468,0.0013252664938058197,-40.931713,-51.593163,-30.415703
H-ID-02,House,ID,False,Safe R,-22.515337240457818,0.11545037360314417,0.8671217182255274,0.017427908171328468,0.0029530394698934026,-23.48886,-34.112057,-12.7399235
H-IL-01,House,IL,False,Safe D,47.70408280076659,0.11545037360314417,0.8671217182255274,0.017427908171328468,0.998689138576779,46.611034,36.11254,57.374325
H-IL-02,House,IL,False,Safe D,44.217338785931354,0.11545037360314417,0.8671217182255274,0.017427908171328468,0.9984586574474215,43.12415,32.550938,53.814796
H-IL-03,House,IL,False,Safe D,45.81727035605596,0.11545037360314417,0.8671217182255274,0.017427908171328468,0.9986027081532699,44.759514,34.162018,55.53641
H-IL-04,House,IL,False,Safe D,50.802166503821624,0.11545037360314417,0.8671217182255274,0.017427908171328468,0.9985738980121003,49.696033,39.079044,60.56484
H-IL-05,House,IL,False,Safe D,42.84249393200677,0.11545037360314417,0.8671217182255274,0.017427908171328468,0.9987467588591185,41.833195,31.332106,52.44064
H-IL-06,House,IL,True,Lean D,9.824978202164429,0.7576079054256301,0.24239209457368874,6.811836386463726e-13,0.9312590031691155,9.590656,1.2373884,18.518599
H-IL-07,House,IL,False,Safe D,74.87671051971886,0.11545037360314417,0.8671217182255274,0.017427908171328468,0.998789974070873,73.8336,63.369522,84.90095
H-IL-08,House,IL,True,Likely D,14.983778217421907,0.7576079054256301,0.24239209457368874,6.811836386463726e-13,0.989628349178911,14.655582,6.1960506,23.661163
H-IL-09,House,IL,False,Safe D,45.12544174368265,0.11545037360314417,0.8671217182255274,0.017427908171328468,0.9985450878709305,44.01574,33.361427,54.734406
H-IL-10,House,IL,False,Safe D,29.52809122837969,0.11545037360314417,0.8671217182255274,0.017427908171328468,0.9984874675885912,28.429348,17.722383,39.00247
H-IL-11,House,IL,False,Likely D,18.887051707042673,0.11545037360314417,0.8671217182255274,0.017427908171328468,0.9825122443099972,17.846422,7.25436,28.53757
H-IL-12,House,IL,False,Safe R,-40.80279499542505,0.11545037360314417,0.8671217182255274,0.017427908171328468,0.000965139729184673,-41.92656,-52.502563,-31.33621
H-IL-13,House,IL,True,Lean D,14.714389695582831,0.7576079054256301,0.24239209457368874,6.811836386463726e-13,0.984673004897724,14.389281,6.071822,22.679516
H-IL-14,House,IL,True,Lean D,14.030755675441064,0.7576079054256301,0.24239209457368874,6.811836386463726e-13,0.9790406222990493,13.744953,5.2560425,22.32521
H-IL-15,House,IL,False,Safe R,-37.10585124509657,0.11545037360314417,0.8671217182255274,0.017427908171328468,0.0010083549409392106,-38.156483,-48.748253,-27.500917
H-IL-16,House,IL,False,Safe R,-21.91169188441319,0.11545037360314417,0.8671217182255274,0.017427908171328468,0.0035580524344569287,-22.981716,-33.629753,-12.15004
H-IL-17,House,IL,True,Lean D,9.466949249231863,0.7576079054256301,0.24239209457368874,6.811836386463726e-13,0.9298040910400461,9.186418,1.1430931,17.541342
H-IN-01,House,IN,True,Lean D,12.83100973543786,0.7576079054256301,0.24239209457368874,6.811836386463726e-13,0.9661048689138577,12.575896,3.693509,21.657864
H-IN-02,House,IN,False,Safe R,-21.990001732842906,0.11545037360314417,0.8671217182255274,0.017427908171328468,0.0032987611639297035,-23.060703,-33.65404,-12.301117
H-IN-03,House,IN,False,Safe R,-29.455174654350895,0.11545037360314417,0.8671217182255274,0.017427908171328468,0.001483722270239124,-30.559507,-41.16225,-19.916199
H-IN-04,House,IN,False,Safe R,-28.6783113774855,0.11545037360314417,0.8671217182255274,0.017427908171328468,0.0010371650821089024,-29.763996,-40.271294,-19.045975
H-IN-05,House,IN,True,Safe R,-17.78159707097784,0.7576079054256301,0.24239209457368874,6.811836386463726e-13,0.0030826851051570154,-18.078785,-26.079931,-10.0624275
H-IN-06,House,IN,False,Safe R,-31.82390866801412,0.11545037360314417,0.8671217182255274,0.017427908171328468,0.0008498991645059061,-32.895554,-43.429337,-22.243074
H-IN-07,House,IN,False,Safe D,44.3787326772207,0.11545037360314417,0.8671217182255274,0.017427908171328468,0.9986027081532699,43.28843,32.707428,53.976753
H-IN-08,House,IN,False,Safe R,-30.999607851029374,0.11545037360314417,0.8671217182255274,0.017427908171328468,0.0012244309997118986,-31.993856,-42.566814,-21.347975
H-IN-09,House,IN,False,Safe R,-25.686558140179194,0.11545037360314417,0.8671217182255274,0.017427908171328468,0.0013252664938058197,-26.69421,-37.33297,-15.971926
H-IA-01,House,IA,True,Lean R,-1.140002238857609,0.7576079054256301,0.24239209457368874,6.811836386463726e-13,0.41647940074906364,-1.4162058,-9.592638,6.63356
H-IA-02,House,IA,True,Lean R,2.352461362226893,0.7576079054256301,0.24239209457368874,6.811836386463726e-13,0.6500432152117546,2.0134122,-7.068016,10.38519
H-IA-03,House,IA,True,Toss-up,3.67488735665945,0.7576079054256301,0.24239209457368874,6.811836386463726e-13,0.7273120138288678,3.357159,-4.8313713,11.126489
H-IA-04,House,IA,False,Safe R,-23.044952227129933,0.11545037360314417,0.8671217182255274,0.017427908171328468,0.0023048112935753384,-24.143642,-34.660862,-13.404501
H-KS-01,House,KS,False,Safe R,-29.656905105672216,0.11545037360314417,0.8671217182255274,0.017427908171328468,0.0010947853644482858,-30.713923,-41.41328,-20.113165
H-KS-02,House,KS,False,Safe R,-17.169676296594325,0.11545037360314417,0.8671217182255274,0.017427908171328468,0.015471045808124459,-18.213118,-28.775024,-7.4906588
H-KS-03,House,KS,True,Lean R,3.0332544594380573,0.7576079054256301,0.24239209457368874,6.811836386463726e-13,0.6591472198213771,2.7670712,-5.1245723,10.983129
H-KS-04,House,KS,False,Safe R,-23.29763496373679,0.11545037360314417,0.8671217182255274,0.017427908171328468,0.00233362143474503,-24.341661,-34.921562,-13.568138
H-KY-01,House,KY,False,Safe R,-37.9741468446148,0.11545037360314417,0.8671217182255274,0.017427908171328468,0.0011524056467876692,-39.02576,-49.623676,-28.422348
H-KY-02,House,KY,False,Safe R,-32.63176624933336,0.11545037360314417,0.8671217182255274,0.017427908171328468,0.0010371650821089024,-33.698288,-44.288895,-23.040081
H-KY-03,House,KY,True,Safe D,26.197858321318606,0.7576079054256301,0.24239209457368874,6.811836386463726e-13,0.9999711898588303,25.933947,17.476603,34.528282
H-KY-04,House,KY,False,Safe R,-28.988572886986127,0.11545037360314417,0.8671217182255274,0.017427908171328468,0.0012388360702967444,-30.035881,-40.706776,-19.337925
H-KY-05,House,KY,False,Safe R,-53.10176515687686,0.11545037360314417,0.8671217182255274,0.017427908171328468,0.000864304235090752,-54.16268,-64.89842,-43.666904
H-KY-06,House,KY,False,Likely R,-9.481513146087316,0.11545037360314417,0.8671217182255274,0.017427908171328468,0.09978392394122731,-10.572732,-21.12162,-0.012486172
H-LA-01,House,LA,False,Safe R,-35.03522105271573,0.11545037360314417,0.8671217182255274,0.017427908171328468,0.001181215787957361,-36.060898,-46.657776,-25.42779
H-LA-02,House,LA,False,Safe D,61.668110925586774,0.11545037360314417,0.8671217182255274,0.017427908171328468,0.998501872659176,60.61048,50.10356,71.46925
H-LA-03,House,LA,False,Safe R,-37.41963587575723,0.11545037360314417,0.8671217182255274,0.017427908171328468,0.001166810717372515,-38.457626,-49.13946,-27.758286
H-LA-04,House,LA,False,Safe R,-29.124939106120795,0.11545037360314417,0.8671217182255274,0.017427908171328468,0.0012388360702967444,-30.21464,-40.746616,-19.61334
H-LA-05,House,LA,False,Safe R,-29.415975823754696,0.11545037360314417,0.8671217182255274,0.017427908171328468,0.0011524056467876692,-30.461323,-41.04733,-19.794207
H-LA-06,House,LA,False,Safe R,-12.093938660041983,0.11545037360314417,0.8671217182255274,0.017427908171328468,0.0585422068568136,-13.123331,-23.678108,-2.285689
H-ME-01,House,ME,False,Safe D,25.049856834168015,0.11545037360314417,0.8671217182255274,0.017427908171328468,0.9969317199654278,24.070047,13.344046,34.73868
H-ME-02,House,ME,True,Likely R,-2.3688133002995877,0.7576079054256301,0.24239209457368874,6.811836386463726e-13,0.3271247479112648,-2.65719,-10.701452,5.6361027
H-MD-01,House,MD,False,Safe R,-21.065081491797113,0.11545037360314417,0.8671217182255274,0.017427908171328468,0.004811293575338519,-22.06915,-32.65664,-11.384011
H-MD-02,House,MD,True,Likely D,18.439817069305352,0.7576079054256301,0.24239209457368874,6.811836386463726e-13,0.9963411120714492,18.136818,9.5287075,26.864073
H-MD-03,House,MD,True,Likely D,18.253270217284978,0.7576079054256301,0.24239209457368874,6.811836386463726e-13,0.9966868337654855,17.966045,9.0787,27.20076
H-MD-04,House,MD,False,Safe D,79.4110011109278,0.11545037360314417,0.8671217182255274,0.017427908171328468,0.9988187842120426,78.32795,67.95494,89.4512
H-MD-05,House,MD,False,Safe D,35.759742874968715,0.11545037360314417,0.8671217182255274,0.017427908171328468,0.9990348602708153,34.7028,24.01464,45.35555
H-MD-06,House,MD,True,Toss-up,9.152664827120475,0.7576079054256301,0.24239209457368874,6.811836386463726e-13,0.9125756266205705,8.835827,0.52692276,17.027523
H-MD-07,House,MD,False,Safe D,60.921407438898974,0.11545037360314417,0.8671217182255274,0.017427908171328468,0.9986747335061942,59.869755,49.38741,70.72901
H-MD-08,House,MD,False,Safe D,58.99547132580752,0.11545037360314417,0.8671217182255274,0.017427908171328468,0.9987611639297033,57.95786,47.356514,68.808784
H-MA-01,House,MA,False,Safe D,30.211997907601443,0.11545037360314417,0.8671217182255274,0.017427908171328468,0.9986459233650244,29.174305,18.580215,39.72741
H-MA-02,House,MA,False,Safe D,37.750660269977345,0.11545037360314417,0.8671217182255274,0.017427908171328468,0.9985883030826851,36.66295,26.012428,47.281246
H-MA-03,House,MA,False,Safe D,34.50909168239879,0.11545037360314417,0.8671217182255274,0.017427908171328468,0.9988475943532124,33.519974,22.842373,44.192368
H-MA-04,House,MA,True,Safe D,33.18703745742059,0.7576079054256301,0.24239209457368874,6.811836386463726e-13,1.0,32.93823,24.353046,41.660885
H-MA-05,House,MA,False,Safe D,56.25187282310861,0.11545037360314417,0.8671217182255274,0.017427908171328468,0.9986171132238548,55.16227,44.582256,65.91022
H-MA-06,House,MA,False,Safe D,34.28922304710303,0.11545037360314417,0.8671217182255274,0.017427908171328468,0.998689138576779,33.21211,22.519718,43.808018
H-MA-07,House,MA,False,Safe D,78.05300945622265,0.11545037360314417,0.8671217182255274,0.017427908171328468,0.9984010371650821,76.97192,66.62985,88.10179
H-MA-08,House,MA,False,Safe D,41.70201365427851,0.11545037360314417,0.8671217182255274,0.017427908171328468,0.9988331892826274,40.691143,30.123852,51.328922
H-MA-09,House,MA,True,Safe D,25.699442264412543,0.7576079054256301,0.24239209457368874,6.811836386463726e-13,0.9995390377412849,25.421623,16.812859,33.994953
H-MI-01,House,MI,False,Safe R,-19.75852192622679,0.11545037360314417,0.8671217182255274,0.017427908171328468,0.006727167963123019,-20.824202,-31.370201,-10.063528
H-MI-02,House,MI,True,Safe R,-25.357386403557946,0.7576079054256301,0.24239209457368874,6.811836386463726e-13,0.00010083549409392106,-25.62014,-34.129066,-17.146215
H-MI-03,House,MI,True,Toss-up,9.73163998956576,0.7576079054256301,0.24239209457368874,6.811836386463726e-13,0.9373379429559204,9.4630995,1.5312185,17.589928
H-MI-04,House,MI,True,Likely R,-2.795574253801226,0.7576079054256301,0.24239209457368874,6.811836386463726e-13,0.3395419187554019,-3.0623653,-12.205442,5.910791
H-MI-05,House,MI,False,Safe R,-23.18908157096774,0.11545037360314417,0.8671217182255274,0.017427908171328468,0.0028522039757994814,-24.199463,-34.73329,-13.423342
H-MI-06,House,MI,False,Safe D,29.80361848425078,0.11545037360314417,0.8671217182255274,0.017427908171328468,0.9983434168827428,28.794687,18.057222,39.463245
H-MI-07,House,MI,True,Lean R,0.8699998673602637,0.7576079054256301,0.24239209457368874,6.811836386463726e-13,0.5505185825410545,0.5594196,-7.393096,8.31765
H-MI-08,House,MI,True,Toss-up,8.615293391174761,0.7576079054256301,0.24239209457368874,6.811836386463726e-13,0.914491501008355,8.263348,0.55639625,15.875046
H-MI-09,House,MI,False,Safe R,-28.74430139148882,0.11545037360314417,0.8671217182255274,0.017427908171328468,0.0012532411408815902,-29.828562,-40.388428,-19.107569
H-MI-10,House,MI,False,Lean R,-2.2664396164904503,0.11545037360314417,0.8671217182255274,0.017427908171328468,0.34605301065975225,-3.2724566,-13.707429,7.199454
H-MI-11,House,MI,True,Likely D,21.22320643542186,0.7576079054256301,0.24239209457368874,6.811836386463726e-13,0.9990348602708153,20.957779,12.200486,29.832165
H-MI-12,House,MI,False,Safe D,50.9223530546596,0.11545037360314417,0.8671217182255274,0.017427908171328468,0.9987035436473639,49.912975,39.338867,60.679443
H-MI-13,House,MI,False,Safe D,52.707073350733815,0.11545037360314417,0.8671217182255274,0.017427908171328468,0.9988475943532124,51.66916,41.028698,62.510986
H-MN-01,House,MN,True,Likely R,-8.784900440983124,0.7576079054256301,0.24239209457368874,6.811836386463726e-13,0.09019014693171996,-9.108497,-18.041359,-0.41154113
H-MN-02,House,MN,True,Toss-up,9.059274547979289,0.7576079054256301,0.24239209457368874,6.811836386463726e-13,0.9232497839239412,8.790326,0.8966416,16.773258
H-MN-03,House,MN,True,Likely D,19.32985197553823,0.7576079054256301,0.24239209457368874,6.811836386463726e-13,0.9987179487179487,19.023441,10.940539,27.313969
H-MN-04,House,MN,False,Safe D,39.84970590545329,0.11545037360314417,0.8671217182255274,0.017427908171328468,0.998789974070873,38.817554,28.154903,49.430046
H-MN-05,House,MN,False,Safe D,62.973275224218476,0.11545037360314417,0.8671217182255274,0.017427908171328468,0.9988331892826274,61.957397,51.403755,72.78586
H-MN-06,House,MN,True,Safe R,-23.291697675738632,0.7576079054256301,0.24239209457368874,6.811836386463726e-13,0.0019878997407087296,-23.570936,-32.349586,-14.471983
H-MN-07,House,MN,False,Safe R,-31.725302222442046,0.11545037360314417,0.8671217182255274,0.017427908171328468,0.0011524056467876692,-32.76631,-43.366295,-22.15591
H-MN-08,House,MN,True,Likely R,-12.389827219541337,0.7576079054256301,0.24239209457368874,6.811836386463726e-13,0.029141457793143186,-12.657909,-20.988655,-4.284452
H-MS-01,House,MS,False,Safe R,-30.12068298751867,0.11545037360314417,0.8671217182255274,0.017427908171328468,0.0011235955056179776,-31.159536,-41.7563,-20.442762
H-MS-02,House,MS,False,Safe D,31.60893740754937,0.11545037360314417,0.8671217182255274,0.017427908171328468,0.9987611639297033,30.570826,19.903646,41.229042
H-MS-03,House,MS,True,Safe R,-27.43411053340545,0.7576079054256301,0.24239209457368874,6.811836386463726e-13,0.00031691155286660906,-27.735985,-36.987476,-18.425312
H-MS-04,House,MS,False,Safe R,-36.60277891058968,0.11545037360314417,0.8671217182255274,0.017427908171328468,0.0011091904350331316,-37.636086,-48.238064,-27.03809
H-MO-01,House,MO,False,Safe D,58.522894832033465,0.11545037360314417,0.8671217182255274,0.017427908171328468,0.998689138576779,57.487354,46.953953,68.33609
H-MO-02,House,MO,False,Safe R,-11.71308897210519,0.11545037360314417,0.8671217182255274,0.017427908171328468,0.06452031114952464,-12.716018,-23.2693,-1.9296951
H-MO-03,House,MO,False,Safe R,-27.891518314214697,0.11545037360314417,0.8671217182255274,0.017427908171328468,0.0012964563526361278,-28.917152,-39.539677,-18.22494
H-MO-04,House,MO,False,Safe R,-39.28408824769938,0.11545037360314417,0.8671217182255274,0.017427908171328468,0.0008931143762604437,-40.34934,-51.046734,-29.66074
H-MO-05,House,MO,False,Safe D,28.565972948376476,0.11545037360314417,0.8671217182255274,0.017427908171328468,0.9982857966004034,27.483322,16.775482,38.09594
H-MO-06,House,MO,False,Safe R,-36.90363909207491,0.11545037360314417,0.8671217182255274,0.017427908171328468,0.0010227600115240564,-37.925503,-48.533012,-27.315157
H-MO-07,House,MO,False,Safe R,-41.3910799969949,0.11545037360314417,0.8671217182255274,0.017427908171328468,0.0009219245174301354,-42.43069,-53.12876,-31.805445
H-MO-08,House,MO,False,Safe R,-49.53304844754014,0.11545037360314417,0.8671217182255274,0.017427908171328468,0.0011380005762028234,-50.559273,-61.374878,-39.98518
H-MT-01,House,MT,True,Likely R,-8.082129824655752,0.7576079054256301,0.24239209457368874,6.811836386463726e-13,0.1027945836934601,-8.397803,-16.871544,0.1037678
H-MT-02,House,MT,False,Safe R,-25.30135245631053,0.11545037360314417,0.8671217182255274,0.017427908171328468,0.002016709881878421,-26.363491,-36.983955,-15.653359
H-NE-01,House,NE,False,Safe R,-13.482380129882944,0.11545037360314417,0.8671217182255274,0.017427908171328468,0.04184673004897724,-14.552283,-25.146626,-3.6487224
H-NE-02,House,NE,True,Toss-up,5.349198819648797,0.7576079054256301,0.24239209457368874,6.811836386463726e-13,0.8028377989052147,5.0800223,-3.6224046,12.967168
H-NE-03,House,NE,False,Safe R,-50.092216760565954,0.11545037360314417,0.8671217182255274,0.017427908171328468,0.0011524056467876692,-51.155357,-61.83887,-40.612083
H-NV-01,House,NV,True,Lean D,9.400263872819668,0.7576079054256301,0.24239209457368874,6.811836386463726e-13,0.9407951598962835,9.139811,1.5596396,17.084343
H-NV-02,House,NV,True,Likely R,-11.074245219116342,0.7576079054256301,0.24239209457368874,6.811836386463726e-13,0.03704984154422357,-11.332445,-19.218023,-3.4669142
H-NV-03,House,NV,True,Toss-up,10.078992688307178,0.7576079054256301,0.24239209457368874,6.811836386463726e-13,0.9482857966004034,9.802389,2.168684,17.520819
H-NV-04,House,NV,True,Lean D,15.420272406882072,0.7576079054256301,0.24239209457368874,6.811836386463726e-13,0.981403053874964,15.201441,6.185211,24.112692
H-NH-01,House,NH,True,Toss-up,5.85749578096068,0.7576079054256301,0.24239209457368874,6.811836386463726e-13,0.8188130221838087,5.577003,-2.2114782,13.522766
H-NH-02,House,NH,True,Toss-up,9.899452201931407,0.7576079054256301,0.24239209457368874,6.811836386463726e-13,0.9359982713915298,9.600877,1.5224386,17.718132
H-NJ-01,House,NJ,False,Safe D,28.043272195618055,0.11545037360314417,0.8671217182255274,0.017427908171328468,0.9981417458945548,27.039324,16.331745,37.653286
H-NJ-02,House,NJ,True,Likely R,-2.812356769821203,0.7576079054256301,0.24239209457368874,6.811836386463726e-13,0.3415586286372803,-3.0511253,-12.189699,5.6983023
H-NJ-03,House,NJ,True,Likely D,11.216576254691306,0.7576079054256301,0.24239209457368874,6.811836386463726e-13,0.9451022760011524,10.940994,2.0154881,20.509483
H-NJ-04,House,NJ,False,Safe R,-24.38688751218963,0.11545037360314417,0.8671217182255274,0.017427908171328468,0.0021895707288965716,-25.402395,-35.879803,-14.689825
H-NJ-05,House,NJ,True,Lean D,14.8533671296861,0.7576079054256301,0.24239209457368874,6.811836386463726e-13,0.9865600691443388,14.598554,6.486007,22.728802
H-NJ-06,House,NJ,False,Likely D,23.145385020470346,0.11545037360314417,0.8671217182255274,0.017427908171328468,0.992437337942956,22.109226,11.561003,32.714554
H-NJ-07,House,NJ,True,Lean R,-3.038617323219976,0.7576079054256301,0.24239209457368874,6.811836386463726e-13,0.2917602996254682,-3.2996385,-11.271967,4.779169
H-NJ-08,House,NJ,False,Safe D,52.52636888413453,0.11545037360314417,0.8671217182255274,0.017427908171328468,0.9984298473062518,51.495747,40.964252,62.25262
H-NJ-09,House,NJ,True,Safe D,21.463482477202405,0.7576079054256301,0.24239209457368874,6.811836386463726e-13,0.9989916450590608,21.159822,12.310968,30.180876
H-NJ-10,House,NJ,False,Safe D,63.28340794960122,0.11545037360314417,0.8671217182255274,0.017427908171328468,0.9985162777297609,62.247005,51.697266,73.1686
H-NJ-11,House,NJ,True,Likely D,14.566775498823064,0.7576079054256301,0.24239209457368874,6.811836386463726e-13,0.9806683952751368,14.293257,5.2192636,23.713785
H-NJ-12,House,NJ,False,Safe D,37.22771737926549,0.11545037360314417,0.8671217182255274,0.017427908171328468,0.9983434168827428,36.18824,25.517681,46.833324
H-NM-01,House,NM,True,Likely D,17.956919049457245,0.7576079054256301,0.24239209457368874,6.811836386463726e-13,0.9953615672716797,17.655869,8.963565,26.426546
H-NM-02,House,NM,False,Lean D,13.238943329729636,0.11545037360314417,0.8671217182255274,0.017427908171328468,0.9301930279458369,12.180392,1.6178277,22.741907
H-NM-03,House,NM,True,Lean D,15.331139458131123,0.7576079054256301,0.24239209457368874,6.811836386463726e-13,0.9810429271103428,15.070134,6.0596924,23.933619
H-NY-01,House,NY,True,Lean R,-1.7005658314238965,0.7576079054256301,0.24239209457368874,6.811836386463726e-13,0.3790262172284644,-1.9943825,-10.104466,6.0121555
H-NY-02,House,NY,True,Lean R,-1.0094766688922827,0.7576079054256301,0.24239209457368874,6.811836386463726e-13,0.42806107749927974,-1.273817,-9.242955,6.5520883
H-NY-03,House,NY,True,Lean D,15.039481275318755,0.7576079054256301,0.24239209457368874,6.811836386463726e-13,0.9821233074042063,14.75573,6.517218,22.792606
H-NY-04,House,NY,False,Likely D,19.415746268974516,0.11545037360314417,0.8671217182255274,0.017427908171328468,0.9849611063094209,18.42699,7.8341494,28.948864
H-NY-05,House,NY,False,Safe D,67.28322657153386,0.11545037360314417,0.8671217182255274,0.017427908171328468,0.9986459233650244,66.22483,55.760063,77.12348
H-NY-06,House,NY,False,Safe D,38.57426880108666,0.11545037360314417,0.8671217182255274,0.017427908171328468,0.9986459233650244,37.604176,26.988625,48.217365
H-NY-07,House,NY,False,Safe D,68.31276986229126,0.11545037360314417,0.8671217182255274,0.017427908171328468,0.9985738980121003,67.28596,56.819073,78.27535
H-NY-08,House,NY,False,Safe D,58.80902390179187,0.11545037360314417,0.8671217182255274,0.017427908171328468,0.9988908095649669,57.750935,47.24991,68.53162
H-NY-09,House,NY,False,Safe D,57.44310498925411,0.11545037360314417,0.8671217182255274,0.017427908171328468,0.9986315182944396,56.38712,45.87279,67.17096
H-NY-10,House,NY,False,Safe D,74.14565090015603,0.11545037360314417,0.8671217182255274,0.017427908171328468,0.9987611639297033,73.10975,62.68723,84.17567
H-NY-11,House,NY,True,Likely R,-2.822757602794757,0.7576079054256301,0.24239209457368874,6.811836386463726e-13,0.33889369057908386,-3.0596578,-11.877058,5.070921
H-NY-12,House,NY,False,Safe D,72.93411922114826,0.11545037360314417,0.8671217182255274,0.017427908171328468,0.9985738980121003,71.899734,61.52528,82.96455
H-NY-13,House,NY,False,Safe D,81.50394460410702,0.11545037360314417,0.8671217182255274,0.017427908171328468,0.9988187842120426,80.46535,70.14433,91.69404
H-NY-14,House,NY,False,Safe D,62.75140740338576,0.11545037360314417,0.8671217182255274,0.017427908171328468,0.998789974070873,61.71159,51.117504,72.65834
H-NY-15,House,NY,False,Safe D,75.65208143446796,0.11545037360314417,0.8671217182255274,0.017427908171328468,0.9989484298473063,74.62976,64.146904,85.697945
H-NY-16,House,NY,False,Safe D,47.62075185030322,0.11545037360314417,0.8671217182255274,0.017427908171328468,0.9988187842120426,46.608845,36.056465,57.344223
H-NY-17,House,NY,True,Lean D,8.164424218330002,0.7576079054256301,0.24239209457368874,6.811836386463726e-13,0.877196773264189,7.868716,-0.82307434,16.580402
H-NY-18,House,NY,True,Toss-up,13.323445993170203,0.7576079054256301,0.24239209457368874,6.811836386463726e-13,0.9748919619706137,13.024034,4.875547,21.128117
H-NY-19,House,NY,True,Toss-up,8.831178239167967,0.7576079054256301,0.24239209457368874,6.811836386463726e-13,0.9068568135983867,8.485926,0.26827615,16.6918
H-NY-20,House,NY,False,Likely D,22.403964426127516,0.11545037360314417,0.8671217182255274,0.017427908171328468,0.9913857677902622,21.365688,10.744736,32.0111
H-NY-21,House,NY,False,Safe R,-13.112350085080056,0.11545037360314417,0.8671217182255274,0.017427908171328468,0.045908959953903775,-14.151638,-24.730373,-3.3046367
H-NY-22,House,NY,True,Toss-up,8.504807779943075,0.7576079054256301,0.24239209457368874,6.811836386463726e-13,0.9166666666666666,8.217676,0.59835523,16.038216
H-NY-23,House,NY,False,Safe R,-18.986080133473216,0.11545037360314417,0.8671217182255274,0.017427908171328468,0.009176029962546817,-20.045725,-30.572882,-9.220209
H-NY-24,House,NY,False,Safe R,-17.85413195992533,0.11545037360314417,0.8671217182255274,0.017427908171328468,0.012186689714779602,-18.934422,-29.52066,-8.067745
H-NY-25,House,NY,True,Likely D,20.46729547131997,0.7576079054256301,0.24239209457368874,6.811836386463726e-13,0.9984730625180064,20.193447,12.26873,28.146439
H-NY-26,House,NY,True,Safe D,15.341666033020225,0.7576079054256301,0.24239209457368874,6.811836386463726e-13,0.9701526937481993,15.035476,4.314085,27.78958
H-NC-01,House,NC,True,Lean D,12.043262342921134,0.7576079054256301,0.24239209457368874,6.811836386463726e-13,0.9016709881878421,11.721513,0.10935156,22.294865
H-NC-02,House,NC,False,Safe D,5.819659713894744,0.11545037360314417,0.8671217182255274,0.017427908171328468,0.656453471622011,4.6944556,-9.518608,18.681513
H-NC-03,House,NC,False,Safe R,-2.304628467531499,0.11545037360314417,0.8671217182255274,0.017427908171328468,0.39369057908383753,-3.3178508,-17.478424,11.028081
H-NC-04,House,NC,False,Safe D,5.78650085110006,0.11545037360314417,0.8671217182255274,0.017427908171328468,0.6567991933160473,4.701177,-9.5872135,18.746515
H-NC-05,House,NC,False,Safe R,-2.281928562335658,0.11545037360314417,0.8671217182255274,0.017427908171328468,0.39168827427254393,-3.3584528,-17.328257,10.921203
H-NC-06,House,NC,True,Likely D,11.15838255801359,0.7576079054256301,0.24239209457368874,6.811836386463726e-13,0.847940074906367,10.89057,-5.019288,22.332905
H-NC-07,House,NC,True,Safe R,-7.8114898238975226,0.7576079054256301,0.24239209457368874,6.811836386463726e-13,0.1456640737539614,-8.091286,-17.818813,2.2831078
H-NC-08,House,NC,False,Safe R,-2.292531026887259,0.11545037360314417,0.8671217182255274,0.017427908171328468,0.38949870354364735,-3.4134154,-17.478378,10.931782
H-NC-09,House,NC,False,Likely R,-1.7819750942366426,0.11545037360314417,0.8671217182255274,0.017427908171328468,0.3978680495534428,-2.8087883,-16.785831,11.078629
H-NC-10,House,NC,False,Safe R,-2.3012621844586114,0.11545037360314417,0.8671217182255274,0.017427908171328468,0.39343128781331027,-3.367604,-17.588179,11.008991
H-NC-11,House,NC,False,Likely R,-1.8495388106308221,0.11545037360314417,0.8671217182255274,0.017427908171328468,0.39078075482569863,-2.9446003,-17.006178,11.021409
H-NC-12,House,NC,False,Safe D,5.782383448056893,0.11545037360314417,0.8671217182255274,0.017427908171328468,0.6578651685393259,4.7425766,-9.504742,18.726091
H-NC-13,House,NC,True,Toss-up,0.09173860996274102,0.7576079054256301,0.24239209457368874,6.811836386463726e-13,0.5023768366464996,-0.22157718,-9.412229,8.703197
H-NC-14,House,NC,False,Likely D,-1.4857397588016186,0.11545037360314417,0.8671217182255274,0.017427908171328468,0.40342840679919334,-2.5180728,-16.25562,11.314044
H-ND-01,House,ND,False,Safe R,-32.10030546564177,0.11545037360314417,0.8671217182255274,0.017427908171328468,0.0010227600115240564,-33.11104,-43.731564,-22.45912
H-OH-01,House,OH,False,Lean D,-1.5172709033940797,0.11545037360314417,0.8671217182255274,0.017427908171328468,0.40525785076346876,-2.5855787,-16.331541,11.146549
H-OH-02,House,OH,False,Safe R,-9.034070463513439,0.11545037360314417,0.8671217182255274,0.017427908171328468,0.18195044655718812,-10.07448,-24.098932,4.236225
H-OH-03,House,OH,False,Safe D,-0.8678821425431315,0.11545037360314417,0.8671217182255274,0.017427908171328468,0.412057044079516,-1.9138944,-16.239752,12.16161
H-OH-04,House,OH,False,Safe R,-9.033405925944647,0.11545037360314417,0.8671217182255274,0.017427908171328468,0.18434168827427255,-10.041108,-24.10923,4.174885
H-OH-05,House,OH,False,Safe R,-9.005051942150207,0.11545037360314417,0.8671217182255274,0.017427908171328468,0.18415442235666954,-10.035016,-24.057892,4.2059255
H-OH-06,House,OH,False,Safe R,-9.036987738891371,0.11545037360314417,0.8671217182255274,0.017427908171328468,0.18327571305099394,-10.146361,-24.236284,4.2138267
H-OH-07,House,OH,True,Likely R,-4.440365170874747,0.7576079054256301,0.24239209457368874,6.811836386463726e-13,0.2976519734946701,-4.7140517,-15.812332,5.9736843
H-OH-08,House,OH,False,Safe R,-9.006917625904443,0.11545037360314417,0.8671217182255274,0.017427908171328468,0.18599827139152983,-9.991077,-24.060234,4.250368
H-OH-09,House,OH,True,Lean R,4.762114178405518,0.7576079054256301,0.24239209457368874,6.811836386463726e-13,0.7593632958801498,4.4843144,-6.174135,13.86709
H-OH-10,House,OH,True,Likely R,-9.777056863356078,0.7576079054256301,0.24239209457368874,6.811836386463726e-13,0.0724575050417747,-10.058697,-18.704832,-1.348892
H-OH-11,House,OH,False,Safe D,-0.9391214690774775,0.11545037360314417,0.8671217182255274,0.017427908171328468,0.40975223278594064,-2.0211701,-16.39558,12.004318
H-OH-12,House,OH,False,Safe R,-9.043340463084984,0.11545037360314417,0.8671217182255274,0.017427908171328468,0.18311725727456066,-10.061674,-24.17626,4.218176
H-OH-13,House,OH,True,Toss-up,-0.5811471677441135,0.7576079054256301,0.24239209457368874,6.811836386463726e-13,0.457476231633535,-0.8698812,-9.589033,7.7174697
H-OH-14,House,OH,False,Safe R,-9.03904390276918,0.11545037360314417,0.8671217182255274,0.017427908171328468,0.18135983866320946,-10.054412,-23.926891,4.0554166
H-OH-15,House,OH,True,Likely R,-6.3462244643667916,0.7576079054256301,0.24239209457368874,6.811836386463726e-13,0.16574474214923654,-6.661152,-15.698147,2.070584
H-OK-01,House,OK,False,Safe R,-23.900027568542622,0.11545037360314417,0.8671217182255274,0.017427908171328468,0.002031114952463267,-24.952143,-35.563126,-14.248173
H-OK-02,House,OK,False,Safe R,-48.51928238796641,0.11545037360314417,0.8671217182255274,0.017427908171328468,0.0012244309997118986,-49.554714,-60.299618,-38.995636
H-OK-03,House,OK,False,Safe R,-41.04061568314828,0.11545037360314417,0.8671217182255274,0.017427908171328468,0.0011956208585422068,-42.089294,-52.74751,-31.481293
H-OK-04,House,OK,False,Safe R,-30.427244632835713,0.11545037360314417,0.8671217182255274,0.017427908171328468,0.0010083549409392106,-31.453222,-42.05742,-20.793242
H-OK-05,House,OK,False,Safe R,-19.94945182036732,0.11545037360314417,0.8671217182255274,0.017427908171328468,0.0062085854220685684,-20.969276,-31.60592,-10.203664
H-OR-01,House,OR,False,Safe D,42.06994412675679,0.11545037360314417,0.8671217182255274,0.017427908171328468,0.9987179487179487,41.020424,30.456263,51.631233
H-OR-02,House,OR,True,Safe R,-18.122465836344546,0.7576079054256301,0.24239209457368874,6.811836386463726e-13,0.002895419187554019,-18.389399,-28.075878,-9.302364
H-OR-03,House,OR,False,Safe D,50.05455949456166,0.11545037360314417,0.8671217182255274,0.017427908171328468,0.9985883030826851,48.964844,38.366917,59.737373
H-OR-04,House,OR,True,Likely D,20.142128451120257,0.7576079054256301,0.24239209457368874,6.811836386463726e-13,0.9957072889657159,19.841232,10.753054,28.72651
H-OR-05,House,OR,True,Lean D,9.826366107956948,0.7576079054256301,0.24239209457368874,6.811836386463726e-13,0.9354076634975511,9.524006,1.4315915,17.83437
H-OR-06,House,OR,False,Lean D,16.360728051078727,0.11545037360314417,0.8671217182255274,0.017427908171328468,0.9662489196197062,15.370369,4.8452907,25.84645
H-PA-01,House,PA,True,Toss-up,2.4509284205445923,0.7576079054256301,0.24239209457368874,6.811836386463726e-13,0.6425669835782195,2.141693,-5.7506437,9.989844
H-PA-02,House,PA,False,Safe D,48.353990339936566,0.11545037360314417,0.8671217182255274,0.017427908171328468,0.998977239988476,47.338696,36.69274,58.163574
H-PA-03,House,PA,False,Safe D,81.82901462196365,0.11545037360314417,0.8671217182255274,0.017427908171328468,0.9988043791414578,80.765305,70.48388,91.87182
H-PA-04,House,PA,True,Likely D,22.16092077685781,0.7576079054256301,0.24239209457368874,6.811836386463726e-13,0.9988619994237972,21.88119,13.098892,30.514137
H-PA-05,House,PA,False,Safe D,35.84903392591214,0.11545037360314417,0.8671217182255274,0.017427908171328468,0.9987179487179487,34.833786,24.079138,45.541325
H-PA-06,House,PA,False,Likely D,18.32802945752,0.11545037360314417,0.8671217182255274,0.017427908171328468,0.979991356957649,17.249844,6.674024,27.793507
H-PA-07,House,PA,True,Lean R,1.1249486339190904,0.7576079054256301,0.24239209457368874,6.811836386463726e-13,0.565888792855085,0.7965091,-7.425739,8.836508
H-PA-08,House,PA,True,Likely R,-1.468008451596862,0.7576079054256301,0.24239209457368874,6.811836386463726e-13,0.41028522039758,-1.7541064,-9.947688,5.957062
H-PA-09,House,PA,False,Safe R,-35.565365296280206,0.11545037360314417,0.8671217182255274,0.017427908171328468,0.0010515701526937482,-36.588627,-47.205036,-26.01752
H-PA-10,House,PA,False,Likely R,-6.013636180517805,0.11545037360314417,0.8671217182255274,0.017427908171328468,0.19602420051858255,-7.02381,-17.512325,3.4488513
H-PA-11,House,PA,False,Safe R,-21.891185730064695,0.11545037360314417,0.8671217182255274,0.017427908171328468,0.0034860270815326995,-22.963102,-33.566746,-12.153764
H-PA-12,House,PA,True,Safe D,23.366571811822052,0.7576079054256301,0.24239209457368874,6.811836386463726e-13,0.9995678478824547,23.093733,14.929304,31.22258
H-PA-13,House,PA,False,Safe R,-43.08585287111597,0.11545037360314417,0.8671217182255274,0.017427908171328468,0.00108038029386344,-44.130424,-54.778973,-33.529697
H-PA-14,House,PA,False,Safe R,-30.276412658768624,0.11545037360314417,0.8671217182255274,0.017427908171328468,0.0010227600115240564,-31.306778,-41.92424,-20.668926
H-PA-15,House,PA,False,Safe R,-34.93303848878019,0.11545037360314417,0.8671217182255274,0.017427908171328468,0.0011235955056179776,-35.985497,-46.552597,-25.282452
H-PA-16,House,PA,False,Safe R,-20.423387223125193,0.11545037360314417,0.8671217182255274,0.017427908171328468,0.006136560069144339,-21.45757,-31.982763,-10.701934
H-PA-17,House,PA,True,Toss-up,4.63137399480346,0.7576079054256301,0.24239209457368874,6.811836386463726e-13,0.7507058484586574,4.3685637,-3.354135,12.691299
H-RI-01,House,RI,False,Safe D,39.831557723263465,0.11545037360314417,0.8671217182255274,0.017427908171328468,0.9987467588591185,38.819157,28.232422,49.472736
H-RI-02,House,RI,False,Safe D,25.159731554191936,0.11545037360314417,0.8671217182255274,0.017427908171328468,0.997003745318352,24.08864,13.415997,34.572903
H-SC-01,House,SC,True,Safe R,-10.925246978068799,0.7576079054256301,0.24239209457368874,6.811836386463726e-13,0.05292422932872371,-11.190144,-20.348137,-2.2463942
H-SC-02,House,SC,False,Safe R,-16.18694187737604,0.11545037360314417,0.8671217182255274,0.017427908171328468,0.019734946701238838,-17.243034,-27.90093,-6.4272213
H-SC-03,House,SC,False,Safe R,-38.63598831634049,0.11545037360314417,0.8671217182255274,0.017427908171328468,0.0009795447997695188,-39.664215,-50.344418,-29.054966
H-SC-04,House,SC,False,Safe R,-22.591710350803375,0.11545037360314417,0.8671217182255274,0.017427908171328468,0.002794583693460098,-23.664246,-34.270664,-12.915974
H-SC-05,House,SC,False,Safe R,-21.627259818027227,0.11545037360314417,0.8671217182255274,0.017427908171328468,0.003975799481417459,-22.679417,-33.28211,-11.928559
H-SC-06,House,SC,False,Safe D,33.05884703956604,0.11545037360314417,0.8671217182255274,0.017427908171328468,0.9987035436473639,32.010525,21.387728,42.60191
H-SC-07,House,SC,False,Safe R,-21.74850610299137,0.11545037360314417,0.8671217182255274,0.017427908171328468,0.004119850187265918,-22.74201,-33.24251,-12.040645
H-SD-01,House,SD,False,Safe R,-27.42999470568375,0.11545037360314417,0.8671217182255274,0.017427908171328468,0.0012676462114664363,-28.491014,-39.08587,-17.737598
H-TN-01,House,TN,False,Safe R,-53.74430392792055,0.11545037360314417,0.8671217182255274,0.017427908171328468,0.0012676462114664363,-54.780163,-65.51479,-44.215263
H-TN-02,House,TN,False,Safe R,-31.134358142903935,0.11545037360314417,0.8671217182255274,0.017427908171328468,0.001282051282051282,-32.21055,-42.804573,-21.57761
H-TN-03,House,TN,False,Safe R,-32.612735108956564,0.11545037360314417,0.8671217182255274,0.017427908171328468,0.0009219245174301354,-33.63622,-44.261497,-22.93122
H-TN-04,House,TN,False,Safe R,-40.03929706129819,0.11545037360314417,0.8671217182255274,0.017427908171328468,0.0010947853644482858,-41.107594,-51.686684,-30.602972
H-TN-05,House,TN,True,Safe R,-8.35259995712489,0.7576079054256301,0.24239209457368874,6.811836386463726e-13,0.10759147219821377,-8.614329,-17.870527,0.2971769
H-TN-06,House,TN,False,Safe R,-30.317363241038485,0.11545037360314417,0.8671217182255274,0.017427908171328468,0.0011956208585422068,-31.309908,-41.90005,-20.639666
H-TN-07,House,TN,False,Safe R,-17.053035945508302,0.11545037360314417,0.8671217182255274,0.017427908171328468,0.014909248055315471,-18.132057,-28.719116,-7.2495213
H-TN-08,House,TN,False,Safe R,-37.94633138000351,0.11545037360314417,0.8671217182255274,0.017427908171328468,0.0009075194468452896,-39.012848,-49.636726,-28.394955
H-TN-09,House,TN,False,Safe D,49.66592839328977,0.11545037360314417,0.8671217182255274,0.017427908171328468,0.9988619994237972,48.597626,37.965385,59.35027
H-TX-01,House,TX,False,Safe R,-9.774392415818722,0.11545037360314417,0.8671217182255274,0.017427908171328468,0.16387208297320657,-10.772082,-24.720133,3.3074849
H-TX-02,House,TX,False,Safe R,-9.804374337659608,0.11545037360314417,0.8671217182255274,0.017427908171328468,0.16110630942091617,-10.899828,-24.817108,3.2368033
H-TX-03,House,TX,False,Safe R,-9.809675574337946,0.11545037360314417,0.8671217182255274,0.017427908171328468,0.16416018438490348,-10.8659115,-24.86207,3.3524065
H-TX-04,House,TX,False,Safe R,-9.780239372133996,0.11545037360314417,0.8671217182255274,0.017427908171328468,0.16411696917314894,-10.853787,-24.750069,3.416476
H-TX-05,House,TX,False,Safe R,-9.73458625673011,0.11545037360314417,0.8671217182255274,0.017427908171328468,0.16871218668971477,-10.726136,-24.906544,3.5871415
H-TX-06,House,TX,False,Safe R,-9.780159611173847,0.11545037360314417,0.8671217182255274,0.017427908171328468,0.16292134831460675,-10.9493065,-24.954044,3.2953038
H-TX-07,House,TX,False,Safe D,-1.7048863534021508,0.11545037360314417,0.8671217182255274,0.017427908171328468,0.3840103716508211,-2.685146,-17.050476,11.199303
H-TX-08,House,TX,False,Safe R,-9.798958691143472,0.11545037360314417,0.8671217182255274,0.017427908171328468,0.165514261019879,-10.778265,-24.733143,3.3170202
H-TX-09,House,TX,False,Safe D,-1.7356050294333767,0.11545037360314417,0.8671217182255274,0.017427908171328468,0.3791990780754826,-2.8185225,-17.089046,10.986515
H-TX-10,House,TX,False,Safe R,-9.829021304489617,0.11545037360314417,0.8671217182255274,0.017427908171328468,0.16475079227888217,-10.895657,-24.948055,3.327545
H-TX-11,House,TX,False,Safe R,-9.826494046133664,0.11545037360314417,0.8671217182255274,0.017427908171328468,0.16420339959665803,-10.848226,-24.93467,3.3455129
H-TX-12,House,TX,False,Safe R,-9.762457115152799,0.11545037360314417,0.8671217182255274,0.017427908171328468,0.16290694324402188,-10.899727,-24.902718,3.3254592
H-TX-13,House,TX,False,Safe R,-9.780039869977774,0.11545037360314417,0.8671217182255274,0.017427908171328468,0.16161048689138577,-10.902675,-24.920563,3.275011
H-TX-14,House,TX,False,Safe R,-9.786606332162176,0.11545037360314417,0.8671217182255274,0.017427908171328468,0.16525496974935178,-10.849782,-24.829308,3.3236406
H-TX-15,House,TX,True,Toss-up,-1.9197577066672098,0.7576079054256301,0.24239209457368874,6.811836386463726e-13,0.43889369057908384,-2.214396,-13.145905,6.8193035
H-TX-16,House,TX,False,Safe D,-1.6718734826377073,0.11545037360314417,0.8671217182255274,0.017427908171328468,0.38689138576779025,-2.6784306,-17.134474,11.48294
H-TX-17,House,TX,False,Safe R,-9.8397034395208,0.11545037360314417,0.8671217182255274,0.017427908171328468,0.16286372803226737,-10.904367,-24.995558,3.3301706
H-TX-18,House,TX,False,Safe D,-1.6488886130626037,0.11545037360314417,0.8671217182255274,0.017427908171328468,0.3857677902621723,-2.6816561,-17.064262,11.221447
H-TX-19,House,TX,False,Safe R,-9.74278957981341,0.11545037360314417,0.8671217182255274,0.017427908171328468,0.16596081820800923,-10.84526,-24.913849,3.4898465
H-TX-20,House,TX,False,Safe D,-1.6764951155116088,0.11545037360314417,0.8671217182255274,0.017427908171328468,0.3848026505329876,-2.7359676,-17.09484,11.299101
H-TX-21,House,TX,True,Safe R,-12.700705462621668,0.7576079054256301,0.24239209457368874,6.811836386463726e-13,0.052535292422932874,-13.020368,-22.680317,-3.1263213
H-TX-22,House,TX,False,Safe R,-9.803265037888025,0.11545037360314417,0.8671217182255274,0.017427908171328468,0.16568712186689716,-10.816024,-24.902016,3.4119973
H-TX-23,House,TX,True,Likely R,-8.00286713632452,0.7576079054256301,0.24239209457368874,6.811836386463726e-13,0.13872082973206568,-8.286832,-17.98808,1.6076306
H-TX-24,House,TX,False,Safe R,-9.824083721974896,0.11545037360314417,0.8671217182255274,0.017427908171328468,0.16297896859694613,-10.927032,-24.909563,3.2340846
H-TX-25,House,TX,False,Safe R,-9.732192666530205,0.11545037360314417,0.8671217182255274,0.017427908171328468,0.16537021031403054,-10.765348,-24.774826,3.3819242
H-TX-26,House,TX,True,Safe R,-19.084965561304703,0.7576079054256301,0.24239209457368874,6.811836386463726e-13,0.038461538461538464,-19.308172,-30.42979,-6.811708
H-TX-27,House,TX,True,Safe R,-18.57928997825049,0.7576079054256301,0.24239209457368874,6.811836386463726e-13,0.03802938634399308,-18.88191,-29.233316,-7.0437875
H-TX-28,House,TX,True,Lean D,9.364824584431094,0.7576079054256301,0.24239209457368874,6.811836386463726e-13,0.8209161624891962,9.060191,-6.006374,21.10168
H-TX-29,House,TX,False,Safe D,-1.6936319841301213,0.11545037360314417,0.8671217182255274,0.017427908171328468,0.3839527513684817,-2.7378561,-17.198715,11.327706
H-TX-30,House,TX,False,Safe D,-1.7467492861492189,0.11545037360314417,0.8671217182255274,0.017427908171328468,0.38218092768654566,-2.8538945,-17.18969,11.03252
H-TX-31,House,TX,False,Safe R,-9.724337032310633,0.11545037360314417,0.8671217182255274,0.017427908171328468,0.16254681647940075,-10.80955,-24.783468,3.3239639
H-TX-32,House,TX,False,Safe D,-1.6852559151862612,0.11545037360314417,0.8671217182255274,0.017427908171328468,0.3829443964275425,-2.739825,-17.094831,11.278347
H-TX-33,House,TX,False,Safe D,-1.7557909731499843,0.11545037360314417,0.8671217182255274,0.017427908171328468,0.37957360991068856,-2.875351,-17.313086,11.087912
H-TX-34,House,TX,False,Safe D,-1.7274375127927306,0.11545037360314417,0.8671217182255274,0.017427908171328468,0.3782627484874676,-2.826458,-17.097948,11.195082
H-TX-35,House,TX,False,Safe D,-1.6730581028570266,0.11545037360314417,0.8671217182255274,0.017427908171328468,0.3835638144626909,-2.7380445,-17.09179,11.292633
H-TX-36,House,TX,False,Safe R,-9.806686437246135,0.11545037360314417,0.8671217182255274,0.017427908171328468,0.16019878997407086,-10.921744,-25.023869,3.2361064
H-TX-37,House,TX,False,Safe D,-1.663870887922552,0.11545037360314417,0.8671217182255274,0.017427908171328468,0.3842264477095938,-2.679126,-16.975151,11.220805
H-TX-38,House,TX,False,Safe R,-9.788647004930308,0.11545037360314417,0.8671217182255274,0.017427908171328468,0.16264765197349468,-10.892726,-24.904806,3.2206514
H-UT-01,House,UT,False,Safe R,-22.135130897952333,0.11545037360314417,0.8671217182255274,0.017427908171328468,0.022342264477095936,-23.110512,-37.177135,-8.911767
H-UT-02,House,UT,False,Safe R,-22.143035364523595,0.11545037360314417,0.8671217182255274,0.017427908171328468,0.02104580812445981,-23.20679,-37.227036,-9.139473
H-UT-03,House,UT,True,Safe R,-21.02557379581757,0.7576079054256301,0.24239209457368874,6.811836386463726e-13,0.003644482857966004,-21.330488,-31.163916,-11.677069
H-UT-04,House,UT,False,Safe R,-22.161374011639207,0.11545037360314417,0.8671217182255274,0.017427908171328468,0.020786516853932586,-23.19512,-37.144466,-9.099035
H-VT-01,House,VT,False,Safe D,35.90544998942621,0.11545037360314417,0.8671217182255274,0.017427908171328468,0.9988908095649669,34.894363,24.231941,45.51988
H-VA-01,House,VA,False,Likely R,-10.881152513632973,0.11545037360314417,0.8671217182255274,0.017427908171328468,0.07336502448861999,-11.964767,-22.399971,-1.4858599
H-VA-02,House,VA,True,Lean R,-0.10202036783832412,0.7576079054256301,0.24239209457368874,6.811836386463726e-13,0.4992221261884183,-0.41330948,-8.546599,7.2607274
H-VA-03,House,VA,False,Safe D,39.26598833022369,0.11545037360314417,0.8671217182255274,0.017427908171328468,0.9985738980121003,38.276566,27.620275,48.944427
H-VA-04,House,VA,False,Safe D,37.20997006371379,0.11545037360314417,0.8671217182255274,0.017427908171328468,0.9985883030826851,36.129635,25.533625,46.802883
H-VA-05,House,VA,True,Likely R,-5.109647770041701,0.7576079054256301,0.24239209457368874,6.811836386463726e-13,0.23599827139152982,-5.4029803,-15.274468,3.5493126
H-VA-06,House,VA,False,Safe R,-24.46633815230838,0.11545037360314417,0.8671217182255274,0.017427908171328468,0.002045520023048113,-25.467726,-35.98211,-14.733015
H-VA-07,House,VA,True,Toss-up,8.379485787248392,0.7576079054256301,0.24239209457368874,6.811836386463726e-13,0.8935321233074042,8.055074,-0.24471274,16.481321
H-VA-08,House,VA,False,Safe D,55.11026746483319,0.11545037360314417,0.8671217182255274,0.017427908171328468,0.9986603284356094,54.061993,43.584717,64.819496
H-VA-09,House,VA,False,Safe R,-41.38883672310369,0.11545037360314417,0.8671217182255274,0.017427908171328468,0.0009219245174301354,-42.507755,-53.108086,-31.923355
H-VA-10,House,VA,True,Lean D,13.563580684124117,0.7576079054256301,0.24239209457368874,6.811836386463726e-13,0.9818208009219245,13.283906,5.162248,21.58776
H-VA-11,House,VA,False,Safe D,39.89787061356122,0.11545037360314417,0.8671217182255274,0.017427908171328468,0.9985883030826851,38.855465,28.222313,49.494823
H-WA-01,House,WA,False,Safe D,31.422326735609335,0.11545037360314417,0.8671217182255274,0.017427908171328468,0.9984154422356669,30.392578,19.831783,41.071247
H-WA-02,House,WA,True,Safe D,19.45889971414891,0.7576079054256301,0.24239209457368874,6.811836386463726e-13,0.9972630365888793,19.163774,10.119776,28.497932
H-WA-03,House,WA,True,Likely R,-8.239750465185885,0.7576079054256301,0.24239209457368874,6.811836386463726e-13,0.1277009507346586,-8.539192,-17.643442,1.361399
H-WA-04,House,WA,False,Safe R,-20.588429371037215,0.11545037360314417,0.8671217182255274,0.017427908171328468,0.00557476231633535,-21.648252,-32.19685,-10.856939
H-WA-05,House,WA,False,Safe R,-13.332841728414952,0.11545037360314417,0.8671217182255274,0.017427908171328468,0.0458225295303947,-14.355602,-24.97639,-3.3928583
H-WA-06,House,WA,False,Likely D,18.700903963195223,0.11545037360314417,0.8671217182255274,0.017427908171328468,0.9802362431575915,17.642382,6.959236,28.22511
H-WA-07,House,WA,False,Safe D,73.06280972387812,0.11545037360314417,0.8671217182255274,0.017427908171328468,0.9987755690002881,72.06546,61.623795,83.143585
H-WA-08,House,WA,True,Toss-up,11.357382175261392,0.7576079054256301,0.24239209457368874,6.811836386463726e-13,0.950749063670412,11.111344,2.772789,19.310356
H-WA-09,House,WA,False,Safe D,45.67017555667687,0.11545037360314417,0.8671217182255274,0.017427908171328468,0.9987035436473639,44.608852,33.92504,55.369595
H-WA-10,House,WA,False,Likely D,19.288814610412384,0.11545037360314417,0.8671217182255274,0.017427908171328468,0.9841400172860847,18.279863,7.7015047,28.808687
H-WV-01,House,WV,False,Safe R,-29.899610557070414,0.11545037360314417,0.8671217182255274,0.017427908171328468,0.0012388360702967444,-30.949297,-41.512596,-20.321053
H-WV-02,House,WV,False,Safe R,-29.361076693721866,0.11545037360314417,0.8671217182255274,0.017427908171328468,0.000965139729184673,-30.380077,-41.027027,-19.692072
H-WI-01,House,WI,True,Lean R,0.2583965595995935,0.7576079054256301,0.24239209457368874,6.811836386463726e-13,0.5229328723710747,0.02031008,-8.745135,8.360116
H-WI-02,House,WI,False,Safe D,43.91409954060183,0.11545037360314417,0.8671217182255274,0.017427908171328468,0.9986315182944396,42.874836,32.243587,53.63739
H-WI-03,House,WI,False,Likely R,-5.039127624544909,0.11545037360314417,0.8671217182255274,0.017427908171328468,0.22999135695764908,-6.0899925,-16.69492,4.475585
H-WI-04,House,WI,False,Safe D,54.554576013807036,0.11545037360314417,0.8671217182255274,0.017427908171328468,0.9986603284356094,53.531773,42.89914,64.31502
H-WI-05,House,WI,False,Safe R,-23.786492414049373,0.11545037360314417,0.8671217182255274,0.017427908171328468,0.0024200518582541053,-24.876795,-35.40101,-14.135269
H-WI-06,House,WI,False,Safe R,-16.27947544438954,0.11545037360314417,0.8671217182255274,0.017427908171328468,0.02006626332469029,-17.264479,-27.813454,-6.4539227
H-WI-07,House,WI,False,Safe R,-19.879922962590076,0.11545037360314417,0.8671217182255274,0.017427908171328468,0.006554307116104869,-20.962717,-31.470308,-10.2030115
H-WI-08,House,WI,True,Safe R,-10.877400543997833,0.7576079054256301,0.24239209457368874,6.811836386463726e-13,0.0639441083261308,-11.131879,-21.181372,-1.6317167
H-WY-01,House,WY,False,Safe R,-43.944380344556,0.11545037360314417,0.8671217182255274,0.017427908171328468,0.001166810717372515,-44.985123,-55.664837,-34.342846
S-AL,Senate,AL,False,Safe R,-19.509126993672638,0.11545037360314417,0.8671217182255274,0.017427908171328468,0.015341400172860847,-20.283077,-32.183895,-8.215517
S-AK,Senate,AK,True,Safe R,-10.731323436505033,0.7576079054256301,0.24239209457368874,6.811836386463726e-13,0.050403341976375686,-10.934447,-19.405539,-2.4880404
S-AR,Senate,AR,False,Safe R,-25.549788448055082,0.11545037360314417,0.8671217182255274,0.017427908171328468,0.0029530394698934026,-26.305702,-38.24709,-14.256824
S-CO,Senate,CO,True,Likely D,12.456238580380992,0.7576079054256301,0.24239209457368874,6.811836386463726e-13,0.9557476231633535,12.242351,2.9173353,21.746082
S-DE,Senate,DE,False,Safe D,22.333300579396866,0.11545037360314417,0.8671217182255274,0.017427908171328468,0.989066551426102,21.580383,9.455244,33.51439
S-GA,Senate,GA,True,Lean R,4.6510162550934995,0.7576079054256301,0.24239209457368874,6.811836386463726e-13,0.7761452031114953,4.4671063,-3.4082167,12.2298765
S-ID,Senate,ID,False,Safe R,-30.05110599991979,0.11545037360314417,0.8671217182255274,0.017427908171328468,0.001728608470181504,-30.87805,-42.847046,-18.876957
S-IL,Senate,IL,True,Safe D,17.521484387147776,0.7576079054256301,0.24239209457368874,6.811836386463726e-13,0.9886488043791415,17.307598,8.395386,26.229422
S-IA,Senate,IA,True,Likely R,-4.099222823209749,0.7576079054256301,0.24239209457368874,6.811836386463726e-13,0.22909824258138864,-4.3114114,-12.062332,3.5396116
S-KS,Senate,KS,True,Safe R,-9.936638319177703,0.7576079054256301,0.24239209457368874,6.811836386463726e-13,0.07319216364160185,-10.107544,-20.296612,-1.0420915
S-KY,Senate,KY,True,Safe R,-15.20600644022562,0.7576079054256301,0.24239209457368874,6.811836386463726e-13,0.01610486891385768,-15.435728,-25.14246,-5.9893723
S-LA,Senate,LA,False,Safe R,-16.225884210580986,0.11545037360314417,0.8671217182255274,0.017427908171328468,0.03676174013252665,-17.058056,-29.046238,-4.8716855
S-ME,Senate,ME,True,Toss-up,6.27898910975659,0.7576079054256301,0.24239209457368874,6.811836386463726e-13,0.8490060501296456,6.0589128,-1.6883265,13.669718
S-MA,Senate,MA,True,Safe D,34.745649860422,0.7576079054256301,0.24239209457368874,6.811836386463726e-13,1.0,34.53908,25.45377,43.89018
S-MI,Senate,MI,True,Toss-up,3.618797408465187,0.7576079054256301,0.24239209457368874,6.811836386463726e-13,0.717098818784212,3.4171088,-4.3190875,11.147999
S-MN,Senate,MN,True,Lean D,7.092583586182583,0.7576079054256301,0.24239209457368874,6.811836386463726e-13,0.8683808700662633,6.860255,-1.0561711,14.774395
S-MS,Senate,MS,True,Safe R,-12.035695712020232,0.7576079054256301,0.24239209457368874,6.811836386463726e-13,0.05,-12.261792,-22.22079,-2.6511073
S-MT,Senate,MT,False,Safe R,-15.82613999569168,0.11545037360314417,0.8671217182255274,0.017427908171328468,0.03879285508498992,-16.612614,-28.518822,-4.4491835
S-NE,Senate,NE,False,Safe R,-19.833704831859013,0.11545037360314417,0.8671217182255274,0.017427908171328468,0.014606741573033709,-20.62891,-32.65248,-8.517884
S-NH,Senate,NH,True,Toss-up,7.775572366718578,0.7576079054256301,0.24239209457368874,6.811836386463726e-13,0.8845001440507059,7.537614,-0.6483655,15.454872
S-NJ,Senate,NJ,True,Likely D,18.492565164348875,0.7576079054256301,0.24239209457368874,6.811836386463726e-13,0.9935177182368193,18.263203,9.446205,27.10571
S-NM,Senate,NM,True,Likely D,7.221539861471588,0.7576079054256301,0.24239209457368874,6.811836386463726e-13,0.8043503313166235,6.9786725,-2.830379,18.26919
S-NC,Senate,NC,True,Lean R,-0.5108896424142535,0.7576079054256301,0.24239209457368874,6.811836386463726e-13,0.44014693171996544,-0.6717602,-8.399242,7.1622787
S-OK,Senate,OK,False,Safe R,-30.143807890714772,0.11545037360314417,0.8671217182255274,0.017427908171328468,0.001714203399596658,-30.945387,-42.918224,-18.829882
S-OR,Senate,OR,False,Likely D,19.104211323584078,0.11545037360314417,0.8671217182255274,0.017427908171328468,0.9734226447709594,18.315832,6.3726773,30.173326
S-RI,Senate,RI,False,Safe D,30.568916554469084,0.11545037360314417,0.8671217182255274,0.017427908171328468,0.9983290118121578,29.787802,17.736158,41.71505
S-SC,Senate,SC,False,Safe R,-14.389811639742257,0.11545037360314417,0.8671217182255274,0.017427908171328468,0.05358686257562662,-15.151572,-26.985832,-3.083839
S-SD,Senate,SD,False,Safe R,-26.02219316507413,0.11545037360314417,0.8671217182255274,0.017427908171328468,0.0030826851051570154,-26.855053,-38.80271,-14.806539
S-TN,Senate,TN,True,Safe R,-22.476691429964955,0.7576079054256301,0.24239209457368874,6.811836386463726e-13,0.0013396715643906655,-22.730742,-32.161,-13.390902
S-TX,Senate,TX,True,Likely R,-14.515282287516046,0.7576079054256301,0.24239209457368874,6.811836386463726e-13,0.03581100547392682,-14.737976,-24.055374,-4.933729
S-VA,Senate,VA,True,Lean D,9.005740749253267,0.7576079054256301,0.24239209457368874,6.811836386463726e-13,0.9221405934889081,8.772317,0.8348544,17.056492
S-WV,Senate,WV,False,Safe R,-29.054269128354797,0.11545037360314417,0.8671217182255274,0.017427908171328468,0.001613367905502737,-29.854239,-41.841274,-17.776958
S-WY,Senate,WY,False,Safe R,-41.106142041306256,0.11545037360314417,0.8671217182255274,0.017427908171328468,0.0010515701526937482,-41.849358,-53.83428,-29.917965
S-OH-special,Senate,OH,False,Likely R,-8.706323294186452,0.11545037360314417,0.8671217182255274,0.017427908171328468,0.15057620282339385,-9.489277,-21.368586,2.2757356
S-FL-special,Senate,FL,True,Likely R,0.2155722414901763,0.7576079054256301,0.24239209457368874,6.811836386463726e-13,0.547003745318352,0.022426922,-8.894866,8.128495
G-AL,Governor,AL,False,Safe R,-15.608206171136505,0.11545037360314417,0.8671217182255274,0.017427908171328468,0.1372803226735811,-16.52046,-35.72583,2.8507583
G-AK,Governor,AK,True,Safe R,-4.601957184096167,0.7576079054256301,0.24239209457368874,6.811836386463726e-13,0.2443820224719101,-4.8650956,-14.301294,4.1187224
G-AZ,Governor,AZ,True,Lean R,-1.3242859587892373,0.7576079054256301,0.24239209457368874,6.811836386463726e-13,0.3723134543359262,-1.5802809,-11.300321,8.750825
G-AR,Governor,AR,False,Safe R,-22.943629059437992,0.11545037360314417,0.8671217182255274,0.017427908171328468,0.055733218092768655,-23.865019,-43.196968,-4.612985
G-CA,Governor,CA,False,Safe D,16.784010031956868,0.11545037360314417,0.8671217182255274,0.017427908171328468,0.8496830884471334,15.77939,-3.6905437,35.141193
G-CO,Governor,CO,True,Likely D,2.3827283480396457,0.7576079054256301,0.24239209457368874,6.811836386463726e-13,0.6024776721405934,2.117801,-7.2067003,11.723268
G-CT,Governor,CT,False,Likely D,14.774546193078638,0.11545037360314417,0.8671217182255274,0.017427908171328468,0.8252520887352348,13.907283,-5.1386185,33.11022
G-FL,Governor,FL,True,Likely R,-4.036925834035082,0.7576079054256301,0.24239209457368874,6.811836386463726e-13,0.2500720253529242,-4.30073,-13.367073,4.896922
G-GA,Governor,GA,True,Likely R,-1.7992851320458194,0.7576079054256301,0.24239209457368874,6.811836386463726e-13,0.40017286084701814,-2.0876546,-12.515238,8.149297
G-HI,Governor,HI,False,Safe D,26.5098931200136,0.11545037360314417,0.8671217182255274,0.017427908171328468,0.956813598386632,25.623508,6.505262,44.91708
G-ID,Governor,ID,False,Safe R,-25.97231462211581,0.11545037360314417,0.8671217182255274,0.017427908171328468,0.03679055027369634,-26.809763,-46.176758,-7.498026
G-IL,Governor,IL,True,Safe D,19.284636674485107,0.7576079054256301,0.24239209457368874,6.811836386463726e-13,0.9593056755978104,18.990103,8.075897,29.29348
G-IA,Governor,IA,True,Likely R,-4.976611038405274,0.7576079054256301,0.24239209457368874,6.811836386463726e-13,0.21041486603284357,-5.259169,-14.460434,3.878771
G-KS,Governor,KS,True,Safe R,-10.919782622435559,0.7576079054256301,0.24239209457368874,6.811836386463726e-13,0.09066551426101987,-11.186278,-21.759113,-0.5616731
G-ME,Governor,ME,True,Lean D,10.436420365277227,0.7576079054256301,0.24239209457368874,6.811836386463726e-13,0.8817199654278306,10.188479,-1.5444478,20.79021
G-MD,Governor,MD,False,Safe D,23.3032832236596,0.11545037360314417,0.8671217182255274,0.017427908171328468,0.9313886488043791,22.256887,3.060624,41.59286
G-MA,Governor,MA,False,Safe D,27.011991402782428,0.11545037360314417,0.8671217182255274,0.017427908171328468,0.958686257562662,26.117043,6.733115,45.525974
G-MI,Governor,MI,True,Toss-up,4.825796233522497,0.7576079054256301,0.24239209457368874,6.811836386463726e-13,0.769821377124748,4.577323,-5.6114793,14.148702
G-MN,Governor,MN,False,Lean D,2.874227267973099,0.11545037360314417,0.8671217182255274,0.017427908171328468,0.5467444540478248,1.8160903,-17.111593,20.826548
G-NE,Governor,NE,False,Safe R,-19.033672014718967,0.11545037360314417,0.8671217182255274,0.017427908171328468,0.09338807260155575,-19.921902,-39.11866,-0.6060668
G-NV,Governor,NV,True,Lean R,-2.663763776597171,0.7576079054256301,0.24239209457368874,6.811836386463726e-13,0.36578795736099107,-2.950767,-12.87382,6.277921
G-NH,Governor,NH,True,Toss-up,0.07688332389943242,0.7576079054256301,0.24239209457368874,6.811836386463726e-13,0.5486171132238548,-0.13173245,-9.934328,8.943062
G-NM,Governor,NM,False,Likely D,5.903758329746758,0.11545037360314417,0.8671217182255274,0.017427908171328468,0.6279746470757707,4.9360657,-14.070316,23.99386
G-NY,Governor,NY,False,Safe D,19.693683267239546,0.11545037360314417,0.8671217182255274,0.017427908171328468,0.8922932872371074,18.838339,-0.57425636,38.333313
G-OH,Governor,OH,False,Likely R,-5.3444555113152585,0.11545037360314417,0.8671217182255274,0.017427908171328468,0.33707865168539325,-6.2469354,-25.374992,12.710393
G-OK,Governor,OK,False,Safe R,-20.018743612388025,0.11545037360314417,0.8671217182255274,0.017427908171328468,0.08300201670988187,-21.008425,-40.41324,-1.5723242
G-OR,Governor,OR,False,Likely D,13.951915648454234,0.11545037360314417,0.8671217182255274,0.017427908171328468,0.8108182080092192,13.140616,-5.900066,32.30085
G-PA,Governor,PA,True,Toss-up,1.043918677200822,0.7576079054256301,0.24239209457368874,6.811836386463726e-13,0.5066263324690291,0.7371919,-10.952015,12.971279
G-RI,Governor,RI,False,Safe D,21.8797404476745,0.11545037360314417,0.8671217182255274,0.017427908171328468,0.9160328435609334,20.932661,1.5330594,40.29609
G-SC,Governor,SC,True,Safe R,-11.490210404494954,0.7576079054256301,0.24239209457368874,6.811836386463726e-13,0.07614520311149525,-11.784859,-21.534986,-1.7263255
G-SD,Governor,SD,False,Safe R,-23.17311311076016,0.11545037360314417,0.8671217182255274,0.017427908171328468,0.05450878709305675,-24.109388,-43.32833,-4.9057636
G-TN,Governor,TN,False,Safe R,-15.596214109023753,0.11545037360314417,0.8671217182255274,0.017427908171328468,0.13892250072025353,-16.491032,-36.095512,2.9388163
G-TX,Governor,TX,True,Likely R,-6.80029313953367,0.7576079054256301,0.24239209457368874,6.811836386463726e-13,0.1924949582252953,-7.1323,-18.219841,2.967328
G-VT,Governor,VT,False,Safe D,12.174463821851473,0.11545037360314417,0.8671217182255274,0.017427908171328468,0.7680207433016422,11.1506405,-8.275318,30.545626
G-WI,Governor,WI,True,Toss-up,-0.8209067983738685,0.7576079054256301,0.24239209457368874,6.811836386463726e-13,0.4398588303082685,-1.1039788,-10.504544,8.264097
G-WY,Governor,WY,False,Safe R,-27.45633976554229,0.11545037360314417,0.8671217182255274,0.017427908171328468,0.0311869778161913,-28.34361,-47.498127,-9.085016
